Date,Open,High,Low,Close,Adj Close,Volume,TIC
2007-01-02,244.6999969482422,247.9499969482422,242.0,244.10000610351562,237.24693298339844,158343,BRFL.NS
2007-01-03,245.0,245.5,240.14999389648438,242.25,235.4488525390625,165774,BRFL.NS
2007-01-04,243.75,245.9499969482422,238.0500030517578,239.60000610351562,232.8732452392578,240481,BRFL.NS
2007-01-05,240.0,240.9499969482422,226.0500030517578,229.5,223.0568084716797,467595,BRFL.NS
2007-01-08,228.0,236.89999389648438,223.1999969482422,235.0,228.4023895263672,281274,BRFL.NS
2007-01-09,235.25,237.0,224.10000610351562,225.35000610351562,219.02333068847656,207389,BRFL.NS
2007-01-10,225.60000610351562,232.0,216.1999969482422,219.75,213.58055114746094,282630,BRFL.NS
2007-01-11,221.10000610351562,224.6999969482422,218.0,223.64999389648438,217.3710479736328,200075,BRFL.NS
2007-01-12,225.0,230.39999389648438,217.5,218.5500030517578,212.41424560546875,347988,BRFL.NS
2007-01-15,219.75,220.0,215.5500030517578,216.64999389648438,210.5675811767578,270263,BRFL.NS
2007-01-16,217.5,226.0,213.39999389648438,219.85000610351562,213.677734375,797402,BRFL.NS
2007-01-17,221.0,221.4499969482422,211.25,212.89999389648438,206.9228515625,352171,BRFL.NS
2007-01-18,214.9499969482422,218.3000030517578,209.1999969482422,211.3000030517578,205.36778259277344,278052,BRFL.NS
2007-01-19,213.89999389648438,214.9499969482422,208.1999969482422,209.5,203.61831665039062,165149,BRFL.NS
2007-01-22,210.39999389648438,219.6999969482422,210.0,218.75,212.60862731933594,291795,BRFL.NS
2007-01-23,218.0,219.85000610351562,211.0500030517578,212.6999969482422,206.72848510742188,132353,BRFL.NS
2007-01-24,215.0,215.0,203.0,204.1999969482422,198.46710205078125,163316,BRFL.NS
2007-01-25,206.25,210.64999389648438,203.5,205.85000610351562,200.07078552246094,230859,BRFL.NS
2007-01-29,206.5,207.75,199.3000030517578,202.10000610351562,196.4260711669922,119559,BRFL.NS
2007-01-31,203.6999969482422,209.8000030517578,195.10000610351562,202.8000030517578,197.1063995361328,293249,BRFL.NS
2007-02-01,206.0500030517578,214.6999969482422,204.0,210.0500030517578,204.15286254882812,619307,BRFL.NS
2007-02-02,213.0,215.0,207.60000610351562,210.85000610351562,204.93040466308594,360364,BRFL.NS
2007-02-05,212.75,221.8000030517578,207.0,216.35000610351562,210.27598571777344,823166,BRFL.NS
2007-02-06,218.0,220.8000030517578,211.60000610351562,213.25,207.2630157470703,513508,BRFL.NS
2007-02-07,214.39999389648438,214.39999389648438,208.10000610351562,209.1999969482422,203.3267364501953,227533,BRFL.NS
2007-02-08,210.0,215.5,207.25,209.6999969482422,203.81268310546875,216603,BRFL.NS
2007-02-09,211.75,211.75,199.10000610351562,201.10000610351562,195.45413208007812,190573,BRFL.NS
2007-02-12,202.5,202.5,172.4499969482422,173.85000610351562,168.9691925048828,301672,BRFL.NS
2007-02-13,173.0,182.0,169.0,170.64999389648438,165.8590087890625,416574,BRFL.NS
2007-02-14,169.5,183.8000030517578,168.0,180.10000610351562,175.0437469482422,339292,BRFL.NS
2007-02-15,184.0,215.0,184.0,210.14999389648438,204.2500457763672,824333,BRFL.NS
2007-02-19,210.1999969482422,211.85000610351562,198.0,200.4499969482422,194.82240295410156,364048,BRFL.NS
2007-02-20,202.39999389648438,210.60000610351562,199.10000610351562,200.3000030517578,194.6765899658203,437591,BRFL.NS
2007-02-21,200.0,203.89999389648438,195.5,197.0500030517578,191.517822265625,198878,BRFL.NS
2007-02-22,197.9499969482422,207.5,197.0500030517578,202.14999389648438,196.4746551513672,339650,BRFL.NS
2007-02-23,203.0500030517578,204.89999389648438,188.35000610351562,192.89999389648438,187.48434448242188,270837,BRFL.NS
2007-02-26,192.9499969482422,194.3000030517578,176.64999389648438,187.4499969482422,182.18734741210938,241468,BRFL.NS
2007-02-27,192.0,195.8000030517578,187.6999969482422,191.5,186.1236572265625,185936,BRFL.NS
2007-02-28,180.10000610351562,195.8000030517578,165.10000610351562,189.89999389648438,184.56858825683594,218859,BRFL.NS
2007-03-01,188.89999389648438,193.6999969482422,186.0,188.5500030517578,183.25648498535156,108230,BRFL.NS
2007-03-02,188.5500030517578,195.3000030517578,176.10000610351562,180.8000030517578,175.7240447998047,230010,BRFL.NS
2007-03-05,177.0,177.89999389648438,167.0500030517578,171.64999389648438,166.8309326171875,153282,BRFL.NS
2007-03-06,176.5,181.0,164.14999389648438,169.9499969482422,165.1786651611328,111423,BRFL.NS
2007-03-07,173.0,174.5,148.0,159.60000610351562,155.1192626953125,339293,BRFL.NS
2007-03-08,161.4499969482422,166.0,156.0,164.10000610351562,159.49293518066406,175580,BRFL.NS
2007-03-09,168.60000610351562,168.60000610351562,159.10000610351562,162.4499969482422,157.8892364501953,99379,BRFL.NS
2007-03-12,165.39999389648438,167.39999389648438,158.0,164.9499969482422,160.3190460205078,115065,BRFL.NS
2007-03-13,164.6999969482422,173.39999389648438,162.0,171.85000610351562,167.02532958984375,126698,BRFL.NS
2007-03-14,169.8000030517578,169.8000030517578,160.0500030517578,163.4499969482422,158.8611602783203,97537,BRFL.NS
2007-03-15,166.89999389648438,170.85000610351562,166.14999389648438,167.1999969482422,162.50587463378906,128467,BRFL.NS
2007-03-16,169.0,169.0,159.3000030517578,160.75,156.23696899414062,72027,BRFL.NS
2007-03-19,164.10000610351562,165.6999969482422,156.5,158.64999389648438,154.19590759277344,133915,BRFL.NS
2007-03-20,161.0,164.89999389648438,159.25,160.1999969482422,155.702392578125,62590,BRFL.NS
2007-03-21,162.39999389648438,165.6999969482422,159.5,163.6999969482422,159.10415649414062,120098,BRFL.NS
2007-03-22,167.3000030517578,169.39999389648438,164.0,167.64999389648438,162.9432373046875,198592,BRFL.NS
2007-03-23,169.0,169.0,161.5,162.10000610351562,157.549072265625,277566,BRFL.NS
2007-03-26,163.0,168.0,162.6999969482422,165.39999389648438,160.75640869140625,242081,BRFL.NS
2007-03-28,166.39999389648438,166.39999389648438,153.8000030517578,156.85000610351562,152.44647216796875,303055,BRFL.NS
2007-03-29,154.0,158.5,151.5500030517578,152.35000610351562,148.0727996826172,141976,BRFL.NS
2007-03-30,154.0,160.85000610351562,154.0,158.9499969482422,154.48748779296875,249859,BRFL.NS
2007-04-02,155.64999389648438,160.89999389648438,153.1999969482422,156.75,152.3492431640625,93630,BRFL.NS
2007-04-03,159.0,165.0,158.0,162.35000610351562,157.79205322265625,165334,BRFL.NS
2007-04-04,164.8000030517578,165.6999969482422,162.5,164.1999969482422,159.59010314941406,79335,BRFL.NS
2007-04-05,166.0,168.0,161.5,166.6999969482422,162.01991271972656,65929,BRFL.NS
2007-04-09,167.0,176.5,161.25,175.60000610351562,170.67007446289062,115603,BRFL.NS
2007-04-10,176.9499969482422,184.0,172.0,181.5,176.40440368652344,188185,BRFL.NS
2007-04-11,184.0,188.39999389648438,179.14999389648438,182.35000610351562,177.23052978515625,311545,BRFL.NS
2007-04-12,183.0,194.5,180.0,188.25,182.96490478515625,256213,BRFL.NS
2007-04-13,190.0,193.89999389648438,185.39999389648438,190.0500030517578,184.71437072753906,94788,BRFL.NS
2007-04-16,192.0,192.8000030517578,185.0,186.14999389648438,180.92385864257812,91565,BRFL.NS
2007-04-17,186.39999389648438,190.35000610351562,179.0,183.9499969482422,178.78561401367188,132268,BRFL.NS
2007-04-18,185.8000030517578,195.0,185.1999969482422,193.89999389648438,188.45628356933594,202057,BRFL.NS
2007-04-19,191.0,194.0,185.0,193.39999389648438,187.97032165527344,103684,BRFL.NS
2007-04-20,193.0,205.0,193.0,200.60000610351562,194.96817016601562,276907,BRFL.NS
2007-04-23,203.0,204.0,196.10000610351562,197.3000030517578,191.76080322265625,143232,BRFL.NS
2007-04-24,194.0,203.0,194.0,196.5,190.9832763671875,166054,BRFL.NS
2007-04-25,193.0,199.64999389648438,192.5,194.14999389648438,188.6992645263672,65433,BRFL.NS
2007-04-26,198.0,198.6999969482422,185.1999969482422,186.5500030517578,181.31263732910156,104383,BRFL.NS
2007-04-27,187.5,187.8000030517578,182.0,182.35000610351562,177.23052978515625,82178,BRFL.NS
2007-04-30,183.9499969482422,190.9499969482422,178.5,188.4499969482422,183.15928649902344,193228,BRFL.NS
2007-05-03,190.0,191.89999389648438,183.5500030517578,184.9499969482422,179.75753784179688,66521,BRFL.NS
2007-05-04,188.39999389648438,196.5,186.0,193.60000610351562,188.16470336914062,105193,BRFL.NS
2007-05-07,195.0,198.5,184.64999389648438,186.25,181.0210418701172,82808,BRFL.NS
2007-05-08,187.0,189.39999389648438,182.5,183.35000610351562,178.2024688720703,39171,BRFL.NS
2007-05-09,180.0,190.0,179.10000610351562,186.0,180.77806091308594,60572,BRFL.NS
2007-05-10,191.5500030517578,194.0,177.6999969482422,179.0,173.97457885742188,280942,BRFL.NS
2007-05-11,177.8000030517578,183.5,175.60000610351562,177.1999969482422,172.22512817382812,140262,BRFL.NS
2007-05-14,182.0,187.4499969482422,179.0,180.64999389648438,175.57826232910156,400814,BRFL.NS
2007-05-15,181.0,187.1999969482422,180.8000030517578,182.64999389648438,177.52212524414062,254838,BRFL.NS
2007-05-16,183.0500030517578,203.6999969482422,182.5,195.6999969482422,190.20574951171875,2135841,BRFL.NS
2007-05-17,196.64999389648438,229.89999389648438,196.5,225.75,219.41209411621094,4213889,BRFL.NS
2007-05-18,229.0,235.5,222.0500030517578,229.10000610351562,222.6680450439453,1706623,BRFL.NS
2007-05-21,232.5,248.4499969482422,229.3000030517578,242.35000610351562,235.54605102539062,2027652,BRFL.NS
2007-05-22,246.0,266.5,245.0,261.75,254.40138244628906,2226146,BRFL.NS
2007-05-23,268.70001220703125,279.3999938964844,238.0500030517578,242.3000030517578,235.49745178222656,5836940,BRFL.NS
2007-05-24,241.89999389648438,250.8000030517578,231.0,245.64999389648438,238.75338745117188,3328364,BRFL.NS
2007-05-25,245.0,251.39999389648438,235.6999969482422,246.75,239.82252502441406,1816874,BRFL.NS
2007-05-28,249.0,254.5,246.10000610351562,248.1999969482422,241.23182678222656,1383136,BRFL.NS
2007-05-29,250.0,253.0,243.10000610351562,245.14999389648438,238.26744079589844,1340514,BRFL.NS
2007-05-30,240.10000610351562,246.89999389648438,226.10000610351562,229.4499969482422,223.0082244873047,2100987,BRFL.NS
2007-05-31,232.0,249.8000030517578,231.0500030517578,246.1999969482422,239.2879638671875,2327583,BRFL.NS
2007-06-01,247.0,249.0,230.0,231.35000610351562,224.85488891601562,1118093,BRFL.NS
2007-06-04,233.6999969482422,235.9499969482422,225.8000030517578,226.75,220.38401794433594,528672,BRFL.NS
2007-06-05,227.60000610351562,244.39999389648438,226.0,241.89999389648438,235.10865783691406,1289390,BRFL.NS
2007-06-06,243.10000610351562,244.35000610351562,228.25,230.8000030517578,224.3203125,862526,BRFL.NS
2007-06-07,231.6999969482422,237.8000030517578,225.6999969482422,230.85000610351562,224.36891174316406,740934,BRFL.NS
2007-06-08,226.0,235.8000030517578,225.0,230.4499969482422,223.9801483154297,545734,BRFL.NS
2007-06-11,232.5500030517578,235.25,228.0,229.3000030517578,222.8624267578125,397366,BRFL.NS
2007-06-12,230.35000610351562,231.14999389648438,212.75,219.4499969482422,213.28895568847656,513369,BRFL.NS
2007-06-13,221.0,224.89999389648438,209.1999969482422,212.14999389648438,206.1939239501953,1890532,BRFL.NS
2007-06-14,214.39999389648438,220.0,211.5,218.0500030517578,211.9282684326172,1199433,BRFL.NS
2007-06-15,219.0,232.89999389648438,218.14999389648438,224.89999389648438,218.5859375,1653256,BRFL.NS
2007-06-18,226.75,233.25,219.5500030517578,222.8000030517578,216.544921875,817266,BRFL.NS
2007-06-19,224.60000610351562,238.39999389648438,222.0,237.10000610351562,230.44345092773438,1143404,BRFL.NS
2007-06-20,240.0,246.0,237.75,240.5500030517578,233.79660034179688,1357627,BRFL.NS
2007-06-21,242.39999389648438,246.8000030517578,238.0,242.60000610351562,235.78903198242188,864875,BRFL.NS
2007-06-22,242.0,247.8000030517578,242.0,243.85000610351562,237.0039520263672,744261,BRFL.NS
2007-06-25,243.8000030517578,249.89999389648438,240.5,242.0500030517578,235.2544708251953,902373,BRFL.NS
2007-06-26,242.8000030517578,251.5,241.0,249.4499969482422,242.44671630859375,1678448,BRFL.NS
2007-06-27,250.5,270.0,236.5,238.39999389648438,231.70692443847656,924296,BRFL.NS
2007-06-28,240.0,248.89999389648438,239.0,245.14999389648438,238.26744079589844,1774353,BRFL.NS
2007-06-29,249.39999389648438,253.39999389648438,242.5500030517578,249.0,242.00936889648438,1096638,BRFL.NS
2007-07-02,251.39999389648438,258.79998779296875,249.0500030517578,255.39999389648438,248.2296600341797,1329002,BRFL.NS
2007-07-03,260.0,262.0,252.39999389648438,255.5500030517578,248.37545776367188,1394397,BRFL.NS
2007-07-04,259.0,259.8999938964844,246.25,248.1999969482422,241.23182678222656,1159621,BRFL.NS
2007-07-05,250.0,250.0,229.25,231.35000610351562,224.85488891601562,1119688,BRFL.NS
2007-07-06,232.0,240.39999389648438,226.35000610351562,233.8000030517578,227.236083984375,1375895,BRFL.NS
2007-07-09,235.0,236.14999389648438,231.1999969482422,233.5500030517578,226.99310302734375,437223,BRFL.NS
2007-07-10,232.5500030517578,234.0,227.1999969482422,228.8000030517578,222.37646484375,302808,BRFL.NS
2007-07-11,225.10000610351562,232.39999389648438,225.10000610351562,227.64999389648438,221.2587432861328,288546,BRFL.NS
2007-07-12,230.89999389648438,233.39999389648438,224.0,224.85000610351562,218.53736877441406,353214,BRFL.NS
2007-07-13,226.0,236.89999389648438,223.1999969482422,234.6999969482422,228.11083984375,1182332,BRFL.NS
2007-07-16,237.64999389648438,237.64999389648438,230.3000030517578,234.10000610351562,227.52767944335938,394416,BRFL.NS
2007-07-17,235.3000030517578,236.0,228.0,229.10000610351562,222.6680450439453,352767,BRFL.NS
2007-07-18,232.64999389648438,232.64999389648438,221.6999969482422,225.3000030517578,218.97471618652344,368284,BRFL.NS
2007-07-19,227.35000610351562,228.0,219.10000610351562,220.75,214.55245971679688,405548,BRFL.NS
2007-07-20,225.0,225.0,210.10000610351562,213.0,207.02003479003906,481161,BRFL.NS
2007-07-23,214.0,221.39999389648438,210.14999389648438,216.85000610351562,210.761962890625,435780,BRFL.NS
2007-07-24,218.60000610351562,218.8000030517578,211.5,215.3000030517578,209.25547790527344,362748,BRFL.NS
2007-07-25,210.0,223.60000610351562,210.0,222.0500030517578,215.8159637451172,721280,BRFL.NS
2007-07-26,224.60000610351562,228.89999389648438,215.60000610351562,218.89999389648438,212.75440979003906,1215106,BRFL.NS
2007-07-27,211.75,216.0,200.0,201.8000030517578,196.13449096679688,674168,BRFL.NS
2007-07-30,203.0,211.89999389648438,200.0,206.64999389648438,200.8483428955078,548945,BRFL.NS
2007-07-31,210.0,214.8000030517578,206.5,210.5,204.59024047851562,322206,BRFL.NS
2007-08-01,210.0,210.0,196.5500030517578,198.0,192.44117736816406,418481,BRFL.NS
2007-08-02,202.39999389648438,205.60000610351562,198.5,200.9499969482422,195.308349609375,593634,BRFL.NS
2007-08-03,204.0,209.0,202.9499969482422,206.0,200.216552734375,395354,BRFL.NS
2007-08-06,200.0,206.25,195.0,204.64999389648438,198.90447998046875,246359,BRFL.NS
2007-08-07,208.5,209.9499969482422,201.64999389648438,202.89999389648438,197.20358276367188,245285,BRFL.NS
2007-08-08,201.9499969482422,219.8000030517578,201.9499969482422,217.8000030517578,211.685302734375,722362,BRFL.NS
2007-08-09,222.0,226.89999389648438,205.0,207.60000610351562,201.7716522216797,918008,BRFL.NS
2007-08-10,204.6999969482422,219.0,196.0,214.6999969482422,208.67233276367188,683418,BRFL.NS
2007-08-13,217.14999389648438,220.60000610351562,211.5,217.35000610351562,211.2479248046875,323490,BRFL.NS
2007-08-14,215.10000610351562,218.89999389648438,211.0,212.8000030517578,206.82566833496094,171934,BRFL.NS
2007-08-16,204.5500030517578,207.5,200.0,205.3000030517578,200.71524047851562,352307,BRFL.NS
2007-08-17,201.0,212.8000030517578,199.5,208.4499969482422,203.7948760986328,382043,BRFL.NS
2007-08-20,211.10000610351562,219.0,211.10000610351562,215.85000610351562,211.02963256835938,301929,BRFL.NS
2007-08-21,219.0,225.8000030517578,203.25,205.39999389648438,200.81297302246094,788743,BRFL.NS
2007-08-22,208.39999389648438,213.25,201.0,210.6999969482422,205.99462890625,316728,BRFL.NS
2007-08-23,214.0,216.9499969482422,202.1999969482422,204.0500030517578,199.49314880371094,232645,BRFL.NS
2007-08-24,206.8000030517578,209.89999389648438,203.25,206.35000610351562,201.7417755126953,268821,BRFL.NS
2007-08-27,210.0,215.0500030517578,209.5,214.4499969482422,209.66090393066406,191009,BRFL.NS
2007-08-28,215.10000610351562,216.5,210.39999389648438,213.14999389648438,208.38992309570312,165732,BRFL.NS
2007-08-29,209.0,222.6999969482422,204.0,219.35000610351562,214.45147705078125,324139,BRFL.NS
2007-08-30,223.0,225.0,215.6999969482422,217.5,212.64280700683594,404821,BRFL.NS
2007-08-31,218.5500030517578,231.0,216.10000610351562,228.85000610351562,223.73931884765625,941445,BRFL.NS
2007-09-03,235.0,248.10000610351562,225.10000610351562,231.0,225.84129333496094,463870,BRFL.NS
2007-09-04,233.0,236.0,228.0500030517578,232.35000610351562,227.16116333007812,357789,BRFL.NS
2007-09-05,233.0,234.89999389648438,225.3000030517578,226.8000030517578,221.73507690429688,224281,BRFL.NS
2007-09-06,227.89999389648438,233.5,224.0,228.5500030517578,223.4459991455078,201411,BRFL.NS
2007-09-07,230.0,232.0,222.5,225.5,220.464111328125,248446,BRFL.NS
2007-09-10,230.0,242.0,223.1999969482422,238.8000030517578,233.46710205078125,510792,BRFL.NS
2007-09-11,242.0,247.0,238.10000610351562,240.75,235.37356567382812,491985,BRFL.NS
2007-09-12,243.0500030517578,247.39999389648438,240.0,245.25,239.7730712890625,560979,BRFL.NS
2007-09-13,246.0,251.60000610351562,245.25,248.89999389648438,243.341552734375,719547,BRFL.NS
2007-09-14,249.89999389648438,253.0,240.0500030517578,243.14999389648438,237.71995544433594,316888,BRFL.NS
2007-09-17,246.0,246.9499969482422,238.10000610351562,243.0,237.5733184814453,279389,BRFL.NS
2007-09-18,245.0,252.0,236.0,249.6999969482422,244.1237030029297,433960,BRFL.NS
2007-09-19,242.1999969482422,254.5,242.1999969482422,251.39999389648438,245.78573608398438,400669,BRFL.NS
2007-09-20,252.0,252.0,242.10000610351562,244.35000610351562,238.89317321777344,87340,BRFL.NS
2007-09-21,254.0,254.0,240.60000610351562,242.1999969482422,236.7911834716797,212010,BRFL.NS
2007-09-24,244.0,246.0,240.0500030517578,241.0,235.61798095703125,136822,BRFL.NS
2007-09-25,242.5,248.8000030517578,235.5,242.60000610351562,237.1822509765625,256594,BRFL.NS
2007-09-26,241.1999969482422,245.89999389648438,234.75,236.4499969482422,231.16958618164062,126784,BRFL.NS
2007-09-27,238.10000610351562,240.85000610351562,223.0500030517578,232.9499969482422,227.7477569580078,468419,BRFL.NS
2007-09-28,234.5,241.0500030517578,231.0,239.25,233.9070587158203,337719,BRFL.NS
2007-10-01,243.0,246.5,238.5500030517578,244.35000610351562,238.89317321777344,365001,BRFL.NS
2007-10-03,247.3000030517578,249.6999969482422,233.0,241.14999389648438,235.76463317871094,275502,BRFL.NS
2007-10-04,243.6999969482422,243.6999969482422,235.0,239.14999389648438,233.8092803955078,79384,BRFL.NS
2007-10-05,237.10000610351562,239.35000610351562,227.75,232.64999389648438,227.4544677734375,147509,BRFL.NS
2007-10-08,235.89999389648438,236.89999389648438,219.0500030517578,225.0,219.97528076171875,112156,BRFL.NS
2007-10-09,220.0,236.9499969482422,206.25,234.5,229.2631378173828,122565,BRFL.NS
2007-10-10,237.89999389648438,246.0,231.10000610351562,234.5500030517578,229.31202697753906,124152,BRFL.NS
2007-10-11,236.89999389648438,244.39999389648438,229.0500030517578,242.1999969482422,236.7911834716797,170280,BRFL.NS
2007-10-12,238.10000610351562,243.5,231.60000610351562,236.1999969482422,230.92518615722656,140956,BRFL.NS
2007-10-15,226.10000610351562,239.0,226.10000610351562,235.89999389648438,230.6318817138672,104406,BRFL.NS
2007-10-16,239.35000610351562,244.9499969482422,232.5,238.6999969482422,233.3693389892578,187383,BRFL.NS
2007-10-17,225.10000610351562,237.39999389648438,216.0,232.6999969482422,227.5033416748047,212973,BRFL.NS
2007-10-18,239.9499969482422,244.0,216.0500030517578,222.89999389648438,217.9221954345703,204753,BRFL.NS
2007-10-19,218.10000610351562,226.5,208.5,216.8000030517578,211.9584197998047,145687,BRFL.NS
2007-10-22,216.10000610351562,218.5,210.0,215.0500030517578,210.24749755859375,109395,BRFL.NS
2007-10-23,220.0,223.89999389648438,218.8000030517578,220.60000610351562,215.67355346679688,138985,BRFL.NS
2007-10-24,225.0,227.89999389648438,220.0,221.85000610351562,216.89564514160156,90785,BRFL.NS
2007-10-25,224.0,239.39999389648438,217.6999969482422,226.75,221.6862030029297,2814768,BRFL.NS
2007-10-26,228.0,231.89999389648438,218.3000030517578,229.5,224.37478637695312,629180,BRFL.NS
2007-10-29,232.0,233.5500030517578,225.10000610351562,228.1999969482422,223.1038360595703,330781,BRFL.NS
2007-10-30,230.89999389648438,233.0,221.5,228.10000610351562,223.0060577392578,312526,BRFL.NS
2007-10-31,228.0,288.79998779296875,228.0,285.0,278.6353454589844,3472785,BRFL.NS
2007-11-01,287.0,299.8999938964844,269.0,280.54998779296875,274.28472900390625,1714054,BRFL.NS
2007-11-02,265.0,290.3999938964844,265.0,274.04998779296875,267.9299011230469,788828,BRFL.NS
2007-11-05,272.0,278.6000061035156,265.04998779296875,267.8999938964844,261.917236328125,175705,BRFL.NS
2007-11-06,267.8999938964844,275.0,257.0,258.54998779296875,252.77606201171875,124753,BRFL.NS
2007-11-07,264.8999938964844,280.0,252.0,264.1000061035156,258.2021484375,136836,BRFL.NS
2007-11-08,256.0,265.45001220703125,240.3000030517578,260.70001220703125,254.8780517578125,101533,BRFL.NS
2007-11-12,272.0,297.0,269.95001220703125,283.5,277.1688537597656,403421,BRFL.NS
2007-11-13,286.79998779296875,331.5,281.1000061035156,322.3999938964844,315.2001647949219,1373050,BRFL.NS
2007-11-14,325.0,334.04998779296875,308.20001220703125,310.6499938964844,303.7125549316406,683230,BRFL.NS
2007-11-15,301.04998779296875,317.5,299.54998779296875,302.54998779296875,295.7934265136719,204406,BRFL.NS
2007-11-16,286.0,348.0,286.0,333.04998779296875,325.6123046875,890409,BRFL.NS
2007-11-19,335.0,340.0,321.04998779296875,329.95001220703125,322.5815734863281,343571,BRFL.NS
2007-11-20,329.8999938964844,336.8500061035156,315.0,322.54998779296875,315.3468017578125,622186,BRFL.NS
2007-11-21,298.20001220703125,330.0,298.20001220703125,306.5,299.65521240234375,237643,BRFL.NS
2007-11-22,306.0,321.0,288.0,315.5,308.4542236328125,190908,BRFL.NS
2007-11-23,320.75,325.0,295.04998779296875,304.04998779296875,297.2599182128906,357530,BRFL.NS
2007-11-26,306.0,319.0,303.0,314.70001220703125,307.6720886230469,199594,BRFL.NS
2007-11-27,314.0,318.0,303.04998779296875,305.75,298.9219665527344,219838,BRFL.NS
2007-11-28,295.0,314.3999938964844,295.0,308.1000061035156,301.2195129394531,331829,BRFL.NS
2007-11-29,308.5,314.5,300.0,305.1000061035156,298.2865295410156,231760,BRFL.NS
2007-11-30,312.0,322.0,311.0,319.3500061035156,312.2182922363281,359878,BRFL.NS
2007-12-03,324.79998779296875,329.79998779296875,316.0,320.79998779296875,313.6358642578125,272205,BRFL.NS
2007-12-04,300.0,325.0,300.0,319.29998779296875,312.1694030761719,158215,BRFL.NS
2007-12-05,320.0,337.0,316.5,333.6499938964844,326.19891357421875,417157,BRFL.NS
2007-12-06,325.04998779296875,339.95001220703125,325.0,327.6499938964844,320.3328857421875,195559,BRFL.NS
2007-12-07,303.04998779296875,350.0,303.04998779296875,343.95001220703125,336.2688903808594,528177,BRFL.NS
2007-12-10,325.5,364.5,325.5,352.75,344.87237548828125,501022,BRFL.NS
2007-12-11,345.1000061035156,367.0,345.1000061035156,350.5,342.6726379394531,267365,BRFL.NS
2007-12-12,315.0,358.0,315.0,354.79998779296875,346.8765563964844,75629,BRFL.NS
2007-12-13,345.1000061035156,359.75,342.20001220703125,344.8999938964844,337.1976623535156,90604,BRFL.NS
2007-12-14,335.1000061035156,365.0,335.1000061035156,353.45001220703125,345.5567626953125,301986,BRFL.NS
2007-12-17,350.0,357.70001220703125,328.0,342.6000061035156,334.9490661621094,133471,BRFL.NS
2007-12-18,325.20001220703125,349.79998779296875,325.20001220703125,345.0,337.29541015625,130029,BRFL.NS
2007-12-19,338.0,351.3999938964844,334.0,339.0,331.429443359375,117372,BRFL.NS
2007-12-20,326.25,349.3500061035156,326.25,346.1499938964844,338.4197692871094,84309,BRFL.NS
2007-12-24,344.0,355.6000061035156,344.0,350.3999938964844,342.5748596191406,225551,BRFL.NS
2007-12-26,359.79998779296875,359.79998779296875,335.70001220703125,344.45001220703125,336.75775146484375,113986,BRFL.NS
2007-12-27,350.0,358.0,334.0,337.3999938964844,329.86517333984375,279397,BRFL.NS
2007-12-28,330.0,351.79998779296875,330.0,346.8999938964844,339.1530456542969,124003,BRFL.NS
2007-12-31,332.25,369.0,332.25,359.20001220703125,351.1783142089844,280507,BRFL.NS
2008-01-01,340.25,368.0,340.25,358.54998779296875,350.5428161621094,95180,BRFL.NS
2008-01-02,352.04998779296875,379.0,351.1000061035156,373.1000061035156,364.7679138183594,317132,BRFL.NS
2008-01-03,345.25,380.8999938964844,345.25,368.6000061035156,360.368408203125,194133,BRFL.NS
2008-01-04,360.0,379.79998779296875,360.0,366.3999938964844,358.2174987792969,84926,BRFL.NS
2008-01-07,346.25,394.1000061035156,346.25,387.1499938964844,378.5041198730469,493349,BRFL.NS
2008-01-08,390.0,402.0,372.0,382.3500061035156,373.81134033203125,517134,BRFL.NS
2008-01-09,375.0,396.0,368.25,388.79998779296875,380.1173095703125,401079,BRFL.NS
2008-01-10,392.3999938964844,393.8999938964844,352.54998779296875,369.20001220703125,360.9550476074219,213155,BRFL.NS
2008-01-11,351.04998779296875,370.0,351.04998779296875,360.79998779296875,352.7425842285156,92061,BRFL.NS
2008-01-14,341.20001220703125,370.70001220703125,341.20001220703125,361.0,352.9381103515625,88402,BRFL.NS
2008-01-15,355.0,369.70001220703125,348.04998779296875,351.54998779296875,343.69915771484375,69413,BRFL.NS
2008-01-16,340.1000061035156,362.25,338.04998779296875,353.20001220703125,345.3123474121094,169449,BRFL.NS
2008-01-17,359.79998779296875,363.8999938964844,342.5,351.70001220703125,343.8458557128906,84349,BRFL.NS
2008-01-18,340.0,352.8999938964844,321.0,330.0,322.63043212890625,102226,BRFL.NS
2008-01-21,325.1000061035156,330.1000061035156,279.0,282.79998779296875,276.4845275878906,267129,BRFL.NS
2008-01-22,305.0,315.0,185.10000610351562,300.25,293.5447998046875,288785,BRFL.NS
2008-01-23,285.0,320.0,273.0,311.04998779296875,304.1036071777344,179271,BRFL.NS
2008-01-24,301.04998779296875,323.8999938964844,275.0,291.70001220703125,285.1857604980469,165720,BRFL.NS
2008-01-25,300.0,301.0,285.0,294.8500061035156,288.2654113769531,133152,BRFL.NS
2008-01-28,288.0,297.79998779296875,281.04998779296875,293.1000061035156,286.5544738769531,91839,BRFL.NS
2008-01-29,309.79998779296875,310.0,280.0,285.54998779296875,279.173095703125,115866,BRFL.NS
2008-01-30,296.79998779296875,296.79998779296875,282.3999938964844,284.75,278.39093017578125,186513,BRFL.NS
2008-01-31,287.0,308.75,270.1000061035156,280.20001220703125,273.9425964355469,429072,BRFL.NS
2008-02-01,282.0,290.0,280.0,286.3999938964844,280.0041198730469,55179,BRFL.NS
2008-02-04,292.0,305.0,292.0,297.95001220703125,291.2961730957031,65339,BRFL.NS
2008-02-05,295.0,305.0,288.0,303.95001220703125,297.1622009277344,53927,BRFL.NS
2008-02-06,251.1999969482422,304.0,251.1999969482422,300.3500061035156,293.642578125,87386,BRFL.NS
2008-02-07,261.0,315.79998779296875,261.0,309.95001220703125,303.0281982421875,137801,BRFL.NS
2008-02-08,310.04998779296875,339.95001220703125,290.0,296.3500061035156,289.7319030761719,65327,BRFL.NS
2008-02-11,287.0,294.0,277.1000061035156,282.3500061035156,276.0445861816406,32774,BRFL.NS
2008-02-12,289.45001220703125,293.0,273.20001220703125,274.3500061035156,268.2232360839844,64066,BRFL.NS
2008-02-13,285.0,310.0,264.0,267.04998779296875,261.0862121582031,40739,BRFL.NS
2008-02-14,280.0,309.29998779296875,270.0,305.8999938964844,299.0686340332031,110373,BRFL.NS
2008-02-15,301.0,341.8999938964844,297.0,333.95001220703125,326.49224853515625,148192,BRFL.NS
2008-02-18,333.0,352.0,333.0,342.79998779296875,335.1445617675781,135507,BRFL.NS
2008-02-19,342.0,350.0,329.0,330.95001220703125,323.5592346191406,43424,BRFL.NS
2008-02-20,325.0,334.6000061035156,313.1000061035156,325.1000061035156,317.83984375,59446,BRFL.NS
2008-02-21,337.70001220703125,350.0,322.0,341.1000061035156,333.4825439453125,50078,BRFL.NS
2008-02-22,340.0,345.6000061035156,328.1000061035156,338.5,330.94061279296875,76343,BRFL.NS
2008-02-25,338.75,342.0,329.0,337.54998779296875,330.0118103027344,180328,BRFL.NS
2008-02-26,340.8999938964844,340.8999938964844,332.04998779296875,333.54998779296875,326.1011657714844,47463,BRFL.NS
2008-02-27,334.8999938964844,337.0,320.0,322.3999938964844,315.2001647949219,62366,BRFL.NS
2008-02-28,321.8500061035156,332.0,305.20001220703125,314.1000061035156,307.0855407714844,860432,BRFL.NS
2008-02-29,315.5,318.70001220703125,306.1000061035156,308.79998779296875,301.90386962890625,100865,BRFL.NS
2008-03-03,301.6499938964844,307.95001220703125,281.0,283.04998779296875,276.7289123535156,99802,BRFL.NS
2008-03-04,255.0500030517578,290.0,255.0500030517578,269.3999938964844,263.3837585449219,103381,BRFL.NS
2008-03-05,265.0,278.75,265.0,275.70001220703125,269.5431213378906,55712,BRFL.NS
2008-03-07,271.6499938964844,287.3999938964844,256.95001220703125,276.79998779296875,270.6184997558594,261356,BRFL.NS
2008-03-10,263.0,276.95001220703125,256.79998779296875,271.1499938964844,265.09466552734375,110264,BRFL.NS
2008-03-11,271.8999938964844,279.8999938964844,265.5,276.3500061035156,270.17852783203125,172976,BRFL.NS
2008-03-12,276.0,288.0,257.0,265.8999938964844,259.9619140625,81215,BRFL.NS
2008-03-13,241.0,264.79998779296875,231.0,236.5500030517578,231.26734924316406,76355,BRFL.NS
2008-03-14,232.10000610351562,261.54998779296875,226.0,249.3000030517578,243.7326202392578,583203,BRFL.NS
2008-03-17,250.0,251.0,225.0,230.5500030517578,225.4013671875,76236,BRFL.NS
2008-03-18,232.6999969482422,249.0,221.14999389648438,237.6999969482422,232.3916778564453,290544,BRFL.NS
2008-03-19,249.9499969482422,250.0500030517578,233.0,239.85000610351562,234.49366760253906,74194,BRFL.NS
2008-03-24,240.0,243.0,212.5500030517578,225.35000610351562,220.31747436523438,139193,BRFL.NS
2008-03-25,225.0,259.0,225.0,254.5500030517578,248.8654022216797,274777,BRFL.NS
2008-03-26,252.0,284.0,242.5,277.6499938964844,271.4494934082031,407042,BRFL.NS
2008-03-27,271.1499938964844,291.0,266.75,278.8999938964844,272.6716003417969,648549,BRFL.NS
2008-03-28,280.0,294.54998779296875,268.5,289.6499938964844,283.1815185546875,182635,BRFL.NS
2008-03-31,285.0,299.5,275.1499938964844,290.8500061035156,284.354736328125,216379,BRFL.NS
2008-04-01,290.1000061035156,299.8999938964844,286.0,292.54998779296875,286.0167541503906,204887,BRFL.NS
2008-04-02,304.0,313.1000061035156,292.0,301.6000061035156,294.86468505859375,139478,BRFL.NS
2008-04-03,299.0,307.0,295.1499938964844,298.45001220703125,291.7850341796875,36780,BRFL.NS
2008-04-04,296.0,303.0,292.0,295.75,289.1452941894531,68717,BRFL.NS
2008-04-07,295.0,314.75,289.0,307.8999938964844,301.02398681640625,67535,BRFL.NS
2008-04-08,305.0,314.5,300.0,310.3500061035156,303.4192810058594,69857,BRFL.NS
2008-04-09,286.1000061035156,319.95001220703125,286.1000061035156,313.29998779296875,306.3033447265625,42486,BRFL.NS
2008-04-10,291.0,318.0,291.0,311.95001220703125,304.9835510253906,30703,BRFL.NS
2008-04-11,296.1000061035156,316.8500061035156,296.1000061035156,307.5,300.63287353515625,33004,BRFL.NS
2008-04-15,303.04998779296875,325.0,303.0,317.25,310.1651611328125,98100,BRFL.NS
2008-04-16,315.0,339.0,315.0,329.70001220703125,322.3371276855469,334501,BRFL.NS
2008-04-17,336.0,337.8999938964844,324.0,329.25,321.89715576171875,110152,BRFL.NS
2008-04-21,332.0,362.0,330.0,356.1000061035156,348.1475524902344,513256,BRFL.NS
2008-04-22,354.0,367.0,342.1000061035156,361.5,353.4269714355469,556044,BRFL.NS
2008-04-23,362.0,394.75,362.0,389.3500061035156,380.655029296875,961544,BRFL.NS
2008-04-24,394.75,394.75,374.1000061035156,383.20001220703125,374.6423645019531,716421,BRFL.NS
2008-04-25,390.0,390.0,365.54998779296875,370.5,362.2259826660156,318612,BRFL.NS
2008-04-28,375.0,384.04998779296875,365.1000061035156,380.0,371.51385498046875,264876,BRFL.NS
2008-04-29,382.5,394.8999938964844,375.1000061035156,389.8999938964844,381.1927185058594,460645,BRFL.NS
2008-04-30,391.0,398.0,375.1000061035156,379.20001220703125,370.7317199707031,119354,BRFL.NS
2008-05-02,389.8999938964844,392.0,380.0,388.29998779296875,379.6284484863281,168253,BRFL.NS
2008-05-05,380.1000061035156,401.70001220703125,380.1000061035156,387.3500061035156,378.69970703125,361997,BRFL.NS
2008-05-06,381.0,393.8999938964844,381.0,388.79998779296875,380.1173095703125,466792,BRFL.NS
2008-05-07,391.0,394.20001220703125,384.0,386.5,377.8686828613281,131544,BRFL.NS
2008-05-08,380.25,394.79998779296875,377.1000061035156,389.6499938964844,380.9483337402344,137638,BRFL.NS
2008-05-09,390.0,400.0,373.29998779296875,378.45001220703125,369.9984436035156,320777,BRFL.NS
2008-05-12,371.0,384.3999938964844,360.0,377.79998779296875,369.3629455566406,144245,BRFL.NS
2008-05-13,380.0,384.8500061035156,365.5,368.54998779296875,360.31951904296875,109774,BRFL.NS
2008-05-14,365.1000061035156,385.0,365.1000061035156,383.04998779296875,374.4957275390625,147349,BRFL.NS
2008-05-15,370.1000061035156,388.5,370.1000061035156,383.8500061035156,375.2778625488281,143037,BRFL.NS
2008-05-16,394.8999938964844,395.0,381.0,390.8500061035156,382.12152099609375,98096,BRFL.NS
2008-05-20,390.1000061035156,418.79998779296875,387.1000061035156,410.79998779296875,401.6259460449219,633379,BRFL.NS
2008-05-21,419.8999938964844,419.8999938964844,403.0,415.3999938964844,406.123291015625,392196,BRFL.NS
2008-05-22,411.8999938964844,412.0,387.1499938964844,390.25,381.534912109375,367122,BRFL.NS
2008-05-23,394.0,396.8999938964844,381.25,390.6000061035156,381.87713623046875,343502,BRFL.NS
2008-05-26,372.5,387.0,360.1499938964844,363.1000061035156,354.9912414550781,161559,BRFL.NS
2008-05-27,367.8999938964844,369.70001220703125,346.1000061035156,356.25,348.2942199707031,175963,BRFL.NS
2008-05-28,369.0,369.0,355.0,364.8500061035156,356.7021484375,245942,BRFL.NS
2008-05-29,369.0,373.8999938964844,340.1499938964844,346.75,339.00634765625,694652,BRFL.NS
2008-05-30,357.0,367.8999938964844,347.0,363.6499938964844,355.5289306640625,198835,BRFL.NS
2008-06-02,369.8999938964844,369.8999938964844,339.0,342.75,335.0956726074219,194720,BRFL.NS
2008-06-03,335.0,358.0,325.04998779296875,354.04998779296875,346.1433410644531,353988,BRFL.NS
2008-06-04,355.0,355.75,331.0,341.1000061035156,333.4825439453125,133669,BRFL.NS
2008-06-05,338.04998779296875,344.0,321.0,335.8500061035156,328.34979248046875,182341,BRFL.NS
2008-06-06,346.5,349.70001220703125,339.5,346.3999938964844,338.6641540527344,111680,BRFL.NS
2008-06-09,320.1000061035156,386.04998779296875,311.20001220703125,334.95001220703125,327.46990966796875,52433,BRFL.NS
2008-06-10,328.0,343.0,328.0,337.29998779296875,329.76739501953125,41998,BRFL.NS
2008-06-11,331.04998779296875,346.75,330.0,335.1000061035156,327.61651611328125,91364,BRFL.NS
2008-06-12,333.5,343.0,321.0,340.25,332.65155029296875,34023,BRFL.NS
2008-06-13,342.8999938964844,348.45001220703125,334.0,344.29998779296875,336.611083984375,131595,BRFL.NS
2008-06-16,346.20001220703125,359.0,346.1000061035156,353.6499938964844,345.75225830078125,91089,BRFL.NS
2008-06-17,358.0,378.0,355.0,370.1499938964844,361.8838195800781,221426,BRFL.NS
2008-06-18,373.0,378.0,364.04998779296875,365.70001220703125,357.533203125,51736,BRFL.NS
2008-06-19,362.0,368.5,355.04998779296875,359.1000061035156,351.08056640625,38286,BRFL.NS
2008-06-20,361.0,362.79998779296875,334.0,344.1000061035156,336.41552734375,47464,BRFL.NS
2008-06-23,342.0,344.95001220703125,329.0,331.3999938964844,323.9991455078125,71218,BRFL.NS
2008-06-24,332.5,337.0,317.54998779296875,323.04998779296875,315.8356018066406,103053,BRFL.NS
2008-06-25,316.0,334.0,313.1499938964844,327.79998779296875,320.4795227050781,118153,BRFL.NS
2008-06-26,330.0,334.6499938964844,305.0,307.45001220703125,300.58404541015625,394047,BRFL.NS
2008-06-27,310.54998779296875,310.54998779296875,294.79998779296875,307.0,300.1440734863281,202989,BRFL.NS
2008-06-30,302.5,309.79998779296875,274.0,283.95001220703125,277.60882568359375,343539,BRFL.NS
2008-07-01,289.8999938964844,300.0,250.25,264.70001220703125,258.7886962890625,646769,BRFL.NS
2008-07-02,269.8999938964844,309.95001220703125,231.0,302.04998779296875,295.3045959472656,573791,BRFL.NS
2008-07-03,294.5,299.0,264.0,283.5,277.1688537597656,164147,BRFL.NS
2008-07-04,282.1000061035156,304.0,272.1000061035156,295.1000061035156,288.5097961425781,137623,BRFL.NS
2008-07-07,305.79998779296875,305.79998779296875,280.29998779296875,292.3999938964844,285.87005615234375,148029,BRFL.NS
2008-07-08,285.04998779296875,296.0,279.0,288.04998779296875,281.6172180175781,80787,BRFL.NS
2008-07-09,292.0,307.0,292.0,303.6499938964844,296.868896484375,99301,BRFL.NS
2008-07-10,300.04998779296875,309.70001220703125,294.0,303.20001220703125,296.4289245605469,265193,BRFL.NS
2008-07-11,305.0,306.0,289.0,294.45001220703125,287.87432861328125,135707,BRFL.NS
2008-07-14,290.8999938964844,292.5,280.1000061035156,288.6499938964844,282.203857421875,124098,BRFL.NS
2008-07-15,289.8999938964844,289.8999938964844,277.0,282.70001220703125,276.38671875,89361,BRFL.NS
2008-07-16,262.20001220703125,292.0,262.20001220703125,276.25,270.0807800292969,116898,BRFL.NS
2008-07-17,281.0,300.0,281.0,298.20001220703125,291.54058837890625,223992,BRFL.NS
2008-07-18,307.8999938964844,307.8999938964844,290.0,299.8500061035156,293.15374755859375,116306,BRFL.NS
2008-07-21,301.04998779296875,305.95001220703125,292.04998779296875,302.75,295.9889831542969,51345,BRFL.NS
2008-07-22,302.0,307.8500061035156,299.04998779296875,302.54998779296875,295.7934265136719,130924,BRFL.NS
2008-07-23,309.0,318.0,307.0,309.3999938964844,302.49041748046875,114278,BRFL.NS
2008-07-24,311.20001220703125,338.95001220703125,310.0,331.29998779296875,323.9013671875,235519,BRFL.NS
2008-07-25,329.8999938964844,337.8999938964844,316.25,334.5,327.0299377441406,112470,BRFL.NS
2008-07-28,330.0,347.8999938964844,330.0,343.20001220703125,335.5356140136719,197893,BRFL.NS
2008-07-29,340.0,344.1000061035156,331.0,341.3999938964844,333.77581787109375,300927,BRFL.NS
2008-07-30,340.0,346.8999938964844,332.20001220703125,339.1499938964844,331.5760803222656,118099,BRFL.NS
2008-07-31,339.8999938964844,339.8999938964844,312.70001220703125,318.1499938964844,311.0450439453125,365470,BRFL.NS
2008-08-01,318.0,338.6499938964844,311.20001220703125,332.95001220703125,325.5145568847656,416624,BRFL.NS
2008-08-04,319.0,340.8999938964844,319.0,334.6000061035156,327.12774658203125,154265,BRFL.NS
2008-08-05,328.25,343.0,328.25,339.3999938964844,331.8204650878906,79441,BRFL.NS
2008-08-06,342.95001220703125,346.3999938964844,332.04998779296875,335.0,327.5187683105469,56936,BRFL.NS
2008-08-07,336.0,342.45001220703125,332.0,339.04998779296875,331.4783020019531,121145,BRFL.NS
2008-08-08,293.29998779296875,344.20001220703125,293.29998779296875,342.1000061035156,334.460205078125,80149,BRFL.NS
2008-08-11,340.04998779296875,368.8999938964844,340.04998779296875,366.45001220703125,358.2664489746094,374811,BRFL.NS
2008-08-12,370.0,371.0,357.5,368.54998779296875,360.31951904296875,252166,BRFL.NS
2008-08-13,370.0,387.0,362.25,379.79998779296875,371.31829833984375,369387,BRFL.NS
2008-08-14,380.3999938964844,380.3999938964844,352.1499938964844,362.04998779296875,353.96466064453125,304696,BRFL.NS
2008-08-18,359.0,363.79998779296875,340.29998779296875,343.75,336.0733642578125,389681,BRFL.NS
2008-08-19,342.0,350.8999938964844,336.0,347.20001220703125,339.44635009765625,319602,BRFL.NS
2008-08-20,352.0,354.5,346.0,348.04998779296875,340.2773132324219,99183,BRFL.NS
2008-08-21,348.8999938964844,349.79998779296875,335.0,342.75,335.0956726074219,53689,BRFL.NS
2008-08-22,346.0,351.20001220703125,337.0,349.75,341.9393615722656,170367,BRFL.NS
2008-08-25,350.0,355.79998779296875,343.1000061035156,345.45001220703125,337.73541259765625,66922,BRFL.NS
2008-08-26,343.1000061035156,355.1000061035156,336.20001220703125,352.3999938964844,344.53021240234375,172382,BRFL.NS
2008-08-27,350.0,357.54998779296875,346.04998779296875,348.70001220703125,340.912841796875,52841,BRFL.NS
2008-08-28,340.20001220703125,360.0,336.20001220703125,352.8999938964844,345.01898193359375,405174,BRFL.NS
2008-08-29,357.8999938964844,377.0,355.3500061035156,374.0,365.6478271484375,259165,BRFL.NS
2008-09-01,373.8500061035156,381.8999938964844,360.0,379.8500061035156,371.3672180175781,202159,BRFL.NS
2008-09-02,368.0,389.8999938964844,368.0,385.79998779296875,377.1842956542969,96679,BRFL.NS
2008-09-04,383.0,385.70001220703125,375.5,382.8500061035156,374.3001708984375,116420,BRFL.NS
2008-09-05,380.0,380.0,370.1499938964844,378.0,369.5585021972656,78343,BRFL.NS
2008-09-08,380.0,391.8999938964844,375.0,378.45001220703125,369.9984436035156,141872,BRFL.NS
2008-09-09,386.45001220703125,386.45001220703125,373.5,382.1499938964844,373.6158142089844,47631,BRFL.NS
2008-09-10,375.1000061035156,384.5,372.1499938964844,380.45001220703125,371.95379638671875,87450,BRFL.NS
2008-09-11,375.5,379.5,371.20001220703125,375.3500061035156,366.96771240234375,33049,BRFL.NS
2008-09-12,370.20001220703125,378.8999938964844,355.1499938964844,358.5,350.4939880371094,256424,BRFL.NS
2008-09-15,345.0,350.29998779296875,321.04998779296875,337.0,329.4740905761719,197447,BRFL.NS
2008-09-16,325.0,334.70001220703125,314.0,329.20001220703125,321.84832763671875,193961,BRFL.NS
2008-09-17,333.0,333.0,320.1000061035156,330.1499938964844,322.7770690917969,127751,BRFL.NS
2008-09-18,315.0,335.1499938964844,301.04998779296875,329.70001220703125,323.8083190917969,201968,BRFL.NS
2008-09-19,340.0,359.6499938964844,332.0,349.8999938964844,343.6473388671875,453797,BRFL.NS
2008-09-22,354.79998779296875,355.95001220703125,328.20001220703125,339.1499938964844,333.08941650390625,41577,BRFL.NS
2008-09-23,331.54998779296875,339.8999938964844,325.0,334.75,328.76806640625,226815,BRFL.NS
2008-09-24,336.0,355.70001220703125,336.0,351.6000061035156,345.31695556640625,327572,BRFL.NS
2008-09-25,352.0,356.8500061035156,345.0,352.0,345.7098083496094,154997,BRFL.NS
2008-09-26,357.45001220703125,357.45001220703125,327.0,330.6499938964844,324.7413330078125,237438,BRFL.NS
2008-09-29,333.0,333.0,299.0,308.1000061035156,302.5942687988281,370543,BRFL.NS
2008-09-30,290.0,309.79998779296875,285.0,300.8500061035156,295.4738464355469,187313,BRFL.NS
2008-10-01,305.5,305.5,283.6000061035156,292.54998779296875,287.3221435546875,147691,BRFL.NS
2008-10-03,290.8999938964844,302.1000061035156,282.5,290.79998779296875,285.6034240722656,112380,BRFL.NS
2008-10-06,279.0,285.0,271.25,275.3500061035156,270.4295349121094,105629,BRFL.NS
2008-10-07,275.0,289.8500061035156,240.35000610351562,246.60000610351562,242.19329833984375,310717,BRFL.NS
2008-10-08,230.0,255.0,193.0,248.1999969482422,243.76470947265625,816016,BRFL.NS
2008-10-10,209.1999969482422,243.8000030517578,204.60000610351562,237.8000030517578,233.55055236816406,247630,BRFL.NS
2008-10-13,210.0,258.0,157.1999969482422,239.4499969482422,235.17105102539062,2578426,BRFL.NS
2008-10-14,254.1999969482422,259.95001220703125,208.25,210.35000610351562,206.59107971191406,793813,BRFL.NS
2008-10-15,205.0,214.0,188.60000610351562,203.0,199.37240600585938,893481,BRFL.NS
2008-10-16,181.0,210.0,163.64999389648438,202.5,198.88134765625,514828,BRFL.NS
2008-10-17,209.0,209.0,176.14999389648438,187.5500030517578,184.19851684570312,223458,BRFL.NS
2008-10-20,194.0,194.0,161.6999969482422,186.0,182.6761932373047,776280,BRFL.NS
2008-10-21,185.0,193.0,174.1999969482422,180.6999969482422,177.47091674804688,418546,BRFL.NS
2008-10-22,178.0,187.6999969482422,173.10000610351562,182.64999389648438,179.38604736328125,429718,BRFL.NS
2008-10-23,171.10000610351562,190.8000030517578,171.10000610351562,182.5500030517578,179.28785705566406,138137,BRFL.NS
2008-10-24,178.85000610351562,184.0,160.0,164.5,161.5604248046875,192404,BRFL.NS
2008-10-27,157.10000610351562,164.8000030517578,115.80000305175781,151.14999389648438,148.44895935058594,334361,BRFL.NS
2008-10-29,165.0,172.0,144.1999969482422,148.0,145.35525512695312,575778,BRFL.NS
2008-10-31,152.89999389648438,159.9499969482422,145.10000610351562,155.14999389648438,152.37747192382812,159580,BRFL.NS
2008-11-03,155.1999969482422,169.89999389648438,155.1999969482422,161.10000610351562,158.22117614746094,101578,BRFL.NS
2008-11-04,164.0,185.5,155.5,181.6999969482422,178.4530487060547,153482,BRFL.NS
2008-11-05,184.0,188.89999389648438,173.0500030517578,179.6999969482422,176.48878479003906,120042,BRFL.NS
2008-11-06,170.0,208.5500030517578,166.14999389648438,182.0,178.7476806640625,145383,BRFL.NS
2008-11-07,181.0,186.75,173.10000610351562,177.89999389648438,174.720947265625,81301,BRFL.NS
2008-11-10,182.8000030517578,202.60000610351562,180.0,197.60000610351562,194.0689239501953,228496,BRFL.NS
2008-11-11,190.0,198.0,184.14999389648438,194.0500030517578,190.5823516845703,129820,BRFL.NS
2008-11-12,190.0,199.5,185.6999969482422,189.60000610351562,186.21188354492188,95904,BRFL.NS
2008-11-14,194.0,194.0,175.14999389648438,178.5500030517578,175.35934448242188,173127,BRFL.NS
2008-11-17,179.0,180.10000610351562,166.0,169.5500030517578,166.52015686035156,45344,BRFL.NS
2008-11-18,164.4499969482422,168.9499969482422,153.0,157.89999389648438,155.07833862304688,82846,BRFL.NS
2008-11-19,160.1999969482422,162.60000610351562,146.10000610351562,147.10000610351562,144.47134399414062,389807,BRFL.NS
2008-11-20,141.5,146.0,137.0500030517578,143.0,140.44461059570312,49666,BRFL.NS
2008-11-21,143.0,159.0,143.0,152.10000610351562,149.3820037841797,57486,BRFL.NS
2008-11-24,155.14999389648438,155.14999389648438,134.0,140.85000610351562,138.33303833007812,244026,BRFL.NS
2008-11-25,143.0,146.5,118.05000305175781,128.1999969482422,125.90908813476562,344119,BRFL.NS
2008-11-26,130.0,134.0,119.5999984741211,125.8499984741211,123.60107421875,347914,BRFL.NS
2008-11-27,125.8499984741211,125.8499984741211,125.8499984741211,125.8499984741211,123.60107421875,0,BRFL.NS
2008-11-28,124.9000015258789,134.3000030517578,109.0999984741211,131.8000030517578,129.44476318359375,888626,BRFL.NS
2008-12-01,134.0,134.0,111.0999984741211,115.05000305175781,112.99407196044922,357787,BRFL.NS
2008-12-02,110.0999984741211,112.69999694824219,101.55000305175781,108.05000305175781,106.1191635131836,793271,BRFL.NS
2008-12-03,110.0,113.0,96.19999694824219,103.94999694824219,102.0924301147461,803930,BRFL.NS
2008-12-04,106.5,124.9000015258789,97.0999984741211,122.9000015258789,120.70379638671875,1150107,BRFL.NS
2008-12-05,121.0,129.8000030517578,107.25,110.0999984741211,108.13253021240234,652224,BRFL.NS
2008-12-08,116.9000015258789,118.4000015258789,106.0,107.3499984741211,105.43167114257812,410615,BRFL.NS
2008-12-10,108.0,119.94999694824219,104.25,118.0,115.891357421875,468571,BRFL.NS
2008-12-11,118.0,123.9000015258789,114.0,120.0,117.85562133789062,379680,BRFL.NS
2008-12-12,115.0,135.39999389648438,112.6500015258789,132.3000030517578,129.93582153320312,724150,BRFL.NS
2008-12-15,139.89999389648438,144.0,133.25,137.64999389648438,135.19021606445312,769784,BRFL.NS
2008-12-16,137.4499969482422,140.85000610351562,133.3000030517578,135.39999389648438,132.9804229736328,302883,BRFL.NS
2008-12-17,138.39999389648438,138.39999389648438,115.30000305175781,119.6500015258789,117.51187133789062,203949,BRFL.NS
2008-12-18,119.8499984741211,127.0,112.6500015258789,125.3499984741211,123.1100082397461,414564,BRFL.NS
2008-12-19,125.0,134.1999969482422,122.0,128.64999389648438,126.35103607177734,310996,BRFL.NS
2008-12-22,131.0,133.5,125.30000305175781,126.94999694824219,124.6814193725586,137192,BRFL.NS
2008-12-23,125.5,127.0,116.5999984741211,121.4000015258789,119.23059844970703,182437,BRFL.NS
2008-12-24,120.0,129.1999969482422,118.0,125.3499984741211,123.1100082397461,200470,BRFL.NS
2008-12-26,127.0,129.0,118.69999694824219,120.19999694824219,118.05204772949219,114792,BRFL.NS
2008-12-29,119.05000305175781,124.5,116.5999984741211,121.1500015258789,118.98506164550781,84081,BRFL.NS
2008-12-30,122.0,129.5,120.94999694824219,126.1500015258789,123.89572143554688,156441,BRFL.NS
2008-12-31,126.25,132.39999389648438,123.19999694824219,124.9000015258789,122.66805267333984,166999,BRFL.NS
2009-01-02,128.3000030517578,136.4499969482422,127.05000305175781,132.5500030517578,130.18136596679688,383908,BRFL.NS
2009-01-05,134.8000030517578,136.5,130.25,132.0500030517578,129.69029235839844,141422,BRFL.NS
2009-01-06,133.4499969482422,143.39999389648438,132.4499969482422,140.0500030517578,137.54733276367188,512876,BRFL.NS
2009-01-07,142.89999389648438,144.8000030517578,124.05000305175781,129.5500030517578,127.23495483398438,283040,BRFL.NS
2009-01-09,122.1500015258789,129.85000610351562,116.0,126.0999984741211,123.84661102294922,115046,BRFL.NS
2009-01-12,124.75,124.75,116.0999984741211,117.55000305175781,115.44940185546875,31740,BRFL.NS
2009-01-13,116.0,122.0,82.0999984741211,99.94999694824219,98.16390991210938,2173006,BRFL.NS
2009-01-14,100.5999984741211,107.0,96.5,102.30000305175781,100.47191619873047,810759,BRFL.NS
2009-01-15,90.0,101.0,90.0,98.0999984741211,96.34696197509766,187920,BRFL.NS
2009-01-16,99.0,103.0,98.0999984741211,101.30000305175781,99.48978424072266,130361,BRFL.NS
2009-01-19,102.0999984741211,106.0,98.0999984741211,100.19999694824219,98.40943908691406,208089,BRFL.NS
2009-01-20,99.05000305175781,104.0,96.0,100.0999984741211,98.31122589111328,322586,BRFL.NS
2009-01-21,97.0,103.9000015258789,92.0999984741211,95.25,93.54789733886719,223036,BRFL.NS
2009-01-22,96.0,100.0,90.0999984741211,90.80000305175781,89.17742156982422,402176,BRFL.NS
2009-01-23,91.0,98.80000305175781,88.05000305175781,94.6500015258789,92.9586181640625,318621,BRFL.NS
2009-01-27,94.0999984741211,98.80000305175781,93.0,95.6500015258789,93.94074249267578,144870,BRFL.NS
2009-01-28,95.0,98.5,92.5999984741211,96.8499984741211,95.11930084228516,220649,BRFL.NS
2009-01-29,98.0999984741211,101.94999694824219,93.30000305175781,99.4000015258789,97.62373352050781,677151,BRFL.NS
2009-01-30,95.0999984741211,106.5,95.0999984741211,105.3499984741211,103.4674072265625,293963,BRFL.NS
2009-02-02,105.5,109.5,97.0999984741211,99.94999694824219,98.16390991210938,296350,BRFL.NS
2009-02-03,100.0,105.94999694824219,99.0999984741211,102.94999694824219,101.11029052734375,175411,BRFL.NS
2009-02-04,101.9000015258789,104.80000305175781,100.0999984741211,101.3499984741211,99.53888702392578,71096,BRFL.NS
2009-02-05,82.0999984741211,104.0,82.0999984741211,103.0,101.15940856933594,100217,BRFL.NS
2009-02-06,100.19999694824219,106.5,100.19999694824219,103.6500015258789,101.79778289794922,247441,BRFL.NS
2009-02-09,97.19999694824219,108.0,97.19999694824219,106.80000305175781,104.8915023803711,186370,BRFL.NS
2009-02-10,103.4000015258789,107.8499984741211,102.5,105.94999694824219,104.05668640136719,55430,BRFL.NS
2009-02-11,95.05000305175781,111.19999694824219,95.05000305175781,108.9000015258789,106.95397186279297,130829,BRFL.NS
2009-02-12,109.9000015258789,114.75,106.1500015258789,107.5,105.57898712158203,276396,BRFL.NS
2009-02-13,100.1500015258789,112.55000305175781,100.1500015258789,110.19999694824219,108.23074340820312,119464,BRFL.NS
2009-02-16,100.5,115.0,100.5,104.05000305175781,102.19064331054688,181929,BRFL.NS
2009-02-17,95.05000305175781,105.0,93.5,94.30000305175781,92.61487579345703,415852,BRFL.NS
2009-02-18,89.05000305175781,97.0,87.5999984741211,93.6500015258789,91.97648620605469,432833,BRFL.NS
2009-02-19,90.05000305175781,95.5,84.0,85.5,83.97212219238281,572813,BRFL.NS
2009-02-20,80.25,95.9000015258789,80.25,93.19999694824219,91.5345230102539,954872,BRFL.NS
2009-02-24,85.0999984741211,92.4000015258789,85.0999984741211,89.8499984741211,88.24439239501953,628443,BRFL.NS
2009-02-25,86.44999694824219,92.9000015258789,86.44999694824219,89.0999984741211,87.5077896118164,583219,BRFL.NS
2009-02-26,86.0999984741211,92.0,86.0999984741211,90.25,88.63725280761719,462409,BRFL.NS
2009-02-27,90.0,91.0,86.0999984741211,87.6500015258789,86.08370208740234,370396,BRFL.NS
2009-03-02,87.6500015258789,87.9000015258789,85.0,86.6500015258789,85.10157775878906,192877,BRFL.NS
2009-03-03,80.5,87.19999694824219,80.5,84.75,83.23552703857422,115608,BRFL.NS
2009-03-04,80.05000305175781,86.9000015258789,80.05000305175781,83.30000305175781,81.81143951416016,546030,BRFL.NS
2009-03-05,80.1500015258789,87.05000305175781,80.1500015258789,85.5,83.97212219238281,216750,BRFL.NS
2009-03-06,83.1500015258789,106.9000015258789,83.1500015258789,102.69999694824219,100.86476135253906,3420728,BRFL.NS
2009-03-09,101.5,113.9000015258789,101.5,111.0999984741211,109.11466217041016,3723824,BRFL.NS
2009-03-12,112.0,122.44999694824219,112.0,119.94999694824219,117.80651092529297,3144805,BRFL.NS
2009-03-13,124.19999694824219,126.5,119.80000305175781,123.8499984741211,121.6368179321289,1725600,BRFL.NS
2009-03-16,124.0,138.0,120.6500015258789,136.0500030517578,133.61880493164062,2072320,BRFL.NS
2009-03-17,136.0,136.89999389648438,128.0,130.85000610351562,128.51173400878906,1434520,BRFL.NS
2009-03-18,133.5,138.3000030517578,131.0500030517578,133.35000610351562,130.96705627441406,1002370,BRFL.NS
2009-03-19,130.5,135.75,130.5,133.85000610351562,131.45811462402344,376562,BRFL.NS
2009-03-20,131.0,137.9499969482422,131.0,136.5,134.06076049804688,543010,BRFL.NS
2009-03-23,135.5,146.0,134.25,144.64999389648438,142.06512451171875,1559322,BRFL.NS
2009-03-24,150.0,156.75,136.75,138.85000610351562,136.3687744140625,2956533,BRFL.NS
2009-03-25,139.0,147.60000610351562,137.0,146.4499969482422,143.83294677734375,1337753,BRFL.NS
2009-03-26,147.64999389648438,153.14999389648438,142.0500030517578,146.1999969482422,143.58741760253906,2184172,BRFL.NS
2009-03-27,145.0,148.0,141.0,144.8000030517578,142.2124481201172,426265,BRFL.NS
2009-03-30,142.0,147.89999389648438,138.10000610351562,144.3000030517578,141.72137451171875,523923,BRFL.NS
2009-03-31,138.0,149.5,138.0,148.4499969482422,145.79721069335938,390146,BRFL.NS
2009-04-01,142.10000610351562,152.4499969482422,142.10000610351562,150.6999969482422,148.0070037841797,336522,BRFL.NS
2009-04-02,144.89999389648438,155.6999969482422,144.89999389648438,153.85000610351562,151.10073852539062,434257,BRFL.NS
2009-04-06,153.5,158.0,152.25,154.39999389648438,151.64088439941406,302531,BRFL.NS
2009-04-08,151.0500030517578,160.0,151.0500030517578,157.85000610351562,155.0292510986328,537882,BRFL.NS
2009-04-09,157.0,160.4499969482422,154.60000610351562,155.5500030517578,152.77035522460938,289318,BRFL.NS
2009-04-13,155.10000610351562,158.85000610351562,155.10000610351562,156.35000610351562,153.55606079101562,98765,BRFL.NS
2009-04-15,152.0,164.5,152.0,162.1999969482422,159.30149841308594,359681,BRFL.NS
2009-04-16,163.25,167.89999389648438,158.5,160.0,157.1408233642578,370507,BRFL.NS
2009-04-17,162.0,166.8000030517578,160.0,160.6999969482422,157.82830810546875,308737,BRFL.NS
2009-04-20,158.0,163.85000610351562,158.0,161.75,158.8595428466797,120624,BRFL.NS
2009-04-21,158.0,162.25,158.0,161.1999969482422,158.3193817138672,59791,BRFL.NS
2009-04-22,163.0,163.64999389648438,158.14999389648438,159.64999389648438,156.79708862304688,54596,BRFL.NS
2009-04-23,159.0,163.0,154.5,161.85000610351562,158.95777893066406,343345,BRFL.NS
2009-04-24,161.0,164.0,159.5,161.85000610351562,158.95777893066406,144527,BRFL.NS
2009-04-27,157.0,163.0,157.0,159.14999389648438,156.3059844970703,236257,BRFL.NS
2009-04-28,159.0,172.39999389648438,158.3000030517578,166.60000610351562,163.6228790283203,1134581,BRFL.NS
2009-04-29,170.0,175.0,167.1999969482422,170.75,167.69871520996094,622748,BRFL.NS
2009-04-30,170.10000610351562,170.10000610351562,170.10000610351562,170.10000610351562,167.0603485107422,0,BRFL.NS
2009-05-04,174.89999389648438,174.89999389648438,170.1999969482422,170.89999389648438,167.8460235595703,243661,BRFL.NS
2009-05-05,170.8000030517578,176.10000610351562,169.1999969482422,171.9499969482422,168.8772735595703,239070,BRFL.NS
2009-05-06,171.0,174.5,169.14999389648438,170.5,167.45318603515625,129707,BRFL.NS
2009-05-07,169.0,175.25,169.0,173.0500030517578,169.95762634277344,89675,BRFL.NS
2009-05-08,172.10000610351562,174.8000030517578,170.5500030517578,171.1999969482422,168.1406707763672,36186,BRFL.NS
2009-05-11,169.6999969482422,173.8000030517578,169.6999969482422,171.3000030517578,168.2388916015625,29574,BRFL.NS
2009-05-12,170.25,175.14999389648438,170.1999969482422,172.85000610351562,169.76119995117188,229071,BRFL.NS
2009-05-13,174.8000030517578,174.8000030517578,171.60000610351562,172.1999969482422,169.122802734375,46852,BRFL.NS
2009-05-14,170.0,173.5,170.0,172.4499969482422,169.3683319091797,19629,BRFL.NS
2009-05-15,173.5,174.8000030517578,172.0500030517578,172.75,169.66299438476562,60497,BRFL.NS
2009-05-18,185.89999389648438,185.89999389648438,185.89999389648438,185.89999389648438,182.57798767089844,145,BRFL.NS
2009-05-19,184.8000030517578,184.8000030517578,171.0,179.14999389648438,175.9486083984375,267137,BRFL.NS
2009-05-20,175.0,187.0,175.0,182.25,178.99322509765625,709006,BRFL.NS
2009-05-21,185.0,198.1999969482422,184.0500030517578,190.6999969482422,187.29222106933594,1767451,BRFL.NS
2009-05-22,193.5,213.5,192.0,207.85000610351562,204.13575744628906,1281629,BRFL.NS
2009-05-25,210.0,217.85000610351562,200.5,203.0,199.37240600585938,661338,BRFL.NS
2009-05-26,205.0,208.89999389648438,193.0,199.14999389648438,195.59120178222656,397832,BRFL.NS
2009-05-27,202.0,232.8000030517578,200.0500030517578,226.8000030517578,222.7471160888672,1683111,BRFL.NS
2009-05-28,238.3000030517578,238.3000030517578,213.9499969482422,218.9499969482422,215.03738403320312,848808,BRFL.NS
2009-05-29,223.0,233.0,220.0,226.1999969482422,222.1578369140625,428966,BRFL.NS
2009-06-01,229.3000030517578,233.39999389648438,222.14999389648438,224.3000030517578,220.2917938232422,122073,BRFL.NS
2009-06-02,228.0,228.0,210.5,221.14999389648438,217.1980743408203,179432,BRFL.NS
2009-06-03,223.8000030517578,226.0,214.3000030517578,222.89999389648438,218.9167938232422,296919,BRFL.NS
2009-06-04,222.25,224.89999389648438,215.0,217.10000610351562,213.22047424316406,542884,BRFL.NS
2009-06-05,221.9499969482422,245.6999969482422,217.60000610351562,230.8000030517578,226.67562866210938,1827133,BRFL.NS
2009-06-08,240.0,248.85000610351562,225.0,227.39999389648438,223.3363800048828,655249,BRFL.NS
2009-06-09,228.0,237.0,225.10000610351562,232.39999389648438,228.24705505371094,280497,BRFL.NS
2009-06-10,235.0,242.89999389648438,230.85000610351562,235.8000030517578,231.58628845214844,452352,BRFL.NS
2009-06-11,241.85000610351562,241.85000610351562,228.5,230.39999389648438,226.28277587890625,431554,BRFL.NS
2009-06-12,233.0,238.39999389648438,216.3000030517578,218.9499969482422,215.03738403320312,966033,BRFL.NS
2009-06-15,220.0,225.9499969482422,206.35000610351562,209.1999969482422,205.4616241455078,170293,BRFL.NS
2009-06-16,205.89999389648438,216.5,203.0500030517578,212.6999969482422,208.89907836914062,211608,BRFL.NS
2009-06-17,216.5,219.5,192.14999389648438,197.4499969482422,193.9215850830078,181379,BRFL.NS
2009-06-18,205.0,205.0,181.60000610351562,191.0,187.58685302734375,209828,BRFL.NS
2009-06-19,194.89999389648438,198.6999969482422,179.10000610351562,191.9499969482422,188.51988220214844,537508,BRFL.NS
2009-06-22,195.0,201.0,185.0,186.75,183.4127960205078,315770,BRFL.NS
2009-06-23,185.0,198.25,180.0500030517578,195.6999969482422,192.20286560058594,335722,BRFL.NS
2009-06-24,195.10000610351562,200.35000610351562,191.3000030517578,193.10000610351562,189.6493377685547,576057,BRFL.NS
2009-06-25,194.85000610351562,196.5,182.0,186.0500030517578,182.72531127929688,845689,BRFL.NS
2009-06-26,189.89999389648438,203.89999389648438,188.5500030517578,200.89999389648438,197.30995178222656,839663,BRFL.NS
2009-06-29,203.0,203.0,188.5,193.64999389648438,190.1894989013672,1180417,BRFL.NS
2009-06-30,196.3000030517578,196.3000030517578,182.0500030517578,184.25,180.95748901367188,605463,BRFL.NS
2009-07-01,186.60000610351562,188.14999389648438,180.1999969482422,183.4499969482422,180.17178344726562,553065,BRFL.NS
2009-07-02,186.89999389648438,191.8000030517578,181.25,183.85000610351562,180.56463623046875,315580,BRFL.NS
2009-07-03,181.10000610351562,187.39999389648438,178.0500030517578,184.14999389648438,180.85926818847656,592141,BRFL.NS
2009-07-06,190.14999389648438,190.14999389648438,170.14999389648438,173.39999389648438,170.30136108398438,394348,BRFL.NS
2009-07-07,175.0,176.0,163.39999389648438,171.9499969482422,168.8772735595703,289389,BRFL.NS
2009-07-08,167.0500030517578,168.85000610351562,157.5,158.6999969482422,155.86404418945312,460664,BRFL.NS
2009-07-09,158.10000610351562,159.60000610351562,152.5,156.75,153.94891357421875,338031,BRFL.NS
2009-07-10,155.5500030517578,164.35000610351562,148.25,151.6999969482422,148.98915100097656,336205,BRFL.NS
2009-07-13,145.1999969482422,153.8000030517578,140.75,147.5500030517578,144.91331481933594,529118,BRFL.NS
2009-07-14,150.0,159.8000030517578,148.5500030517578,157.8000030517578,154.98013305664062,543518,BRFL.NS
2009-07-15,160.0,167.8000030517578,158.10000610351562,166.25,163.2791290283203,506192,BRFL.NS
2009-07-16,168.89999389648438,170.5,161.0,168.25,165.24339294433594,450260,BRFL.NS
2009-07-17,169.89999389648438,183.89999389648438,169.89999389648438,179.75,176.5378875732422,1288851,BRFL.NS
2009-07-20,180.0,185.8000030517578,176.6999969482422,179.4499969482422,176.24325561523438,354987,BRFL.NS
2009-07-21,181.0,181.0,175.3000030517578,176.60000610351562,173.44418334960938,156983,BRFL.NS
2009-07-22,172.0,184.0,172.0,179.10000610351562,175.89950561523438,264627,BRFL.NS
2009-07-23,183.9499969482422,183.9499969482422,177.60000610351562,180.5,177.27450561523438,189603,BRFL.NS
2009-07-24,181.0,185.0,177.25,183.0,179.7298126220703,380354,BRFL.NS
2009-07-27,185.0,187.89999389648438,180.0,184.4499969482422,181.15390014648438,319349,BRFL.NS
2009-07-28,185.9499969482422,187.3000030517578,177.0,179.8000030517578,176.58702087402344,372502,BRFL.NS
2009-07-29,179.5,182.6999969482422,170.0500030517578,175.5500030517578,172.41294860839844,216368,BRFL.NS
2009-07-30,177.0,181.8000030517578,174.0,175.8000030517578,172.65847778320312,860630,BRFL.NS
2009-07-31,178.5,179.39999389648438,173.0500030517578,174.39999389648438,171.28347778320312,353414,BRFL.NS
2009-08-03,176.0,177.5,172.10000610351562,175.3000030517578,172.1674041748047,254036,BRFL.NS
2009-08-04,176.9499969482422,181.8000030517578,175.1999969482422,178.8000030517578,175.60487365722656,537660,BRFL.NS
2009-08-05,180.0,194.39999389648438,180.0,190.85000610351562,187.4395294189453,1852347,BRFL.NS
2009-08-06,190.85000610351562,200.0,185.5,188.5,185.1315460205078,1243327,BRFL.NS
2009-08-07,188.0,192.6999969482422,176.10000610351562,178.5,175.3102264404297,475658,BRFL.NS
2009-08-10,180.8000030517578,185.6999969482422,172.1999969482422,174.5,171.3817138671875,320139,BRFL.NS
2009-08-11,174.9499969482422,187.0,172.10000610351562,184.4499969482422,181.15390014648438,707768,BRFL.NS
2009-08-12,182.0,184.4499969482422,171.6999969482422,182.0,178.7476806640625,455257,BRFL.NS
2009-08-13,183.0500030517578,188.0,181.0,184.3000030517578,181.006591796875,461918,BRFL.NS
2009-08-14,185.0,187.14999389648438,181.35000610351562,183.35000610351562,180.0735626220703,255514,BRFL.NS
2009-08-17,178.0,183.60000610351562,175.10000610351562,181.64999389648438,178.4039306640625,338560,BRFL.NS
2009-08-18,180.0,194.39999389648438,178.35000610351562,191.0,187.58685302734375,1145016,BRFL.NS
2009-08-19,193.0,194.6999969482422,183.0,185.89999389648438,182.57798767089844,958817,BRFL.NS
2009-08-20,187.0,188.89999389648438,181.0,181.60000610351562,178.35484313964844,533626,BRFL.NS
2009-08-21,178.1999969482422,189.8000030517578,175.8000030517578,186.60000610351562,183.26548767089844,1415484,BRFL.NS
2009-08-24,188.5,194.75,188.3000030517578,191.10000610351562,187.68505859375,539838,BRFL.NS
2009-08-25,190.0,192.9499969482422,189.0,190.5500030517578,187.1448974609375,483420,BRFL.NS
2009-08-26,190.5,197.35000610351562,190.5,192.4499969482422,189.01095581054688,749842,BRFL.NS
2009-08-27,191.89999389648438,207.1999969482422,191.10000610351562,205.3000030517578,201.63131713867188,3107974,BRFL.NS
2009-08-28,215.0,215.0,200.0500030517578,201.8000030517578,198.19386291503906,1264175,BRFL.NS
2009-08-31,201.9499969482422,215.0,199.0,202.6999969482422,199.07777404785156,384260,BRFL.NS
2009-09-01,205.3000030517578,215.0,201.60000610351562,203.5,199.86346435546875,1298121,BRFL.NS
2009-09-02,200.10000610351562,214.0,200.0,210.14999389648438,206.39463806152344,930761,BRFL.NS
2009-09-03,211.89999389648438,214.8000030517578,206.10000610351562,208.14999389648438,204.43038940429688,620713,BRFL.NS
2009-09-04,212.1999969482422,214.5,205.0,212.75,208.9481964111328,726621,BRFL.NS
2009-09-07,211.0,218.75,211.0,215.0,211.15797424316406,546978,BRFL.NS
2009-09-08,216.89999389648438,217.5,207.9499969482422,210.1999969482422,206.44375610351562,396869,BRFL.NS
2009-09-09,211.10000610351562,213.0,207.10000610351562,208.0,204.2830810546875,208586,BRFL.NS
2009-09-10,211.0,214.9499969482422,206.1999969482422,212.35000610351562,208.5553436279297,495785,BRFL.NS
2009-09-11,212.5,213.89999389648438,207.8000030517578,210.75,206.98391723632812,290560,BRFL.NS
2009-09-14,210.0,214.3000030517578,205.64999389648438,211.0,207.2294464111328,358347,BRFL.NS
2009-09-15,213.9499969482422,223.39999389648438,212.3000030517578,221.75,217.78736877441406,1649558,BRFL.NS
2009-09-16,224.25,228.25,220.0,221.0500030517578,217.09986877441406,660010,BRFL.NS
2009-09-17,221.0,223.39999389648438,215.5500030517578,217.5,215.07273864746094,460120,BRFL.NS
2009-09-18,216.6999969482422,221.0500030517578,215.3000030517578,217.10000610351562,214.67723083496094,566613,BRFL.NS
2009-09-22,216.6999969482422,220.9499969482422,212.64999389648438,218.0,215.56716918945312,557038,BRFL.NS
2009-09-23,217.5,220.9499969482422,210.1999969482422,213.0,210.6229705810547,747721,BRFL.NS
2009-09-24,214.0,220.25,208.5,217.14999389648438,214.72665405273438,2560915,BRFL.NS
2009-09-25,219.0,225.0,216.3000030517578,221.5500030517578,219.0775604248047,791181,BRFL.NS
2009-09-29,225.0,225.85000610351562,216.5500030517578,217.85000610351562,215.41885375976562,459241,BRFL.NS
2009-09-30,219.9499969482422,221.5,216.5,219.39999389648438,216.9515380859375,339963,BRFL.NS
2009-10-01,216.5500030517578,224.25,214.6999969482422,216.89999389648438,214.4794464111328,510063,BRFL.NS
2009-10-05,215.10000610351562,219.75,208.35000610351562,210.3000030517578,207.95309448242188,224567,BRFL.NS
2009-10-06,213.60000610351562,214.0,206.0,211.0500030517578,208.69473266601562,545403,BRFL.NS
2009-10-07,213.8000030517578,216.6999969482422,206.5,207.89999389648438,205.5798797607422,1008020,BRFL.NS
2009-10-08,207.75,212.5,207.5,209.39999389648438,207.06314086914062,218485,BRFL.NS
2009-10-09,211.85000610351562,214.0,205.0500030517578,207.10000610351562,204.788818359375,346286,BRFL.NS
2009-10-12,205.5,212.89999389648438,205.5,207.8000030517578,205.4810028076172,431369,BRFL.NS
2009-10-13,208.4499969482422,208.4499969482422,208.4499969482422,208.4499969482422,206.12374877929688,0,BRFL.NS
2009-10-14,210.6999969482422,221.3000030517578,209.5,219.25,216.80320739746094,655795,BRFL.NS
2009-10-15,222.0,222.0,214.0500030517578,218.9499969482422,216.50656127929688,391818,BRFL.NS
2009-10-16,222.0,225.64999389648438,220.0500030517578,220.9499969482422,218.48423767089844,684541,BRFL.NS
2009-10-20,222.0,226.0,217.1999969482422,217.89999389648438,215.46827697753906,160597,BRFL.NS
2009-10-21,217.75,219.8000030517578,213.0500030517578,214.0,211.61181640625,257951,BRFL.NS
2009-10-22,213.39999389648438,217.35000610351562,210.14999389648438,211.5500030517578,209.1891632080078,122869,BRFL.NS
2009-10-23,210.10000610351562,216.0,210.10000610351562,213.14999389648438,210.7712860107422,209666,BRFL.NS
2009-10-26,215.3000030517578,215.5,210.10000610351562,211.0500030517578,208.69473266601562,269091,BRFL.NS
2009-10-27,210.0,210.0,185.85000610351562,196.9499969482422,194.7520751953125,538504,BRFL.NS
2009-10-28,192.14999389648438,196.0,189.64999389648438,193.60000610351562,191.43948364257812,224189,BRFL.NS
2009-10-29,189.0,190.39999389648438,176.25,180.0500030517578,178.0406951904297,699164,BRFL.NS
2009-10-30,182.0,199.89999389648438,182.0,188.35000610351562,186.24806213378906,624242,BRFL.NS
2009-11-03,187.9499969482422,198.39999389648438,185.14999389648438,188.89999389648438,186.7919158935547,453949,BRFL.NS
2009-11-04,190.0,202.0,190.0,197.9499969482422,195.7409210205078,440523,BRFL.NS
2009-11-05,202.3000030517578,205.60000610351562,198.10000610351562,203.9499969482422,201.6739501953125,432426,BRFL.NS
2009-11-06,198.5,200.25,198.5,200.25,198.0152587890625,339732,BRFL.NS
2009-11-09,200.10000610351562,201.75,195.0,200.10000610351562,197.86692810058594,380719,BRFL.NS
2009-11-10,200.10000610351562,203.0,185.5500030517578,188.60000610351562,186.49526977539062,774522,BRFL.NS
2009-11-11,191.0,199.0,191.0,197.39999389648438,195.19705200195312,656893,BRFL.NS
2009-11-12,200.0,200.0,193.14999389648438,195.25,193.071044921875,137460,BRFL.NS
2009-11-13,195.9499969482422,204.0,195.9499969482422,198.64999389648438,196.43309020996094,387570,BRFL.NS
2009-11-16,200.0,200.8000030517578,195.0,196.89999389648438,194.70263671875,160848,BRFL.NS
2009-11-17,197.5,201.89999389648438,194.0,199.10000610351562,196.8780975341797,422384,BRFL.NS
2009-11-18,199.10000610351562,205.25,198.10000610351562,201.10000610351562,198.8557891845703,312658,BRFL.NS
2009-11-19,200.0,206.89999389648438,196.0,199.5500030517578,197.3230743408203,455758,BRFL.NS
2009-11-20,198.0,200.5,191.10000610351562,197.25,195.04873657226562,187223,BRFL.NS
2009-11-23,203.5,203.5,192.6999969482422,194.0,191.8350067138672,216002,BRFL.NS
2009-11-24,196.10000610351562,196.10000610351562,191.0,191.75,189.610107421875,344795,BRFL.NS
2009-11-25,192.75,195.25,190.1999969482422,192.0,189.85733032226562,494142,BRFL.NS
2009-11-26,194.0,194.0,186.10000610351562,189.85000610351562,187.7313232421875,682945,BRFL.NS
2009-11-27,187.5,188.0,178.3000030517578,186.9499969482422,184.86367797851562,193001,BRFL.NS
2009-11-30,189.0,191.75,187.0,187.64999389648438,185.5558624267578,86411,BRFL.NS
2009-12-01,189.6999969482422,193.5500030517578,188.35000610351562,192.39999389648438,190.2528533935547,165374,BRFL.NS
2009-12-02,194.0,196.0,190.9499969482422,193.0500030517578,190.89559936523438,576594,BRFL.NS
2009-12-03,194.5,197.75,192.1999969482422,193.1999969482422,191.04393005371094,290849,BRFL.NS
2009-12-04,192.39999389648438,195.89999389648438,191.5500030517578,192.25,190.1045379638672,85476,BRFL.NS
2009-12-07,193.8000030517578,194.35000610351562,189.3000030517578,190.4499969482422,188.3246307373047,72442,BRFL.NS
2009-12-08,188.0,194.39999389648438,186.0,193.35000610351562,191.19227600097656,142632,BRFL.NS
2009-12-09,195.0,197.0,190.5500030517578,191.39999389648438,189.26402282714844,164386,BRFL.NS
2009-12-10,190.89999389648438,192.5,189.5,190.14999389648438,188.0279541015625,137457,BRFL.NS
2009-12-11,192.5,193.85000610351562,190.0,191.0500030517578,188.9179229736328,227700,BRFL.NS
2009-12-14,191.0,192.0,188.0,188.8000030517578,186.6930389404297,61055,BRFL.NS
2009-12-15,189.10000610351562,190.60000610351562,183.6999969482422,184.5,182.44102478027344,76212,BRFL.NS
2009-12-16,184.10000610351562,187.8000030517578,182.3000030517578,184.60000610351562,182.53990173339844,84405,BRFL.NS
2009-12-17,185.4499969482422,186.89999389648438,181.35000610351562,181.89999389648438,179.87002563476562,82386,BRFL.NS
2009-12-18,180.1999969482422,180.89999389648438,175.5,178.9499969482422,176.9529571533203,192951,BRFL.NS
2009-12-21,180.8000030517578,185.4499969482422,178.0,183.75,181.6993865966797,188621,BRFL.NS
2009-12-22,186.0,186.0,181.0,182.85000610351562,180.80943298339844,98901,BRFL.NS
2009-12-23,185.0,187.0,182.0500030517578,185.0,182.93544006347656,203195,BRFL.NS
2009-12-24,188.0,189.25,185.5,186.5,184.418701171875,358120,BRFL.NS
2009-12-29,187.0,188.6999969482422,184.14999389648438,185.25,183.18264770507812,158029,BRFL.NS
2009-12-30,186.0,189.8000030517578,185.0,187.1999969482422,185.1108856201172,203211,BRFL.NS
2009-12-31,187.60000610351562,190.0,186.0,189.5,187.38522338867188,410860,BRFL.NS
2010-01-04,190.0,195.39999389648438,190.0,194.3000030517578,192.13165283203125,536649,BRFL.NS
2010-01-05,196.5,198.9499969482422,193.39999389648438,196.0500030517578,193.8621368408203,224118,BRFL.NS
2010-01-06,198.1999969482422,198.64999389648438,194.10000610351562,196.25,194.05990600585938,110917,BRFL.NS
2010-01-07,196.5,209.8000030517578,195.4499969482422,208.10000610351562,205.77764892578125,1207425,BRFL.NS
2010-01-08,210.0,211.9499969482422,202.14999389648438,203.25,200.9817657470703,972545,BRFL.NS
2010-01-11,204.0,206.25,201.25,202.39999389648438,200.14125061035156,278257,BRFL.NS
2010-01-12,203.5,206.1999969482422,195.0500030517578,196.3000030517578,194.10934448242188,342354,BRFL.NS
2010-01-13,194.6999969482422,205.89999389648438,192.0500030517578,204.8000030517578,202.5144805908203,608808,BRFL.NS
2010-01-14,205.3000030517578,216.0,203.10000610351562,213.64999389648438,211.2657012939453,1098286,BRFL.NS
2010-01-15,215.5,218.64999389648438,213.75,215.5500030517578,213.14451599121094,734803,BRFL.NS
2010-01-18,215.0,220.9499969482422,213.5,216.60000610351562,214.1827850341797,509778,BRFL.NS
2010-01-19,214.89999389648438,219.89999389648438,213.0,215.3000030517578,212.89730834960938,368403,BRFL.NS
2010-01-20,212.0,219.8000030517578,207.64999389648438,217.5500030517578,215.1221923828125,217094,BRFL.NS
2010-01-21,215.0,223.85000610351562,208.5,212.3000030517578,209.9307861328125,1006881,BRFL.NS
2010-01-22,208.0,216.39999389648438,196.1999969482422,214.89999389648438,212.5017547607422,782343,BRFL.NS
2010-01-25,210.0,218.0,203.5,206.39999389648438,204.0966033935547,275204,BRFL.NS
2010-01-27,200.0,210.0,199.0,202.89999389648438,200.63568115234375,448444,BRFL.NS
2010-01-28,203.8000030517578,212.0,203.25,206.8000030517578,204.49215698242188,597690,BRFL.NS
2010-01-29,205.5,206.89999389648438,197.25,204.39999389648438,202.11892700195312,381661,BRFL.NS
2010-02-01,206.89999389648438,210.5,202.10000610351562,207.10000610351562,204.788818359375,402234,BRFL.NS
2010-02-02,207.39999389648438,208.89999389648438,197.0,198.64999389648438,196.43309020996094,343343,BRFL.NS
2010-02-03,199.6999969482422,205.35000610351562,199.6999969482422,203.5500030517578,201.2784423828125,187619,BRFL.NS
2010-02-04,205.0,208.4499969482422,198.14999389648438,200.3000030517578,198.064697265625,321775,BRFL.NS
2010-02-05,198.0,203.25,194.0,200.60000610351562,198.36134338378906,216386,BRFL.NS
2010-02-08,207.0,212.89999389648438,204.0,208.64999389648438,206.32151794433594,360576,BRFL.NS
2010-02-09,210.89999389648438,216.6999969482422,207.35000610351562,215.0500030517578,212.65008544921875,440652,BRFL.NS
2010-02-10,216.10000610351562,221.39999389648438,213.6999969482422,215.1999969482422,212.7984161376953,548319,BRFL.NS
2010-02-11,216.25,219.5,215.89999389648438,217.14999389648438,214.72665405273438,143823,BRFL.NS
2010-02-15,218.0,218.39999389648438,210.1999969482422,211.85000610351562,209.48580932617188,85193,BRFL.NS
2010-02-16,205.0,212.9499969482422,205.0,211.85000610351562,209.48580932617188,544957,BRFL.NS
2010-02-17,213.89999389648438,214.0,208.5,211.3000030517578,208.9419403076172,81637,BRFL.NS
2010-02-18,211.89999389648438,216.89999389648438,210.0,211.60000610351562,209.2386016845703,144648,BRFL.NS
2010-02-19,210.6999969482422,210.6999969482422,205.8000030517578,207.35000610351562,205.03602600097656,60490,BRFL.NS
2010-02-22,208.5,211.5,200.5500030517578,204.8000030517578,202.5144805908203,165877,BRFL.NS
2010-02-23,203.5,207.5,202.0,203.89999389648438,201.62451171875,54056,BRFL.NS
2010-02-24,203.0,204.5,200.5,202.5,200.24014282226562,71311,BRFL.NS
2010-02-25,203.0,204.85000610351562,198.5,201.14999389648438,198.90521240234375,472568,BRFL.NS
2010-02-26,201.10000610351562,211.0,200.0,207.5500030517578,205.23379516601562,122324,BRFL.NS
2010-03-02,207.5500030517578,211.10000610351562,205.14999389648438,209.39999389648438,207.06314086914062,74121,BRFL.NS
2010-03-03,210.0,213.8000030517578,209.10000610351562,212.5,210.12855529785156,232096,BRFL.NS
2010-03-04,212.10000610351562,214.0,207.4499969482422,210.5,208.15086364746094,132796,BRFL.NS
2010-03-05,210.60000610351562,212.85000610351562,207.0,209.64999389648438,207.3103485107422,215980,BRFL.NS
2010-03-08,211.14999389648438,217.3000030517578,210.3000030517578,213.35000610351562,210.9690704345703,603917,BRFL.NS
2010-03-09,215.0,216.89999389648438,208.35000610351562,209.60000610351562,207.26092529296875,318186,BRFL.NS
2010-03-10,210.0,217.8000030517578,209.9499969482422,216.39999389648438,213.98501586914062,554196,BRFL.NS
2010-03-11,219.0,225.0,217.0,222.6999969482422,220.2147216796875,1047597,BRFL.NS
2010-03-12,225.0,229.0,223.10000610351562,224.25,221.74742126464844,669935,BRFL.NS
2010-03-15,225.0,225.8000030517578,217.0500030517578,217.9499969482422,215.51771545410156,338605,BRFL.NS
2010-03-16,218.0,222.5,217.60000610351562,220.0,217.5448455810547,166338,BRFL.NS
2010-03-17,221.89999389648438,223.6999969482422,216.5,218.85000610351562,216.40769958496094,269356,BRFL.NS
2010-03-18,218.6999969482422,225.8000030517578,217.0,221.0500030517578,218.5831298828125,962994,BRFL.NS
2010-03-19,222.5,227.10000610351562,220.5500030517578,221.64999389648438,219.17642211914062,723651,BRFL.NS
2010-03-22,218.0,225.0,218.0,220.39999389648438,217.9403839111328,344636,BRFL.NS
2010-03-23,221.0,223.0,217.60000610351562,218.5,216.06158447265625,203764,BRFL.NS
2010-03-25,219.5500030517578,219.75,213.5,215.0500030517578,212.65008544921875,452307,BRFL.NS
2010-03-26,216.9499969482422,220.5,215.5500030517578,216.6999969482422,214.28167724609375,147337,BRFL.NS
2010-03-29,216.60000610351562,218.5,215.0,216.9499969482422,214.5288848876953,124934,BRFL.NS
2010-03-30,219.4499969482422,219.4499969482422,213.5500030517578,216.14999389648438,213.73780822753906,103577,BRFL.NS
2010-03-31,215.75,218.5500030517578,211.0500030517578,216.3000030517578,213.88613891601562,336987,BRFL.NS
2010-04-01,219.10000610351562,219.4499969482422,213.60000610351562,214.3000030517578,211.90846252441406,119764,BRFL.NS
2010-04-05,216.64999389648438,221.10000610351562,214.6999969482422,219.64999389648438,217.19874572753906,175180,BRFL.NS
2010-04-06,219.0,221.9499969482422,216.64999389648438,217.25,214.82553100585938,165422,BRFL.NS
2010-04-07,218.6999969482422,220.39999389648438,214.10000610351562,215.8000030517578,213.3917236328125,273677,BRFL.NS
2010-04-08,220.0,225.0,211.6999969482422,212.8000030517578,210.42520141601562,206900,BRFL.NS
2010-04-09,214.0,215.64999389648438,212.3000030517578,213.60000610351562,211.21627807617188,98714,BRFL.NS
2010-04-12,217.89999389648438,219.85000610351562,213.0500030517578,218.60000610351562,216.1604766845703,218786,BRFL.NS
2010-04-13,219.0,222.0,214.39999389648438,215.35000610351562,212.94674682617188,529705,BRFL.NS
2010-04-15,217.5,217.89999389648438,210.0,211.64999389648438,209.28802490234375,170453,BRFL.NS
2010-04-16,211.0500030517578,213.0,208.89999389648438,210.0500030517578,207.7058868408203,120251,BRFL.NS
2010-04-19,208.39999389648438,209.4499969482422,203.14999389648438,204.89999389648438,202.6133575439453,612141,BRFL.NS
2010-04-20,206.0,212.0,200.25,209.8000030517578,207.45867919921875,243316,BRFL.NS
2010-04-21,210.1999969482422,217.39999389648438,210.1999969482422,214.5500030517578,212.15567016601562,464683,BRFL.NS
2010-04-22,214.1999969482422,219.0,213.9499969482422,216.60000610351562,214.1827850341797,477419,BRFL.NS
2010-04-23,217.5,222.0,214.10000610351562,214.89999389648438,212.5017547607422,105608,BRFL.NS
2010-04-26,217.0,218.6999969482422,213.0,213.8000030517578,211.41404724121094,161983,BRFL.NS
2010-04-27,213.64999389648438,219.89999389648438,213.64999389648438,218.85000610351562,216.40769958496094,386167,BRFL.NS
2010-04-28,217.8000030517578,219.0,210.60000610351562,212.14999389648438,209.78244018554688,183293,BRFL.NS
2010-04-29,212.10000610351562,223.5500030517578,212.10000610351562,221.35000610351562,218.87979125976562,456000,BRFL.NS
2010-04-30,222.4499969482422,230.6999969482422,221.8000030517578,227.35000610351562,224.81283569335938,853220,BRFL.NS
2010-05-03,225.0,233.60000610351562,225.0,227.3000030517578,224.76339721679688,680670,BRFL.NS
2010-05-04,228.0,230.85000610351562,207.60000610351562,211.3000030517578,208.9419403076172,686200,BRFL.NS
2010-05-05,205.1999969482422,214.89999389648438,202.89999389648438,213.6999969482422,211.31515502929688,317888,BRFL.NS
2010-05-06,214.0,215.60000610351562,207.5,209.4499969482422,207.11257934570312,124923,BRFL.NS
2010-05-07,204.85000610351562,209.0,202.60000610351562,206.25,203.94830322265625,134600,BRFL.NS
2010-05-10,212.0,212.0,208.14999389648438,210.9499969482422,208.59584045410156,73845,BRFL.NS
2010-05-11,211.89999389648438,211.89999389648438,205.64999389648438,206.8000030517578,204.49215698242188,70445,BRFL.NS
2010-05-12,207.60000610351562,210.9499969482422,205.1999969482422,206.5,204.1955108642578,76665,BRFL.NS
2010-05-13,207.5,209.8000030517578,205.5500030517578,207.35000610351562,205.03602600097656,196495,BRFL.NS
2010-05-14,208.0,208.8000030517578,205.60000610351562,206.6999969482422,204.39328002929688,152774,BRFL.NS
2010-05-17,202.14999389648438,210.10000610351562,200.0,206.1999969482422,203.89886474609375,102256,BRFL.NS
2010-05-18,207.25,209.89999389648438,202.10000610351562,204.5500030517578,202.26727294921875,132776,BRFL.NS
2010-05-19,202.89999389648438,203.85000610351562,193.3000030517578,195.39999389648438,193.21937561035156,183465,BRFL.NS
2010-05-20,195.0,212.8000030517578,178.0,204.5500030517578,202.26727294921875,2328211,BRFL.NS
2010-05-21,202.0,205.0,191.39999389648438,198.25,196.03758239746094,1255880,BRFL.NS
2010-05-24,199.0,199.0,190.0,192.6999969482422,190.5495147705078,497413,BRFL.NS
2010-05-25,191.0,194.60000610351562,185.1999969482422,191.85000610351562,189.70899963378906,890382,BRFL.NS
2010-05-26,193.39999389648438,200.4499969482422,190.35000610351562,198.64999389648438,196.43309020996094,845836,BRFL.NS
2010-05-27,203.89999389648438,209.10000610351562,198.0,204.60000610351562,202.31671142578125,2088637,BRFL.NS
2010-05-28,206.0,208.85000610351562,204.5,207.6999969482422,205.38211059570312,413347,BRFL.NS
2010-05-31,208.5,208.8000030517578,201.5,207.0,204.68992614746094,606325,BRFL.NS
2010-06-01,207.0,207.4499969482422,200.64999389648438,203.9499969482422,201.6739501953125,337289,BRFL.NS
2010-06-02,203.0500030517578,207.85000610351562,202.5500030517578,206.5,204.1955108642578,371285,BRFL.NS
2010-06-03,208.0,213.5,206.3000030517578,211.4499969482422,209.0902557373047,328275,BRFL.NS
2010-06-04,211.5,216.5500030517578,209.0,213.1999969482422,210.8207244873047,373510,BRFL.NS
2010-06-07,206.10000610351562,210.75,206.10000610351562,208.9499969482422,206.6181640625,128757,BRFL.NS
2010-06-08,209.64999389648438,212.75,207.4499969482422,207.60000610351562,205.28323364257812,132993,BRFL.NS
2010-06-09,207.10000610351562,222.9499969482422,207.10000610351562,218.75,216.3087921142578,1268969,BRFL.NS
2010-06-10,220.0,233.89999389648438,219.25,232.0,229.4109344482422,1626878,BRFL.NS
2010-06-11,235.0,236.60000610351562,225.5500030517578,228.8000030517578,226.24664306640625,1043106,BRFL.NS
2010-06-14,227.75,233.89999389648438,227.14999389648438,230.35000610351562,227.7793426513672,250652,BRFL.NS
2010-06-15,228.6999969482422,237.8000030517578,227.0,235.39999389648438,232.77297973632812,1314747,BRFL.NS
2010-06-16,238.0,238.0,231.0500030517578,232.89999389648438,230.30088806152344,417639,BRFL.NS
2010-06-17,232.89999389648438,235.25,228.60000610351562,234.10000610351562,231.4875030517578,349244,BRFL.NS
2010-06-18,234.14999389648438,238.1999969482422,232.1999969482422,233.89999389648438,231.2897186279297,559070,BRFL.NS
2010-06-21,236.39999389648438,246.0,234.0,243.60000610351562,240.88148498535156,702059,BRFL.NS
2010-06-22,242.10000610351562,247.60000610351562,242.0,244.8000030517578,242.06809997558594,778083,BRFL.NS
2010-06-23,244.6999969482422,244.75,241.1999969482422,243.14999389648438,240.43649291992188,155967,BRFL.NS
2010-06-24,244.0,258.5,242.0,255.1999969482422,252.35202026367188,1738530,BRFL.NS
2010-06-25,256.5,262.0,251.60000610351562,253.0500030517578,250.2260284423828,648362,BRFL.NS
2010-06-28,252.5,255.8000030517578,248.1999969482422,253.5500030517578,250.72044372558594,306494,BRFL.NS
2010-06-29,253.64999389648438,253.89999389648438,248.0,248.85000610351562,246.07289123535156,108667,BRFL.NS
2010-06-30,245.1999969482422,261.5,245.1999969482422,259.6499938964844,256.75238037109375,798334,BRFL.NS
2010-07-01,258.8999938964844,262.6499938964844,255.25,260.0,257.09844970703125,587559,BRFL.NS
2010-07-02,262.0,262.1000061035156,253.8000030517578,255.8000030517578,252.94532775878906,606295,BRFL.NS
2010-07-05,256.04998779296875,256.95001220703125,246.5,249.8000030517578,247.0122833251953,154736,BRFL.NS
2010-07-06,249.8000030517578,253.10000610351562,248.0,251.9499969482422,249.13829040527344,184933,BRFL.NS
2010-07-07,253.0,254.5,249.0,250.4499969482422,247.655029296875,183757,BRFL.NS
2010-07-08,253.0,254.8000030517578,249.0500030517578,252.25,249.43495178222656,194405,BRFL.NS
2010-07-09,252.0500030517578,255.8000030517578,250.6999969482422,254.1999969482422,251.36318969726562,144394,BRFL.NS
2010-07-12,252.0500030517578,256.5,250.64999389648438,253.8000030517578,250.9676513671875,172461,BRFL.NS
2010-07-13,253.35000610351562,259.29998779296875,252.89999389648438,258.70001220703125,255.81297302246094,315458,BRFL.NS
2010-07-14,260.1000061035156,263.6000061035156,257.25,259.6000061035156,256.7029113769531,592254,BRFL.NS
2010-07-15,261.95001220703125,267.79998779296875,260.1000061035156,265.95001220703125,262.9820861816406,621723,BRFL.NS
2010-07-16,268.5,271.45001220703125,266.0,269.20001220703125,266.19580078125,415824,BRFL.NS
2010-07-19,265.04998779296875,268.45001220703125,261.6000061035156,263.75,260.8066101074219,409173,BRFL.NS
2010-07-20,265.0,266.8999938964844,260.5,264.54998779296875,261.5976867675781,227445,BRFL.NS
2010-07-21,267.0,272.5,265.1000061035156,271.04998779296875,268.0251159667969,501832,BRFL.NS
2010-07-22,270.45001220703125,271.79998779296875,266.6000061035156,270.70001220703125,267.6790466308594,437223,BRFL.NS
2010-07-23,271.0,271.95001220703125,266.1000061035156,267.04998779296875,264.06976318359375,199123,BRFL.NS
2010-07-26,265.20001220703125,269.5,265.20001220703125,268.1000061035156,265.1080627441406,87641,BRFL.NS
2010-07-27,268.8999938964844,272.8999938964844,265.75,271.45001220703125,268.4206848144531,207996,BRFL.NS
2010-07-28,273.75,274.0,267.75,269.0,265.9980163574219,265018,BRFL.NS
2010-07-29,270.5,277.79998779296875,269.5,270.79998779296875,267.7779235839844,1367429,BRFL.NS
2010-07-30,271.20001220703125,271.20001220703125,257.6499938964844,265.20001220703125,262.2404479980469,1608828,BRFL.NS
2010-08-02,265.0,267.3999938964844,258.3999938964844,266.45001220703125,263.47650146484375,888200,BRFL.NS
2010-08-03,267.3999938964844,268.0,261.1000061035156,262.70001220703125,259.7683410644531,607186,BRFL.NS
2010-08-04,263.3999938964844,266.79998779296875,259.1000061035156,262.8500061035156,259.9166564941406,574640,BRFL.NS
2010-08-05,262.8999938964844,265.3999938964844,259.1499938964844,260.1499938964844,257.2467956542969,469395,BRFL.NS
2010-08-06,261.0,267.0,261.0,265.1499938964844,262.19097900390625,495318,BRFL.NS
2010-08-09,268.0,269.70001220703125,263.70001220703125,265.5,262.5370788574219,316422,BRFL.NS
2010-08-10,265.0,269.70001220703125,260.25,261.1000061035156,258.1861877441406,61148,BRFL.NS
2010-08-11,263.29998779296875,265.0,259.5,260.1499938964844,257.2467956542969,126344,BRFL.NS
2010-08-12,257.54998779296875,264.29998779296875,257.04998779296875,261.54998779296875,258.6311340332031,95335,BRFL.NS
2010-08-13,263.0,271.1000061035156,260.25,263.1499938964844,260.21331787109375,881664,BRFL.NS
2010-08-16,264.3999938964844,270.45001220703125,261.6000061035156,262.95001220703125,260.0155334472656,401100,BRFL.NS
2010-08-17,264.04998779296875,266.20001220703125,257.5,261.25,258.3345031738281,179692,BRFL.NS
2010-08-18,262.8500061035156,264.8999938964844,256.6000061035156,261.75,258.82891845703125,343112,BRFL.NS
2010-08-19,263.0,264.0,260.1000061035156,261.3500061035156,258.43341064453125,81960,BRFL.NS
2010-08-20,260.0,263.3999938964844,258.0,260.75,257.840087890625,156808,BRFL.NS
2010-08-23,262.0,264.29998779296875,259.3500061035156,262.45001220703125,259.5211181640625,345099,BRFL.NS
2010-08-24,262.1499938964844,265.0,256.29998779296875,258.0,255.12078857421875,272799,BRFL.NS
2010-08-25,255.10000610351562,259.70001220703125,254.14999389648438,255.0,252.1542510986328,321254,BRFL.NS
2010-08-26,255.0,258.6000061035156,254.0,256.1499938964844,253.2914276123047,788779,BRFL.NS
2010-08-27,258.0,259.1000061035156,255.0,255.9499969482422,253.09365844726562,329504,BRFL.NS
2010-08-30,257.0,258.45001220703125,255.0,256.04998779296875,253.19252014160156,185434,BRFL.NS
2010-08-31,254.8000030517578,258.0,253.5,256.79998779296875,253.9341583251953,448069,BRFL.NS
2010-09-01,256.45001220703125,258.29998779296875,255.5,257.5,254.6263427734375,245834,BRFL.NS
2010-09-02,258.79998779296875,258.79998779296875,256.54998779296875,257.20001220703125,254.3297119140625,68670,BRFL.NS
2010-09-03,258.0,258.75,256.5,257.04998779296875,254.18136596679688,27289,BRFL.NS
2010-09-06,258.6000061035156,263.29998779296875,257.1000061035156,261.8500061035156,258.9278259277344,798857,BRFL.NS
2010-09-07,263.0,265.8500061035156,258.20001220703125,260.0,257.09844970703125,572019,BRFL.NS
2010-09-08,260.5,261.20001220703125,255.35000610351562,259.0,256.109619140625,155649,BRFL.NS
2010-09-09,260.79998779296875,261.79998779296875,257.25,260.29998779296875,257.3951110839844,144218,BRFL.NS
2010-09-13,261.95001220703125,263.0,258.0,261.79998779296875,258.87835693359375,196606,BRFL.NS
2010-09-14,263.0,264.8500061035156,257.8999938964844,258.8999938964844,257.48602294921875,477305,BRFL.NS
2010-09-15,259.0,261.8999938964844,257.20001220703125,259.3999938964844,257.9832763671875,131466,BRFL.NS
2010-09-16,258.04998779296875,261.0,255.5,258.5,257.08819580078125,198605,BRFL.NS
2010-09-17,261.0,261.0,257.20001220703125,259.25,257.8341064453125,75426,BRFL.NS
2010-09-20,260.5,260.5,256.04998779296875,258.5,257.08819580078125,405788,BRFL.NS
2010-09-21,260.0,261.6000061035156,255.0,257.54998779296875,256.14337158203125,326729,BRFL.NS
2010-09-22,258.3999938964844,263.5,255.0,262.0,260.569091796875,980440,BRFL.NS
2010-09-23,264.45001220703125,268.3999938964844,262.5,264.25,262.8067932128906,746269,BRFL.NS
2010-09-24,288.0,288.0,263.0,267.70001220703125,266.23797607421875,427492,BRFL.NS
2010-09-27,302.0,302.0,264.0,266.3500061035156,264.89532470703125,328067,BRFL.NS
2010-09-28,267.45001220703125,267.45001220703125,260.25,263.1000061035156,261.6630859375,747466,BRFL.NS
2010-09-29,267.0,267.0,259.1000061035156,260.45001220703125,259.0275573730469,411160,BRFL.NS
2010-09-30,259.04998779296875,260.8999938964844,255.0,255.5500030517578,254.15431213378906,1387927,BRFL.NS
2010-10-01,256.0,259.70001220703125,254.1999969482422,257.6000061035156,256.193115234375,197080,BRFL.NS
2010-10-04,258.1499938964844,259.8999938964844,255.0,255.0,253.60731506347656,674952,BRFL.NS
2010-10-05,255.14999389648438,258.5,254.5,255.5500030517578,254.15431213378906,537369,BRFL.NS
2010-10-06,257.5,260.3999938964844,255.10000610351562,257.95001220703125,256.5412292480469,940362,BRFL.NS
2010-10-07,259.8999938964844,264.1499938964844,255.3000030517578,257.75,256.34228515625,1060808,BRFL.NS
2010-10-08,258.04998779296875,261.95001220703125,255.14999389648438,255.64999389648438,254.25375366210938,639807,BRFL.NS
2010-10-11,256.8999938964844,259.0,253.8000030517578,255.10000610351562,253.70677185058594,695388,BRFL.NS
2010-10-12,255.4499969482422,258.8999938964844,255.0,257.8500061035156,256.4417419433594,840816,BRFL.NS
2010-10-13,258.0,260.5,256.29998779296875,258.25,256.8395690917969,812517,BRFL.NS
2010-10-14,261.0,261.1000061035156,255.0,255.0500030517578,253.65704345703125,502375,BRFL.NS
2010-10-15,255.8000030517578,261.8999938964844,254.3000030517578,255.10000610351562,253.70677185058594,1324370,BRFL.NS
2010-10-18,256.0,257.79998779296875,248.1999969482422,253.9499969482422,252.56304931640625,1583940,BRFL.NS
2010-10-19,251.0,255.5,247.35000610351562,250.64999389648438,249.28106689453125,282392,BRFL.NS
2010-10-20,250.39999389648438,250.39999389648438,244.5500030517578,247.0,245.6510009765625,648770,BRFL.NS
2010-10-21,247.64999389648438,248.64999389648438,245.0,247.75,246.39691162109375,825536,BRFL.NS
2010-10-22,248.39999389648438,249.9499969482422,244.60000610351562,248.0500030517578,246.69528198242188,421287,BRFL.NS
2010-10-25,249.0,249.8000030517578,244.14999389648438,245.75,244.4078369140625,506220,BRFL.NS
2010-10-26,246.0,246.0,236.3000030517578,240.60000610351562,239.2859649658203,1940622,BRFL.NS
2010-10-27,241.0,241.6999969482422,234.35000610351562,235.39999389648438,234.11434936523438,483517,BRFL.NS
2010-10-28,236.6999969482422,236.6999969482422,229.0,229.89999389648438,228.64439392089844,2156865,BRFL.NS
2010-10-29,230.0,230.1999969482422,198.0,219.8000030517578,218.5995635986328,5210718,BRFL.NS
2010-11-01,219.1999969482422,221.85000610351562,207.1999969482422,219.10000610351562,217.90338134765625,3211971,BRFL.NS
2010-11-02,221.60000610351562,225.8000030517578,217.39999389648438,224.64999389648438,223.42306518554688,379770,BRFL.NS
2010-11-03,226.10000610351562,228.5,221.89999389648438,223.85000610351562,222.62744140625,426765,BRFL.NS
2010-11-04,224.89999389648438,225.9499969482422,215.5,217.85000610351562,216.66021728515625,1271115,BRFL.NS
2010-11-08,220.5,223.0,213.64999389648438,217.35000610351562,216.16294860839844,569446,BRFL.NS
2010-11-09,218.85000610351562,220.0,215.3000030517578,218.60000610351562,217.40611267089844,703260,BRFL.NS
2010-11-10,220.0,220.0,216.0,216.9499969482422,215.76512145996094,379619,BRFL.NS
2010-11-11,218.5,221.64999389648438,214.14999389648438,217.39999389648438,216.21266174316406,447840,BRFL.NS
2010-11-12,217.5,221.5,214.0,216.10000610351562,214.91976928710938,1533703,BRFL.NS
2010-11-15,216.4499969482422,219.0,211.5500030517578,217.8000030517578,216.61048889160156,590098,BRFL.NS
2010-11-16,218.75,219.6999969482422,212.5,217.0,215.81484985351562,519942,BRFL.NS
2010-11-18,220.0,220.0,210.14999389648438,216.64999389648438,215.4667510986328,858039,BRFL.NS
2010-11-19,219.0,219.0,209.1999969482422,214.85000610351562,213.67660522460938,1914011,BRFL.NS
2010-11-22,216.0,217.4499969482422,212.0,215.64999389648438,214.4722137451172,229713,BRFL.NS
2010-11-23,214.0,216.4499969482422,206.0500030517578,211.0500030517578,209.89735412597656,1034423,BRFL.NS
2010-11-24,209.89999389648438,213.39999389648438,202.0,205.89999389648438,204.7754669189453,1410855,BRFL.NS
2010-11-25,206.9499969482422,210.10000610351562,200.0,205.3000030517578,204.1787567138672,1389566,BRFL.NS
2010-11-26,205.5500030517578,206.10000610351562,181.14999389648438,202.1999969482422,201.09567260742188,665149,BRFL.NS
2010-11-29,199.8000030517578,204.8000030517578,193.0,202.0,200.8967742919922,822996,BRFL.NS
2010-11-30,199.5,216.5,199.5,214.3000030517578,213.12960815429688,975290,BRFL.NS
2010-12-01,215.0,220.9499969482422,214.0,218.89999389648438,217.7044677734375,403547,BRFL.NS
2010-12-02,220.25,220.3000030517578,215.0500030517578,218.64999389648438,217.45584106445312,204961,BRFL.NS
2010-12-03,217.0,217.5,209.8000030517578,215.8000030517578,214.6214141845703,351282,BRFL.NS
2010-12-06,219.0,219.0,211.60000610351562,212.5500030517578,211.38916015625,512993,BRFL.NS
2010-12-07,209.0,214.0,208.10000610351562,210.14999389648438,209.00225830078125,331450,BRFL.NS
2010-12-08,209.0500030517578,210.85000610351562,199.1999969482422,200.60000610351562,199.50442504882812,451109,BRFL.NS
2010-12-09,200.0500030517578,202.0,191.0500030517578,194.5500030517578,193.4874725341797,1015126,BRFL.NS
2010-12-10,191.3000030517578,203.89999389648438,191.3000030517578,201.1999969482422,200.10113525390625,742801,BRFL.NS
2010-12-13,201.0,201.6999969482422,198.0,200.60000610351562,199.50442504882812,77792,BRFL.NS
2010-12-14,202.5500030517578,202.5500030517578,198.5,200.10000610351562,199.0071563720703,391547,BRFL.NS
2010-12-15,200.0,200.5,195.5500030517578,197.4499969482422,196.3716278076172,244561,BRFL.NS
2010-12-16,198.0,200.4499969482422,195.1999969482422,199.75,198.6590576171875,631588,BRFL.NS
2010-12-20,199.1999969482422,203.4499969482422,195.60000610351562,198.0500030517578,196.96835327148438,196110,BRFL.NS
2010-12-21,198.0,200.0,197.25,198.6999969482422,197.6147918701172,75363,BRFL.NS
2010-12-22,197.25,200.9499969482422,197.0,197.10000610351562,196.02354431152344,77648,BRFL.NS
2010-12-23,197.0,198.75,195.5500030517578,196.9499969482422,195.87435913085938,362961,BRFL.NS
2010-12-24,198.6999969482422,200.1999969482422,195.0500030517578,198.8000030517578,197.71424865722656,461708,BRFL.NS
2010-12-27,201.39999389648438,201.39999389648438,197.0500030517578,197.85000610351562,196.76943969726562,41539,BRFL.NS
2010-12-28,198.0500030517578,199.64999389648438,196.0,199.0,197.9131622314453,129860,BRFL.NS
2010-12-29,198.8000030517578,200.8000030517578,197.60000610351562,199.1999969482422,198.112060546875,115970,BRFL.NS
2010-12-30,199.5,199.5500030517578,196.3000030517578,198.60000610351562,197.51535034179688,80740,BRFL.NS
2010-12-31,200.6999969482422,200.6999969482422,198.0,199.0500030517578,197.962890625,107569,BRFL.NS
2011-01-03,199.0,201.35000610351562,199.0,200.25,199.1563262939453,78354,BRFL.NS
2011-01-04,201.5,210.89999389648438,200.0500030517578,205.89999389648438,204.7754669189453,1190962,BRFL.NS
2011-01-05,207.39999389648438,212.6999969482422,205.75,206.89999389648438,205.77000427246094,537884,BRFL.NS
2011-01-06,208.0,209.89999389648438,199.89999389648438,207.4499969482422,206.31700134277344,599453,BRFL.NS
2011-01-07,207.0,207.9499969482422,203.0,203.39999389648438,202.28912353515625,609068,BRFL.NS
2011-01-10,203.85000610351562,207.9499969482422,200.14999389648438,201.60000610351562,200.49896240234375,396509,BRFL.NS
2011-01-11,201.25,203.89999389648438,200.0,201.8000030517578,200.6978759765625,248270,BRFL.NS
2011-01-12,199.0500030517578,209.0,198.0500030517578,206.60000610351562,205.47166442871094,278925,BRFL.NS
2011-01-13,207.5,210.1999969482422,204.5500030517578,205.64999389648438,204.52684020996094,642431,BRFL.NS
2011-01-14,204.0,210.10000610351562,202.0500030517578,205.5,204.37765502929688,333010,BRFL.NS
2011-01-17,205.14999389648438,207.25,203.4499969482422,205.9499969482422,204.8251953125,84580,BRFL.NS
2011-01-18,205.6999969482422,211.10000610351562,205.6999969482422,209.85000610351562,208.7039031982422,328806,BRFL.NS
2011-01-19,211.0,214.8000030517578,208.25,212.3000030517578,211.14051818847656,274323,BRFL.NS
2011-01-20,213.0,220.0,210.10000610351562,218.85000610351562,217.65475463867188,319976,BRFL.NS
2011-01-21,220.0,231.5,220.0,229.3000030517578,228.0476837158203,589596,BRFL.NS
2011-01-24,229.9499969482422,237.6999969482422,229.60000610351562,236.5,235.20835876464844,211624,BRFL.NS
2011-01-25,238.0,242.89999389648438,233.60000610351562,237.75,236.45152282714844,958393,BRFL.NS
2011-01-27,238.9499969482422,247.0,235.35000610351562,243.60000610351562,242.2695770263672,653381,BRFL.NS
2011-01-28,245.4499969482422,245.4499969482422,233.5500030517578,240.3000030517578,238.9875946044922,434228,BRFL.NS
2011-01-31,238.5,239.89999389648438,233.4499969482422,235.35000610351562,234.06463623046875,399536,BRFL.NS
2011-02-01,232.8000030517578,241.75,230.0,234.35000610351562,233.07009887695312,455359,BRFL.NS
2011-02-02,239.0,247.6999969482422,234.60000610351562,243.1999969482422,241.8717498779297,787883,BRFL.NS
2011-02-03,245.75,245.75,241.0,243.25,241.92149353027344,133836,BRFL.NS
2011-02-04,244.0,247.35000610351562,240.5,242.10000610351562,240.77777099609375,173006,BRFL.NS
2011-02-07,243.39999389648438,243.6999969482422,234.14999389648438,238.0,236.70016479492188,73283,BRFL.NS
2011-02-08,238.89999389648438,242.0,233.64999389648438,236.4499969482422,235.1586151123047,283350,BRFL.NS
2011-02-09,234.10000610351562,239.5,226.0,234.39999389648438,233.11981201171875,307365,BRFL.NS
2011-02-10,235.0,237.9499969482422,226.75,232.0500030517578,230.78265380859375,232244,BRFL.NS
2011-02-11,232.0,242.0,229.10000610351562,239.85000610351562,238.54005432128906,224781,BRFL.NS
2011-02-14,240.1999969482422,246.75,240.1999969482422,241.25,239.93240356445312,229345,BRFL.NS
2011-02-15,241.8000030517578,262.0,241.5,251.8000030517578,250.42478942871094,1311101,BRFL.NS
2011-02-16,251.0,254.9499969482422,244.10000610351562,245.35000610351562,244.01002502441406,262485,BRFL.NS
2011-02-17,245.0,253.5,243.35000610351562,249.10000610351562,247.7395477294922,356218,BRFL.NS
2011-02-18,249.10000610351562,251.5,242.14999389648438,243.4499969482422,242.12039184570312,119647,BRFL.NS
2011-02-21,240.10000610351562,248.60000610351562,234.0500030517578,247.35000610351562,245.9990997314453,416267,BRFL.NS
2011-02-22,245.10000610351562,247.1999969482422,242.10000610351562,244.35000610351562,243.01548767089844,316371,BRFL.NS
2011-02-23,243.60000610351562,245.4499969482422,240.75,241.0,239.68377685546875,39489,BRFL.NS
2011-02-24,240.0,247.25,237.35000610351562,244.0500030517578,242.7171173095703,769896,BRFL.NS
2011-02-25,245.6999969482422,249.6999969482422,242.0,243.5,242.1701202392578,83725,BRFL.NS
2011-02-28,245.5,249.5,243.25,248.14999389648438,246.7947235107422,111644,BRFL.NS
2011-03-01,243.8000030517578,260.0,241.14999389648438,253.9499969482422,252.56304931640625,320025,BRFL.NS
2011-03-03,252.0,256.3999938964844,248.85000610351562,249.9499969482422,248.5848846435547,176419,BRFL.NS
2011-03-04,247.0,253.89999389648438,242.25,246.60000610351562,245.25320434570312,159228,BRFL.NS
2011-03-07,248.0500030517578,251.0,243.8000030517578,250.3000030517578,248.9329833984375,548672,BRFL.NS
2011-03-08,251.0,259.3999938964844,251.0,254.14999389648438,252.76194763183594,383140,BRFL.NS
2011-03-09,256.95001220703125,257.75,249.6999969482422,251.3000030517578,249.92752075195312,313927,BRFL.NS
2011-03-10,248.0500030517578,252.5,247.85000610351562,252.0,250.6237030029297,133110,BRFL.NS
2011-03-11,249.5,253.3000030517578,247.14999389648438,250.4499969482422,249.0821533203125,107990,BRFL.NS
2011-03-14,246.25,252.8000030517578,246.10000610351562,251.14999389648438,249.77833557128906,138368,BRFL.NS
2011-03-15,247.0,251.35000610351562,244.8000030517578,250.5500030517578,249.18162536621094,91209,BRFL.NS
2011-03-16,250.9499969482422,255.8000030517578,250.3000030517578,251.0,249.62916564941406,85941,BRFL.NS
2011-03-17,252.89999389648438,254.89999389648438,248.25,251.75,250.37506103515625,72222,BRFL.NS
2011-03-18,251.0,255.39999389648438,249.6999969482422,253.14999389648438,251.7674102783203,67327,BRFL.NS
2011-03-21,253.25,255.0,251.25,253.89999389648438,252.51332092285156,85973,BRFL.NS
2011-03-22,254.85000610351562,261.0,253.39999389648438,257.25,255.84503173828125,353670,BRFL.NS
2011-03-23,255.3000030517578,259.3999938964844,254.0500030517578,256.5,255.09912109375,150570,BRFL.NS
2011-03-24,254.0,262.0,254.0,256.95001220703125,255.5466766357422,248109,BRFL.NS
2011-03-25,259.79998779296875,268.79998779296875,255.14999389648438,264.6000061035156,263.1548767089844,997070,BRFL.NS
2011-03-28,266.0,270.8500061035156,261.1000061035156,268.6000061035156,267.133056640625,685417,BRFL.NS
2011-03-29,273.0,273.04998779296875,265.25,270.25,268.7740173339844,673513,BRFL.NS
2011-03-30,271.0,272.8999938964844,260.75,264.20001220703125,262.757080078125,488917,BRFL.NS
2011-03-31,269.8500061035156,269.8500061035156,251.25,258.0,256.5909423828125,4668793,BRFL.NS
2011-04-01,262.70001220703125,274.29998779296875,260.5,271.3500061035156,269.8680114746094,1323949,BRFL.NS
2011-04-04,273.6499938964844,275.79998779296875,267.1000061035156,273.0,271.5090026855469,504635,BRFL.NS
2011-04-05,274.0,278.5,270.5,277.1000061035156,275.58660888671875,430791,BRFL.NS
2011-04-06,285.0,286.79998779296875,275.25,279.04998779296875,277.52593994140625,1332768,BRFL.NS
2011-04-07,285.3999938964844,289.8999938964844,270.1000061035156,278.8999938964844,277.37677001953125,319431,BRFL.NS
2011-04-08,281.0,284.75,277.25,279.04998779296875,277.52593994140625,416080,BRFL.NS
2011-04-11,277.25,280.0,277.25,279.5,277.9735107421875,84080,BRFL.NS
2011-04-13,277.25,285.8999938964844,277.25,284.5,282.9461975097656,617807,BRFL.NS
2011-04-15,287.0,288.79998779296875,285.0,286.3500061035156,284.7861022949219,161192,BRFL.NS
2011-04-18,287.0,288.0,284.5,285.54998779296875,283.9904479980469,172079,BRFL.NS
2011-04-19,285.04998779296875,288.0,281.95001220703125,286.5,284.9352722167969,51650,BRFL.NS
2011-04-20,287.6499938964844,287.8500061035156,285.0,286.70001220703125,285.1341857910156,120755,BRFL.NS
2011-04-21,287.5,292.5,286.0,288.3500061035156,286.7751770019531,452802,BRFL.NS
2011-04-25,288.3500061035156,293.8999938964844,287.1000061035156,288.3500061035156,286.7751770019531,188469,BRFL.NS
2011-04-26,292.0,292.0,288.04998779296875,288.95001220703125,287.3719177246094,403027,BRFL.NS
2011-04-27,291.0,291.0,286.0,287.1499938964844,285.58172607421875,209560,BRFL.NS
2011-04-28,289.20001220703125,289.20001220703125,286.0,286.1499938964844,284.5871887207031,472424,BRFL.NS
2011-04-29,287.3500061035156,292.0,287.29998779296875,291.25,289.6593322753906,213076,BRFL.NS
2011-05-02,291.79998779296875,291.79998779296875,287.1499938964844,288.20001220703125,286.6260070800781,189777,BRFL.NS
2011-05-03,292.95001220703125,292.95001220703125,286.45001220703125,288.20001220703125,286.6260070800781,119911,BRFL.NS
2011-05-04,288.0,290.0,286.29998779296875,288.54998779296875,286.97406005859375,38253,BRFL.NS
2011-05-05,288.0,290.5,287.29998779296875,288.54998779296875,286.97406005859375,65130,BRFL.NS
2011-05-06,290.6499938964844,290.6499938964844,286.25,288.6000061035156,287.0238037109375,178017,BRFL.NS
2011-05-09,287.29998779296875,290.3999938964844,285.5,286.29998779296875,284.7363586425781,553968,BRFL.NS
2011-05-10,286.0,288.79998779296875,285.0,287.29998779296875,285.73089599609375,286828,BRFL.NS
2011-05-11,288.5,288.79998779296875,287.04998779296875,288.0,286.4270935058594,419974,BRFL.NS
2011-05-12,287.25,288.1000061035156,287.25,288.0,286.4270935058594,219017,BRFL.NS
2011-05-13,288.95001220703125,288.95001220703125,287.0,287.3500061035156,285.7806396484375,327683,BRFL.NS
2011-05-16,286.0,287.75,286.0,287.45001220703125,285.8800964355469,15409,BRFL.NS
2011-05-17,288.0,288.5,287.0,287.95001220703125,286.37738037109375,59544,BRFL.NS
2011-05-18,287.3500061035156,288.3500061035156,287.1000061035156,287.75,286.1784362792969,213695,BRFL.NS
2011-05-19,288.0,288.0,286.6000061035156,287.1000061035156,285.5320129394531,113743,BRFL.NS
2011-05-20,286.3500061035156,288.04998779296875,286.3500061035156,287.54998779296875,285.9795227050781,46185,BRFL.NS
2011-05-23,286.1000061035156,287.8999938964844,286.1000061035156,287.20001220703125,285.6314697265625,137017,BRFL.NS
2011-05-24,287.5,289.20001220703125,286.75,288.75,287.1729736328125,403116,BRFL.NS
2011-05-25,288.75,290.0,286.04998779296875,286.8500061035156,285.2833557128906,439965,BRFL.NS
2011-05-26,286.6000061035156,288.79998779296875,280.20001220703125,286.8500061035156,285.2833557128906,2109661,BRFL.NS
2011-05-27,285.0,287.45001220703125,282.04998779296875,287.0,285.43255615234375,441159,BRFL.NS
2011-05-30,287.6000061035156,288.0,285.54998779296875,286.6000061035156,285.03472900390625,173375,BRFL.NS
2011-05-31,289.0,289.0,285.20001220703125,285.8500061035156,284.288818359375,281830,BRFL.NS
2011-06-01,286.8500061035156,287.29998779296875,285.0,285.95001220703125,284.3883056640625,518034,BRFL.NS
2011-06-02,285.0,287.45001220703125,285.0,287.0,285.43255615234375,355903,BRFL.NS
2011-06-03,288.0,288.0,286.0,287.0,285.43255615234375,317414,BRFL.NS
2011-06-06,289.04998779296875,289.04998779296875,286.1499938964844,287.0,285.43255615234375,378305,BRFL.NS
2011-06-07,287.8500061035156,287.8500061035156,286.20001220703125,286.45001220703125,284.88555908203125,24512,BRFL.NS
2011-06-08,287.1000061035156,287.1000061035156,285.6499938964844,286.70001220703125,285.1341857910156,36053,BRFL.NS
2011-06-09,287.20001220703125,287.8999938964844,286.25,287.0,285.43255615234375,1106241,BRFL.NS
2011-06-10,289.70001220703125,289.70001220703125,287.0,287.54998779296875,285.9795227050781,59522,BRFL.NS
2011-06-13,288.79998779296875,288.79998779296875,285.5,285.6499938964844,284.08990478515625,22872,BRFL.NS
2011-06-14,287.8999938964844,287.8999938964844,285.6499938964844,287.0,285.43255615234375,207248,BRFL.NS
2011-06-15,287.95001220703125,291.75,286.45001220703125,290.79998779296875,289.2117919921875,251127,BRFL.NS
2011-06-16,288.0,292.0,288.0,288.5,286.9243469238281,52830,BRFL.NS
2011-06-17,281.29998779296875,289.95001220703125,281.29998779296875,287.04998779296875,285.4822692871094,124418,BRFL.NS
2011-06-20,287.1000061035156,289.8999938964844,283.1000061035156,286.0,284.4380187988281,325750,BRFL.NS
2011-06-21,282.0,286.95001220703125,282.0,286.5,284.9352722167969,204909,BRFL.NS
2011-06-22,282.3999938964844,287.5,282.3999938964844,285.79998779296875,284.23907470703125,245447,BRFL.NS
2011-06-23,284.6000061035156,287.0,284.1499938964844,284.79998779296875,283.2445373535156,201805,BRFL.NS
2011-06-24,278.0,289.95001220703125,278.0,285.8500061035156,284.288818359375,173550,BRFL.NS
2011-06-27,281.5,288.3999938964844,281.5,286.1000061035156,284.5374755859375,222891,BRFL.NS
2011-06-28,286.5,287.0,285.0,285.45001220703125,283.8910217285156,66415,BRFL.NS
2011-06-29,281.3999938964844,286.0,281.3999938964844,284.6499938964844,283.0953674316406,1035313,BRFL.NS
2011-06-30,281.0,285.8999938964844,281.0,284.0,282.4489440917969,858372,BRFL.NS
2011-07-01,281.0,287.79998779296875,281.0,285.6499938964844,284.08990478515625,26320,BRFL.NS
2011-07-04,285.20001220703125,287.20001220703125,284.1499938964844,285.70001220703125,284.1396484375,35698,BRFL.NS
2011-07-05,286.8999938964844,289.3999938964844,284.0,287.25,285.6811828613281,373607,BRFL.NS
2011-07-06,289.79998779296875,290.0,285.6000061035156,286.1499938964844,284.5871887207031,102273,BRFL.NS
2011-07-07,288.45001220703125,288.45001220703125,286.20001220703125,287.6000061035156,286.0292663574219,13226,BRFL.NS
2011-07-08,285.0,288.20001220703125,285.0,286.54998779296875,284.9849853515625,12360,BRFL.NS
2011-07-11,286.0,288.75,286.0,287.1499938964844,285.58172607421875,12718,BRFL.NS
2011-07-12,286.95001220703125,287.8500061035156,286.04998779296875,286.95001220703125,285.3828430175781,83248,BRFL.NS
2011-07-13,287.0,287.8999938964844,283.25,287.6000061035156,286.0292663574219,183992,BRFL.NS
2011-07-14,285.25,288.8999938964844,285.25,287.3999938964844,285.8303527832031,39568,BRFL.NS
2011-07-15,285.5,288.75,285.5,287.8999938964844,286.32763671875,7659,BRFL.NS
2011-07-18,288.75,288.75,287.0,287.3500061035156,285.7806396484375,4813,BRFL.NS
2011-07-19,286.5,288.5,286.5,287.3999938964844,285.8303527832031,7916,BRFL.NS
2011-07-20,288.3500061035156,290.8999938964844,287.29998779296875,288.5,286.9243469238281,107694,BRFL.NS
2011-07-21,289.6000061035156,289.6000061035156,288.25,288.6000061035156,287.0238037109375,31363,BRFL.NS
2011-07-22,289.0,289.75,288.0,288.54998779296875,286.97406005859375,17811,BRFL.NS
2011-07-25,289.8999938964844,289.8999938964844,286.6000061035156,287.5,285.9298095703125,148832,BRFL.NS
2011-07-26,288.8999938964844,288.8999938964844,286.70001220703125,287.0,285.43255615234375,78375,BRFL.NS
2011-07-27,287.0,287.45001220703125,286.1000061035156,286.8999938964844,285.3330993652344,242106,BRFL.NS
2011-07-28,286.5,287.0,284.25,285.5,283.94073486328125,362007,BRFL.NS
2011-07-29,282.6000061035156,287.45001220703125,282.6000061035156,286.5,284.9352722167969,40369,BRFL.NS
2011-08-01,288.0,288.0,286.0,286.20001220703125,284.6369323730469,29969,BRFL.NS
2011-08-02,277.04998779296875,286.04998779296875,277.04998779296875,285.0,283.4434814453125,241600,BRFL.NS
2011-08-03,280.0,285.04998779296875,280.0,284.0,282.4489440917969,162749,BRFL.NS
2011-08-04,284.0,284.0,282.25,283.0,281.45440673828125,224579,BRFL.NS
2011-08-05,277.8500061035156,283.20001220703125,277.8500061035156,282.54998779296875,281.0068359375,183839,BRFL.NS
2011-08-08,278.0,281.8999938964844,278.0,279.8500061035156,278.32159423828125,200554,BRFL.NS
2011-08-09,277.0,281.8999938964844,277.0,280.04998779296875,278.5204772949219,548069,BRFL.NS
2011-08-10,280.04998779296875,284.0,279.1499938964844,280.45001220703125,278.9183349609375,834713,BRFL.NS
2011-08-11,279.04998779296875,280.70001220703125,279.04998779296875,279.8999938964844,278.3713073730469,20522,BRFL.NS
2011-08-12,279.95001220703125,280.5,277.6499938964844,279.6499938964844,278.1226806640625,65525,BRFL.NS
2011-08-16,277.04998779296875,283.0,277.04998779296875,281.3999938964844,279.8631286621094,56540,BRFL.NS
2011-08-17,279.04998779296875,281.75,279.04998779296875,279.70001220703125,278.17242431640625,34251,BRFL.NS
2011-08-18,277.20001220703125,282.95001220703125,277.20001220703125,278.95001220703125,277.426513671875,49260,BRFL.NS
2011-08-19,270.0,280.79998779296875,270.0,279.8500061035156,278.32159423828125,465231,BRFL.NS
2011-08-22,279.8999938964844,279.95001220703125,275.0,276.54998779296875,275.03961181640625,107756,BRFL.NS
2011-08-23,279.8500061035156,279.8999938964844,275.0,276.0,274.49261474609375,135633,BRFL.NS
2011-08-24,272.1499938964844,277.95001220703125,272.1499938964844,275.8500061035156,274.34344482421875,53033,BRFL.NS
2011-08-25,275.0,279.0,275.0,277.8500061035156,276.33251953125,717531,BRFL.NS
2011-08-26,279.0,279.0,275.5,277.95001220703125,276.4319763183594,81562,BRFL.NS
2011-08-29,275.0,279.8999938964844,274.0,278.95001220703125,277.426513671875,3619,BRFL.NS
2011-08-30,279.8999938964844,279.8999938964844,277.0,278.79998779296875,277.2773132324219,33575,BRFL.NS
2011-09-02,257.04998779296875,281.04998779296875,257.04998779296875,274.6499938964844,273.1499938964844,174173,BRFL.NS
2011-09-05,272.0,276.5,272.0,274.6499938964844,274.6499938964844,34312,BRFL.NS
2011-09-06,274.04998779296875,277.0,274.04998779296875,275.95001220703125,275.95001220703125,10135,BRFL.NS
2011-09-07,277.75,278.45001220703125,274.75,277.25,277.25,105509,BRFL.NS
2011-09-08,275.1000061035156,277.70001220703125,274.75,275.45001220703125,275.45001220703125,44303,BRFL.NS
2011-09-09,277.8999938964844,277.8999938964844,273.3500061035156,274.95001220703125,274.95001220703125,77014,BRFL.NS
2011-09-12,273.0,275.0,273.0,274.70001220703125,274.70001220703125,11258,BRFL.NS
2011-09-13,272.0,276.8999938964844,272.0,275.25,275.25,466335,BRFL.NS
2011-09-14,275.04998779296875,277.3500061035156,275.04998779296875,276.6000061035156,276.6000061035156,21192,BRFL.NS
2011-09-15,275.8999938964844,284.70001220703125,275.8999938964844,282.45001220703125,282.45001220703125,149869,BRFL.NS
2011-09-16,282.3500061035156,286.5,280.04998779296875,285.75,285.75,247295,BRFL.NS
2011-09-19,283.04998779296875,286.5,282.04998779296875,283.75,283.75,29384,BRFL.NS
2011-09-20,271.1000061035156,286.3999938964844,271.1000061035156,285.6499938964844,285.6499938964844,28958,BRFL.NS
2011-09-21,284.1000061035156,285.8500061035156,281.04998779296875,281.75,281.75,18732,BRFL.NS
2011-09-22,279.0,283.8999938964844,278.25,279.75,279.75,47974,BRFL.NS
2011-09-23,277.0,283.0,276.04998779296875,278.3999938964844,278.3999938964844,19968,BRFL.NS
2011-09-26,265.04998779296875,282.95001220703125,265.0,277.5,277.5,27266,BRFL.NS
2011-09-27,276.5,278.95001220703125,276.5,277.0,277.0,2213,BRFL.NS
2011-09-28,268.04998779296875,279.79998779296875,268.0,277.6499938964844,277.6499938964844,3267,BRFL.NS
2011-09-29,274.0,283.0,274.0,275.70001220703125,275.70001220703125,188064,BRFL.NS
2011-09-30,272.0,278.0,272.0,276.54998779296875,276.54998779296875,25998,BRFL.NS
2011-10-03,265.0,278.8999938964844,265.0,274.45001220703125,274.45001220703125,121656,BRFL.NS
2011-10-04,273.0,277.0,273.0,274.95001220703125,274.95001220703125,57448,BRFL.NS
2011-10-05,277.6499938964844,277.6499938964844,273.0,275.0,275.0,92441,BRFL.NS
2011-10-07,278.79998779296875,278.79998779296875,273.1000061035156,275.5,275.5,51632,BRFL.NS
2011-10-10,275.0,280.95001220703125,275.0,280.1499938964844,280.1499938964844,47587,BRFL.NS
2011-10-11,280.0,282.45001220703125,278.04998779296875,279.1499938964844,279.1499938964844,9352,BRFL.NS
2011-10-12,269.0,282.8500061035156,269.0,280.8500061035156,280.8500061035156,14925,BRFL.NS
2011-10-13,269.0,281.3999938964844,269.0,279.0,279.0,132083,BRFL.NS
2011-10-14,272.04998779296875,281.45001220703125,272.04998779296875,279.5,279.5,11820,BRFL.NS
2011-10-17,276.0,281.8500061035156,276.0,278.45001220703125,278.45001220703125,2261,BRFL.NS
2011-10-18,273.1000061035156,279.6000061035156,273.1000061035156,278.0,278.0,11923,BRFL.NS
2011-10-19,277.04998779296875,278.95001220703125,276.25,277.8500061035156,277.8500061035156,7148,BRFL.NS
2011-10-20,274.1000061035156,278.6000061035156,272.0,276.1499938964844,276.1499938964844,18497,BRFL.NS
2011-10-21,272.25,282.0,272.25,278.95001220703125,278.95001220703125,168998,BRFL.NS
2011-10-24,281.70001220703125,289.95001220703125,280.0,286.5,286.5,856327,BRFL.NS
2011-10-25,285.0,289.0,285.0,288.8999938964844,288.8999938964844,1009416,BRFL.NS
2011-10-28,290.0,292.0,287.54998779296875,289.0,289.0,98015,BRFL.NS
2011-10-31,285.1000061035156,290.8999938964844,285.1000061035156,289.04998779296875,289.04998779296875,103403,BRFL.NS
2011-11-01,289.0,290.0,288.5,289.54998779296875,289.54998779296875,65358,BRFL.NS
2011-11-02,288.6000061035156,291.79998779296875,288.6000061035156,291.1000061035156,291.1000061035156,151896,BRFL.NS
2011-11-03,292.5,292.5,290.0,291.8500061035156,291.8500061035156,76660,BRFL.NS
2011-11-04,292.0,293.5,291.25,292.8999938964844,292.8999938964844,220304,BRFL.NS
2011-11-08,291.20001220703125,292.8999938964844,291.04998779296875,291.8500061035156,291.8500061035156,344801,BRFL.NS
2011-11-09,291.6499938964844,293.20001220703125,291.3999938964844,291.6000061035156,291.6000061035156,137178,BRFL.NS
2011-11-11,290.1000061035156,292.0,290.0,290.3500061035156,290.3500061035156,225392,BRFL.NS
2011-11-14,290.3999938964844,291.79998779296875,289.5,290.1499938964844,290.1499938964844,212084,BRFL.NS
2011-11-15,289.1000061035156,290.70001220703125,288.04998779296875,289.45001220703125,289.45001220703125,131441,BRFL.NS
2011-11-16,288.20001220703125,289.8500061035156,287.0,287.6000061035156,287.6000061035156,236832,BRFL.NS
2011-11-17,281.0,289.6000061035156,281.0,288.1000061035156,288.1000061035156,427312,BRFL.NS
2011-11-18,289.0,289.0,285.29998779296875,286.70001220703125,286.70001220703125,624997,BRFL.NS
2011-11-21,282.04998779296875,287.25,280.0,284.8999938964844,284.8999938964844,398510,BRFL.NS
2011-11-22,280.20001220703125,287.5,242.0,284.20001220703125,284.20001220703125,282386,BRFL.NS
2011-11-23,270.0,284.70001220703125,245.0,274.1000061035156,274.1000061035156,123084,BRFL.NS
2011-11-24,260.0,279.8999938964844,236.60000610351562,269.75,269.75,429468,BRFL.NS
2011-11-25,216.0,267.8999938964844,216.0,261.20001220703125,261.20001220703125,113024,BRFL.NS
2011-11-28,264.0,269.3999938964844,255.0,265.3999938964844,265.3999938964844,22949,BRFL.NS
2011-11-29,255.10000610351562,264.45001220703125,247.89999389648438,257.25,257.25,20481,BRFL.NS
2011-11-30,257.29998779296875,260.0,243.35000610351562,253.0500030517578,253.0500030517578,75051,BRFL.NS
2011-12-01,264.29998779296875,266.04998779296875,246.10000610351562,250.64999389648438,250.64999389648438,56346,BRFL.NS
2011-12-02,242.0,250.10000610351562,242.0,245.60000610351562,245.60000610351562,12407,BRFL.NS
2011-12-05,243.0,243.0,221.1999969482422,226.0,226.0,117459,BRFL.NS
2011-12-07,221.0,230.0,215.0,226.5500030517578,226.5500030517578,714894,BRFL.NS
2011-12-08,222.0,237.39999389648438,219.10000610351562,234.10000610351562,234.10000610351562,1297813,BRFL.NS
2011-12-09,227.0,245.89999389648438,227.0,243.4499969482422,243.4499969482422,361921,BRFL.NS
2011-12-12,244.14999389648438,247.9499969482422,236.9499969482422,242.9499969482422,242.9499969482422,676353,BRFL.NS
2011-12-13,239.0,246.0,239.0,242.75,242.75,103003,BRFL.NS
2011-12-14,240.0,246.10000610351562,239.25,244.0500030517578,244.0500030517578,102906,BRFL.NS
2011-12-15,240.10000610351562,250.75,240.10000610351562,247.4499969482422,247.4499969482422,67132,BRFL.NS
2011-12-16,242.10000610351562,263.0,242.10000610351562,260.1000061035156,260.1000061035156,302322,BRFL.NS
2011-12-19,258.0,262.3500061035156,255.1999969482422,260.6499938964844,260.6499938964844,199091,BRFL.NS
2011-12-20,259.20001220703125,267.0,255.0500030517578,263.29998779296875,263.29998779296875,202745,BRFL.NS
2011-12-21,264.79998779296875,272.70001220703125,262.1000061035156,264.20001220703125,264.20001220703125,50764,BRFL.NS
2011-12-22,260.0,265.8999938964844,260.0,263.8500061035156,263.8500061035156,63787,BRFL.NS
2011-12-23,262.5,267.0,262.0,265.04998779296875,265.04998779296875,61907,BRFL.NS
2011-12-26,262.5,272.95001220703125,262.5,270.0,270.0,66676,BRFL.NS
2011-12-27,265.1000061035156,274.8500061035156,265.1000061035156,272.20001220703125,272.20001220703125,76371,BRFL.NS
2011-12-28,278.0,280.6499938964844,266.0,278.20001220703125,278.20001220703125,349644,BRFL.NS
2011-12-29,275.1000061035156,286.8500061035156,270.5,274.54998779296875,274.54998779296875,1666629,BRFL.NS
2011-12-30,275.54998779296875,279.5,270.0,271.45001220703125,271.45001220703125,106815,BRFL.NS
2012-01-02,263.8500061035156,274.54998779296875,263.8500061035156,270.95001220703125,270.95001220703125,35808,BRFL.NS
2012-01-03,253.85000610351562,275.8999938964844,253.85000610351562,269.79998779296875,269.79998779296875,82282,BRFL.NS
2012-01-04,265.0,273.70001220703125,265.0,271.29998779296875,271.29998779296875,17238,BRFL.NS
2012-01-05,268.0,277.45001220703125,268.0,277.0,277.0,126420,BRFL.NS
2012-01-06,271.0,279.0,270.0,273.8999938964844,273.8999938964844,46808,BRFL.NS
2012-01-09,269.0,282.0,269.0,280.54998779296875,280.54998779296875,62778,BRFL.NS
2012-01-10,276.0,285.1499938964844,276.0,281.8999938964844,281.8999938964844,9029,BRFL.NS
2012-01-11,278.0,283.6499938964844,278.0,280.29998779296875,280.29998779296875,32483,BRFL.NS
2012-01-12,278.0,282.95001220703125,273.5,279.1499938964844,279.1499938964844,29493,BRFL.NS
2012-01-13,276.3999938964844,282.45001220703125,276.3999938964844,281.8500061035156,281.8500061035156,19006,BRFL.NS
2012-01-16,275.0,284.5,275.0,282.25,282.25,4843,BRFL.NS
2012-01-17,281.0,282.20001220703125,277.04998779296875,278.1499938964844,278.1499938964844,33438,BRFL.NS
2012-01-18,277.0,280.0,272.1499938964844,273.5,273.5,9319,BRFL.NS
2012-01-19,259.79998779296875,276.0,259.79998779296875,272.0,272.0,7967,BRFL.NS
2012-01-20,266.0,274.8999938964844,266.0,270.54998779296875,270.54998779296875,9562,BRFL.NS
2012-01-23,267.0,268.5,260.04998779296875,265.5,265.5,15581,BRFL.NS
2012-01-24,260.1000061035156,267.3999938964844,260.1000061035156,261.95001220703125,261.95001220703125,7759,BRFL.NS
2012-01-25,258.0,279.79998779296875,256.0,265.6499938964844,265.6499938964844,449095,BRFL.NS
2012-01-27,262.20001220703125,269.79998779296875,256.25,257.95001220703125,257.95001220703125,30240,BRFL.NS
2012-01-30,251.0,261.6000061035156,251.0,253.35000610351562,253.35000610351562,17756,BRFL.NS
2012-01-31,248.5,262.8999938964844,248.5,261.6499938964844,261.6499938964844,16976,BRFL.NS
2012-02-01,258.0,269.8999938964844,255.0,268.04998779296875,268.04998779296875,322296,BRFL.NS
2012-02-02,272.8999938964844,272.8999938964844,260.29998779296875,265.6000061035156,265.6000061035156,33300,BRFL.NS
2012-02-03,265.5,266.95001220703125,261.04998779296875,264.1499938964844,264.1499938964844,17173,BRFL.NS
2012-02-06,264.6000061035156,268.5,262.1499938964844,265.8500061035156,265.8500061035156,47136,BRFL.NS
2012-02-07,263.0,267.1000061035156,260.04998779296875,261.20001220703125,261.20001220703125,4981,BRFL.NS
2012-02-08,261.25,268.0,257.0,266.45001220703125,266.45001220703125,23789,BRFL.NS
2012-02-09,263.0,272.0,263.0,268.75,268.75,26509,BRFL.NS
2012-02-10,272.95001220703125,272.95001220703125,261.5,265.3999938964844,265.3999938964844,17021,BRFL.NS
2012-02-13,260.79998779296875,266.8999938964844,260.79998779296875,262.54998779296875,262.54998779296875,5226,BRFL.NS
2012-02-14,261.54998779296875,269.0,261.3500061035156,261.75,261.75,1072,BRFL.NS
2012-02-15,262.0,266.75,262.0,264.8500061035156,264.8500061035156,12367,BRFL.NS
2012-02-16,262.1000061035156,268.95001220703125,262.1000061035156,263.8500061035156,263.8500061035156,6537,BRFL.NS
2012-02-17,261.0,268.0,261.0,262.79998779296875,262.79998779296875,32984,BRFL.NS
2012-02-21,261.04998779296875,265.0,259.5,262.70001220703125,262.70001220703125,11018,BRFL.NS
2012-02-22,262.0,267.0,257.6000061035156,259.6499938964844,259.6499938964844,9734,BRFL.NS
2012-02-23,255.0500030517578,266.70001220703125,255.0500030517578,261.54998779296875,261.54998779296875,248118,BRFL.NS
2012-02-24,259.04998779296875,266.0,259.04998779296875,260.79998779296875,260.79998779296875,7866,BRFL.NS
2012-02-27,258.29998779296875,264.0,258.29998779296875,260.70001220703125,260.70001220703125,10383,BRFL.NS
2012-02-28,257.0,263.5,257.0,260.45001220703125,260.45001220703125,9990,BRFL.NS
2012-02-29,261.0,274.70001220703125,258.20001220703125,270.5,270.5,150588,BRFL.NS
2012-03-01,274.0,274.3999938964844,265.25,270.3500061035156,270.3500061035156,79532,BRFL.NS
2012-03-02,266.0,274.0,266.0,271.0,271.0,9892,BRFL.NS
2012-03-05,263.0,274.5,263.0,268.29998779296875,268.29998779296875,7043,BRFL.NS
2012-03-06,260.1000061035156,270.0,260.1000061035156,267.25,267.25,5625,BRFL.NS
2012-03-07,261.0,269.0,261.0,266.1499938964844,266.1499938964844,12980,BRFL.NS
2012-03-09,262.0,278.20001220703125,262.0,270.29998779296875,270.29998779296875,44306,BRFL.NS
2012-03-12,273.0,274.0,267.54998779296875,270.6499938964844,270.6499938964844,12063,BRFL.NS
2012-03-13,268.79998779296875,273.0,268.0,271.1000061035156,271.1000061035156,6842,BRFL.NS
2012-03-14,270.25,274.0,268.1000061035156,268.3999938964844,268.3999938964844,23127,BRFL.NS
2012-03-15,265.04998779296875,272.8999938964844,260.1000061035156,261.8500061035156,261.8500061035156,29526,BRFL.NS
2012-03-16,256.20001220703125,267.75,254.0,255.5500030517578,255.5500030517578,57411,BRFL.NS
2012-03-19,256.5,256.5,242.85000610351562,243.60000610351562,243.60000610351562,81776,BRFL.NS
2012-03-20,238.0,254.8000030517578,238.0,251.75,251.75,24652,BRFL.NS
2012-03-21,250.25,258.8999938964844,249.5500030517578,254.0,254.0,11714,BRFL.NS
2012-03-22,252.5,271.29998779296875,250.0,253.0,253.0,20695,BRFL.NS
2012-03-23,247.39999389648438,258.04998779296875,242.39999389648438,251.3000030517578,251.3000030517578,82190,BRFL.NS
2012-03-26,245.1999969482422,251.89999389648438,240.0,240.5500030517578,240.5500030517578,76369,BRFL.NS
2012-03-27,241.0,243.9499969482422,240.0,240.0500030517578,240.0500030517578,71752,BRFL.NS
2012-03-28,234.0,246.6999969482422,234.0,241.9499969482422,241.9499969482422,42548,BRFL.NS
2012-03-29,240.0,244.0,240.0,241.5500030517578,241.5500030517578,64259,BRFL.NS
2012-03-30,241.5500030517578,251.0,241.5500030517578,249.4499969482422,249.4499969482422,16018,BRFL.NS
2012-04-02,242.6999969482422,254.39999389648438,242.6999969482422,253.14999389648438,253.14999389648438,18282,BRFL.NS
2012-04-03,248.0,258.3999938964844,248.0,254.8000030517578,254.8000030517578,5498,BRFL.NS
2012-04-04,248.0,257.3999938964844,248.0,254.6999969482422,254.6999969482422,6728,BRFL.NS
2012-04-09,252.0,258.79998779296875,251.1999969482422,252.5,252.5,896,BRFL.NS
2012-04-10,246.5,258.0,246.39999389648438,253.4499969482422,253.4499969482422,3644,BRFL.NS
2012-04-11,248.0,256.6499938964844,248.0,255.5500030517578,255.5500030517578,16905,BRFL.NS
2012-04-12,251.5500030517578,257.0,249.0,254.89999389648438,254.89999389648438,7419,BRFL.NS
2012-04-13,255.0,259.5,253.39999389648438,257.75,257.75,16841,BRFL.NS
2012-04-16,249.10000610351562,258.0,249.10000610351562,255.3000030517578,255.3000030517578,24382,BRFL.NS
2012-04-17,255.39999389648438,255.6999969482422,252.14999389648438,254.5,254.5,4396,BRFL.NS
2012-04-18,254.6999969482422,257.79998779296875,251.60000610351562,252.8000030517578,252.8000030517578,14277,BRFL.NS
2012-04-19,248.0,257.0,247.0,254.64999389648438,254.64999389648438,10546,BRFL.NS
2012-04-20,250.35000610351562,253.0,243.3000030517578,249.6999969482422,249.6999969482422,8980,BRFL.NS
2012-04-23,243.0,252.0,243.0,249.14999389648438,249.14999389648438,3815,BRFL.NS
2012-04-24,244.0,254.9499969482422,244.0,252.6999969482422,252.6999969482422,17512,BRFL.NS
2012-04-25,247.0,254.0,243.25,245.8000030517578,245.8000030517578,13305,BRFL.NS
2012-04-26,241.0,251.6999969482422,241.0,248.5,248.5,155123,BRFL.NS
2012-04-27,246.39999389648438,255.0,246.39999389648438,254.14999389648438,254.14999389648438,5386,BRFL.NS
2012-04-30,252.9499969482422,255.5,247.6999969482422,253.3000030517578,253.3000030517578,18923,BRFL.NS
2012-05-02,249.0,259.0,249.0,255.14999389648438,255.14999389648438,72574,BRFL.NS
2012-05-03,255.5500030517578,255.75,247.10000610351562,249.5500030517578,249.5500030517578,18491,BRFL.NS
2012-05-04,244.0,255.89999389648438,242.39999389648438,246.5500030517578,246.5500030517578,6468,BRFL.NS
2012-05-07,242.0,252.9499969482422,241.64999389648438,248.10000610351562,248.10000610351562,5361,BRFL.NS
2012-05-08,244.39999389648438,255.9499969482422,244.39999389648438,246.0500030517578,246.0500030517578,5928,BRFL.NS
2012-05-09,239.1999969482422,248.0,239.1999969482422,245.35000610351562,245.35000610351562,2425,BRFL.NS
2012-05-10,240.0,248.0,240.0,243.9499969482422,243.9499969482422,599,BRFL.NS
2012-05-11,238.10000610351562,248.0,238.10000610351562,241.39999389648438,241.39999389648438,2915,BRFL.NS
2012-05-14,237.0,251.0,237.0,247.6999969482422,247.6999969482422,7858,BRFL.NS
2012-05-15,240.6999969482422,250.5,240.10000610351562,243.35000610351562,243.35000610351562,2781,BRFL.NS
2012-05-16,238.0,244.89999389648438,238.0,240.5500030517578,240.5500030517578,11859,BRFL.NS
2012-05-17,240.0,244.89999389648438,240.0,242.25,242.25,2306,BRFL.NS
2012-05-18,235.0500030517578,246.8000030517578,235.0500030517578,244.64999389648438,244.64999389648438,6386,BRFL.NS
2012-05-21,242.14999389648438,248.25,242.0500030517578,244.5500030517578,244.5500030517578,5572,BRFL.NS
2012-05-22,241.0500030517578,247.0,240.64999389648438,241.89999389648438,241.89999389648438,12586,BRFL.NS
2012-05-23,236.0,245.9499969482422,236.0,240.10000610351562,240.10000610351562,17971,BRFL.NS
2012-05-24,235.39999389648438,244.60000610351562,235.39999389648438,242.85000610351562,242.85000610351562,6620,BRFL.NS
2012-05-25,242.0,247.89999389648438,240.10000610351562,246.89999389648438,246.89999389648438,27555,BRFL.NS
2012-05-28,241.0500030517578,249.3000030517578,241.0500030517578,246.4499969482422,246.4499969482422,3140,BRFL.NS
2012-05-29,243.1999969482422,250.8000030517578,243.10000610351562,247.35000610351562,247.35000610351562,1231,BRFL.NS
2012-05-30,247.0,249.8000030517578,242.0,246.0,246.0,5419,BRFL.NS
2012-05-31,236.10000610351562,257.1000061035156,236.10000610351562,253.9499969482422,253.9499969482422,32274,BRFL.NS
2012-06-01,244.0,254.9499969482422,243.10000610351562,244.9499969482422,244.9499969482422,5810,BRFL.NS
2012-06-04,237.0,246.60000610351562,237.0,244.0500030517578,244.0500030517578,1697,BRFL.NS
2012-06-05,240.1999969482422,245.9499969482422,240.1999969482422,243.8000030517578,243.8000030517578,616,BRFL.NS
2012-06-06,240.10000610351562,250.0,240.10000610351562,247.10000610351562,247.10000610351562,1788,BRFL.NS
2012-06-07,240.5,250.39999389648438,240.5,247.60000610351562,247.60000610351562,870,BRFL.NS
2012-06-08,244.0,252.0,241.25,247.6999969482422,247.6999969482422,6948,BRFL.NS
2012-06-11,241.0,250.6999969482422,241.0,245.10000610351562,245.10000610351562,3129,BRFL.NS
2012-06-12,240.39999389648438,246.6999969482422,240.39999389648438,245.39999389648438,245.39999389648438,541,BRFL.NS
2012-06-13,242.35000610351562,246.89999389648438,241.39999389648438,242.1999969482422,242.1999969482422,2066,BRFL.NS
2012-06-14,242.0,247.60000610351562,242.0,243.9499969482422,243.9499969482422,1779,BRFL.NS
2012-06-15,240.10000610351562,246.5500030517578,240.10000610351562,243.1999969482422,243.1999969482422,813,BRFL.NS
2012-06-18,240.10000610351562,246.8000030517578,240.10000610351562,242.85000610351562,242.85000610351562,7408,BRFL.NS
2012-06-19,231.0,245.85000610351562,231.0,242.10000610351562,242.10000610351562,4586,BRFL.NS
2012-06-20,240.39999389648438,244.64999389648438,240.39999389648438,241.4499969482422,241.4499969482422,1576,BRFL.NS
2012-06-21,241.0,244.4499969482422,241.0,241.89999389648438,241.89999389648438,327,BRFL.NS
2012-06-22,233.0,243.5,233.0,241.6999969482422,241.6999969482422,771,BRFL.NS
2012-06-25,238.10000610351562,246.89999389648438,238.10000610351562,240.4499969482422,240.4499969482422,4025,BRFL.NS
2012-06-26,241.0,244.0,240.39999389648438,241.5,241.5,6034,BRFL.NS
2012-06-27,240.0,242.9499969482422,240.0,241.25,241.25,1421,BRFL.NS
2012-06-28,240.35000610351562,244.8000030517578,229.0,238.10000610351562,238.10000610351562,636863,BRFL.NS
2012-06-29,216.3000030517578,240.5,216.3000030517578,239.14999389648438,239.14999389648438,57054,BRFL.NS
2012-07-02,240.0500030517578,241.89999389648438,239.8000030517578,240.85000610351562,240.85000610351562,28045,BRFL.NS
2012-07-03,240.0,241.5,240.0,240.5,240.5,1307,BRFL.NS
2012-07-04,240.0,241.4499969482422,240.0,240.0,240.0,1377,BRFL.NS
2012-07-05,240.0,242.39999389648438,240.0,240.25,240.25,2160,BRFL.NS
2012-07-06,240.60000610351562,249.3000030517578,240.60000610351562,246.75,246.75,15666,BRFL.NS
2012-07-09,243.1999969482422,248.5,243.1999969482422,245.5500030517578,245.5500030517578,5087,BRFL.NS
2012-07-10,240.6999969482422,250.5500030517578,240.6999969482422,246.4499969482422,246.4499969482422,18155,BRFL.NS
2012-07-11,249.0,249.0,240.60000610351562,243.39999389648438,243.39999389648438,7985,BRFL.NS
2012-07-12,240.0,242.39999389648438,239.8000030517578,241.64999389648438,241.64999389648438,4203,BRFL.NS
2012-07-13,240.10000610351562,242.9499969482422,240.0,240.60000610351562,240.60000610351562,1204,BRFL.NS
2012-07-16,240.0,243.0,240.0,242.0500030517578,242.0500030517578,17055,BRFL.NS
2012-07-17,243.8000030517578,247.0,240.60000610351562,241.5500030517578,241.5500030517578,1972,BRFL.NS
2012-07-18,240.0,242.39999389648438,240.0,241.85000610351562,241.85000610351562,668,BRFL.NS
2012-07-19,240.0500030517578,242.39999389648438,240.0500030517578,240.60000610351562,240.60000610351562,140,BRFL.NS
2012-07-20,240.0500030517578,241.75,240.0500030517578,240.1999969482422,240.1999969482422,572,BRFL.NS
2012-07-23,240.0500030517578,241.8000030517578,240.0500030517578,240.0500030517578,240.0500030517578,1197,BRFL.NS
2012-07-24,240.0500030517578,245.39999389648438,240.0500030517578,242.6999969482422,242.6999969482422,23357,BRFL.NS
2012-07-25,242.39999389648438,243.0,240.0500030517578,240.6999969482422,240.6999969482422,750,BRFL.NS
2012-07-26,240.60000610351562,241.10000610351562,238.75,240.1999969482422,240.1999969482422,2527,BRFL.NS
2012-07-27,236.0,245.0,236.0,240.0500030517578,240.0500030517578,2681,BRFL.NS
2012-07-30,238.14999389648438,243.0,238.14999389648438,242.0500030517578,242.0500030517578,1537,BRFL.NS
2012-07-31,241.4499969482422,247.5,241.4499969482422,247.0,247.0,6327,BRFL.NS
2012-08-01,245.64999389648438,247.0,243.0,244.25,244.25,948,BRFL.NS
2012-08-02,240.10000610351562,248.39999389648438,240.10000610351562,246.5500030517578,246.5500030517578,18662,BRFL.NS
2012-08-03,240.25,242.64999389648438,240.25,240.85000610351562,240.85000610351562,257,BRFL.NS
2012-08-06,239.64999389648438,243.0,239.64999389648438,241.0500030517578,241.0500030517578,2115,BRFL.NS
2012-08-07,239.0500030517578,243.25,239.0500030517578,242.14999389648438,242.14999389648438,1404,BRFL.NS
2012-08-08,240.85000610351562,242.6999969482422,240.85000610351562,241.64999389648438,241.64999389648438,889,BRFL.NS
2012-08-09,240.85000610351562,244.0,240.5,241.0,241.0,1934,BRFL.NS
2012-08-10,230.39999389648438,254.0,230.39999389648438,244.9499969482422,244.9499969482422,30153,BRFL.NS
2012-08-13,211.14999389648438,245.0,211.14999389648438,243.0500030517578,243.0500030517578,6400,BRFL.NS
2012-08-14,241.10000610351562,245.0,241.10000610351562,242.0500030517578,242.0500030517578,586,BRFL.NS
2012-08-16,240.0,240.75,238.25,239.0,239.0,16997,BRFL.NS
2012-08-17,237.0,240.85000610351562,237.0,238.3000030517578,238.3000030517578,25056,BRFL.NS
2012-08-21,237.25,240.0,237.25,239.5,239.5,601,BRFL.NS
2012-08-22,237.1999969482422,240.0,237.1999969482422,237.8000030517578,237.8000030517578,462,BRFL.NS
2012-08-23,237.25,239.0,236.64999389648438,237.0500030517578,237.0500030517578,587,BRFL.NS
2012-08-24,236.1999969482422,243.0,236.0500030517578,240.0,240.0,2273,BRFL.NS
2012-08-27,236.25,240.0,236.25,237.25,237.25,15036,BRFL.NS
2012-08-28,236.64999389648438,237.0,230.0,233.4499969482422,233.4499969482422,66982,BRFL.NS
2012-08-29,230.39999389648438,232.5,230.0,230.0500030517578,230.0500030517578,27702,BRFL.NS
2012-08-30,230.0,246.0,225.35000610351562,244.9499969482422,244.9499969482422,2067828,BRFL.NS
2012-08-31,244.89999389648438,246.9499969482422,231.14999389648438,236.14999389648438,236.14999389648438,458540,BRFL.NS
2012-09-03,238.9499969482422,247.9499969482422,237.0500030517578,241.75,241.75,5168,BRFL.NS
2012-09-04,237.60000610351562,249.0,237.60000610351562,246.1999969482422,246.1999969482422,51433,BRFL.NS
2012-09-05,240.3000030517578,252.25,240.3000030517578,246.75,246.75,31582,BRFL.NS
2012-09-06,241.0,251.89999389648438,241.0,248.25,248.25,20275,BRFL.NS
2012-09-07,240.0500030517578,250.8000030517578,240.0500030517578,248.1999969482422,248.1999969482422,25622,BRFL.NS
2012-09-10,244.8000030517578,251.60000610351562,244.8000030517578,249.89999389648438,249.89999389648438,2687,BRFL.NS
2012-09-11,241.10000610351562,252.0,241.10000610351562,250.14999389648438,250.14999389648438,5033,BRFL.NS
2012-09-12,220.0,252.0,220.0,248.25,248.25,4117,BRFL.NS
2012-09-13,246.0500030517578,250.0,244.0,246.4499969482422,246.4499969482422,34861,BRFL.NS
2012-09-14,241.5500030517578,249.8000030517578,241.5500030517578,245.14999389648438,245.14999389648438,2801,BRFL.NS
2012-09-17,246.0,252.0,245.10000610351562,250.25,250.25,9729,BRFL.NS
2012-09-18,220.0,256.0,220.0,250.85000610351562,250.85000610351562,15038,BRFL.NS
2012-09-20,250.0,261.0,250.0,259.3500061035156,259.3500061035156,21000,BRFL.NS
2012-09-21,251.0,262.0,251.0,259.1499938964844,259.1499938964844,14797,BRFL.NS
2012-09-24,241.25,261.95001220703125,241.25,260.0,260.0,19487,BRFL.NS
2012-09-25,262.95001220703125,267.3999938964844,255.0,266.1499938964844,266.1499938964844,9440,BRFL.NS
2012-09-26,259.29998779296875,267.5,259.29998779296875,262.6499938964844,262.6499938964844,18128,BRFL.NS
2012-09-27,263.0,278.3999938964844,263.0,270.95001220703125,270.95001220703125,23997,BRFL.NS
2012-09-28,262.5,277.8999938964844,262.5,268.54998779296875,268.54998779296875,11920,BRFL.NS
2012-10-01,268.6000061035156,270.5,265.5,267.79998779296875,267.79998779296875,13176,BRFL.NS
2012-10-03,261.1000061035156,270.0,261.1000061035156,265.54998779296875,265.54998779296875,29254,BRFL.NS
2012-10-04,266.0,267.95001220703125,262.54998779296875,264.45001220703125,264.45001220703125,3602,BRFL.NS
2012-10-05,258.0,271.0,258.0,269.8999938964844,269.8999938964844,31832,BRFL.NS
2012-10-08,270.04998779296875,271.54998779296875,266.1000061035156,268.5,268.5,5262,BRFL.NS
2012-10-09,270.3999938964844,272.0,265.1000061035156,268.75,268.75,4704,BRFL.NS
2012-10-10,260.6499938964844,277.0,260.6499938964844,267.0,267.0,1696,BRFL.NS
2012-10-11,260.04998779296875,269.0,260.04998779296875,266.3500061035156,266.3500061035156,958,BRFL.NS
2012-10-12,255.0,270.6499938964844,255.0,266.1000061035156,266.1000061035156,1839,BRFL.NS
2012-10-15,259.0,271.0,259.0,270.3999938964844,270.3999938964844,4373,BRFL.NS
2012-10-16,265.5,272.0,265.5,266.70001220703125,266.70001220703125,2012,BRFL.NS
2012-10-17,255.0,290.0,255.0,264.29998779296875,264.29998779296875,8786,BRFL.NS
2012-10-18,257.0,272.0,257.0,266.95001220703125,266.95001220703125,1202,BRFL.NS
2012-10-19,259.0,268.0,259.0,265.04998779296875,265.04998779296875,5142,BRFL.NS
2012-10-22,265.04998779296875,268.70001220703125,255.64999389648438,265.6000061035156,265.6000061035156,2694,BRFL.NS
2012-10-23,267.0,268.79998779296875,259.0,265.1499938964844,265.1499938964844,7743,BRFL.NS
2012-10-25,258.0,270.79998779296875,258.0,262.54998779296875,262.54998779296875,654,BRFL.NS
2012-10-29,257.0,264.79998779296875,257.0,260.29998779296875,260.29998779296875,668,BRFL.NS
2012-10-30,252.4499969482422,265.0,232.0,260.04998779296875,260.04998779296875,3511,BRFL.NS
2012-10-31,253.35000610351562,263.95001220703125,253.35000610351562,260.04998779296875,260.04998779296875,1206,BRFL.NS
2012-11-01,255.0,262.8500061035156,255.0,260.1499938964844,260.1499938964844,392,BRFL.NS
2012-11-02,253.89999389648438,263.0,253.89999389648438,262.5,262.5,299,BRFL.NS
2012-11-05,261.0,262.6499938964844,260.1000061035156,262.6499938964844,262.6499938964844,155,BRFL.NS
2012-11-06,254.75,264.20001220703125,254.75,260.3500061035156,260.3500061035156,329,BRFL.NS
2012-11-07,262.95001220703125,264.0,261.20001220703125,261.5,261.5,1710,BRFL.NS
2012-11-08,251.25,264.0,251.25,263.0,263.0,361,BRFL.NS
2012-11-09,255.1999969482422,263.70001220703125,255.1999969482422,261.3500061035156,261.3500061035156,448,BRFL.NS
2012-11-12,255.0,262.0,255.0,261.5,261.5,2162,BRFL.NS
2012-11-15,255.64999389648438,263.6000061035156,255.64999389648438,262.25,262.25,1294,BRFL.NS
2012-11-16,256.54998779296875,262.8999938964844,256.54998779296875,258.0,258.0,6205,BRFL.NS
2012-11-19,247.10000610351562,264.0,247.10000610351562,261.3999938964844,261.3999938964844,3843,BRFL.NS
2012-11-20,261.3500061035156,263.0,254.9499969482422,258.54998779296875,258.54998779296875,1833,BRFL.NS
2012-11-21,252.25,262.0,252.25,261.1499938964844,261.1499938964844,300,BRFL.NS
2012-11-22,260.5,260.5,255.5,257.29998779296875,257.29998779296875,5243,BRFL.NS
2012-11-23,251.25,263.95001220703125,251.25,257.8999938964844,257.8999938964844,714,BRFL.NS
2012-11-26,257.0,260.79998779296875,257.0,258.1000061035156,258.1000061035156,6257,BRFL.NS
2012-11-27,251.14999389648438,262.0,251.14999389648438,261.04998779296875,261.04998779296875,3751,BRFL.NS
2012-11-29,253.0500030517578,271.0,253.0500030517578,264.1499938964844,264.1499938964844,5796,BRFL.NS
2012-11-30,259.20001220703125,266.95001220703125,257.29998779296875,258.20001220703125,258.20001220703125,8774,BRFL.NS
2012-12-03,257.1000061035156,263.3999938964844,254.5,261.95001220703125,261.95001220703125,30618,BRFL.NS
2012-12-04,254.0500030517578,265.0,254.0500030517578,257.8500061035156,257.8500061035156,8052,BRFL.NS
2012-12-05,261.0,265.3500061035156,255.60000610351562,256.1000061035156,256.1000061035156,6759,BRFL.NS
2012-12-06,256.0,263.95001220703125,247.9499969482422,259.1000061035156,259.1000061035156,3462,BRFL.NS
2012-12-07,251.25,261.20001220703125,251.25,254.9499969482422,254.9499969482422,4461,BRFL.NS
2012-12-10,251.10000610351562,257.1499938964844,251.10000610351562,253.6999969482422,253.6999969482422,2350,BRFL.NS
2012-12-11,251.9499969482422,256.0,250.39999389648438,251.5,251.5,38523,BRFL.NS
2012-12-12,247.25,259.95001220703125,247.25,250.64999389648438,250.64999389648438,109422,BRFL.NS
2012-12-13,250.64999389648438,260.0,249.0,249.85000610351562,249.85000610351562,9552,BRFL.NS
2012-12-14,251.1999969482422,256.0,248.4499969482422,249.75,249.75,2572,BRFL.NS
2012-12-17,245.1999969482422,253.0,245.1999969482422,247.0,247.0,97648,BRFL.NS
2012-12-18,245.1999969482422,249.9499969482422,245.1999969482422,246.60000610351562,246.60000610351562,119136,BRFL.NS
2012-12-19,245.0500030517578,249.9499969482422,240.0,246.4499969482422,246.4499969482422,183026,BRFL.NS
2012-12-20,242.1999969482422,251.8000030517578,240.10000610351562,246.4499969482422,246.4499969482422,97319,BRFL.NS
2012-12-21,243.0,247.0,242.5,244.9499969482422,244.9499969482422,77896,BRFL.NS
2012-12-24,242.89999389648438,246.0,242.0,244.64999389648438,244.64999389648438,111066,BRFL.NS
2012-12-26,240.25,246.0,240.25,243.6999969482422,243.6999969482422,5337,BRFL.NS
2012-12-27,242.10000610351562,245.9499969482422,240.10000610351562,244.5500030517578,244.5500030517578,17449,BRFL.NS
2012-12-28,242.5500030517578,245.0,238.9499969482422,240.5500030517578,240.5500030517578,36555,BRFL.NS
2012-12-31,238.85000610351562,244.9499969482422,238.85000610351562,243.75,243.75,24968,BRFL.NS
2013-01-01,242.14999389648438,245.1999969482422,242.14999389648438,244.89999389648438,244.89999389648438,9704,BRFL.NS
2013-01-02,243.0,246.5,243.0,245.85000610351562,245.85000610351562,27296,BRFL.NS
2013-01-03,243.35000610351562,247.8000030517578,243.35000610351562,247.14999389648438,247.14999389648438,16522,BRFL.NS
2013-01-04,244.10000610351562,254.0,244.10000610351562,248.60000610351562,248.60000610351562,60694,BRFL.NS
2013-01-07,244.85000610351562,255.0,244.85000610351562,247.6999969482422,247.6999969482422,1026,BRFL.NS
2013-01-08,241.25,255.10000610351562,241.25,253.5500030517578,253.5500030517578,45318,BRFL.NS
2013-01-09,246.3000030517578,260.70001220703125,246.3000030517578,250.3000030517578,250.3000030517578,206221,BRFL.NS
2013-01-10,247.5500030517578,254.3000030517578,247.5500030517578,251.0,251.0,12592,BRFL.NS
2013-01-11,247.64999389648438,251.0,238.64999389648438,245.85000610351562,245.85000610351562,114974,BRFL.NS
2013-01-14,240.25,258.79998779296875,240.25,257.8999938964844,257.8999938964844,420080,BRFL.NS
2013-01-15,270.0,270.0,250.0,260.04998779296875,260.04998779296875,366887,BRFL.NS
2013-01-16,255.25,262.8500061035156,255.0,261.45001220703125,261.45001220703125,59467,BRFL.NS
2013-01-17,255.4499969482422,261.75,255.4499969482422,261.3500061035156,261.3500061035156,268435,BRFL.NS
2013-01-18,256.04998779296875,263.25,256.04998779296875,261.70001220703125,261.70001220703125,285874,BRFL.NS
2013-01-21,256.54998779296875,262.6000061035156,256.04998779296875,261.54998779296875,261.54998779296875,19421,BRFL.NS
2013-01-22,255.5500030517578,262.5,255.5500030517578,262.1000061035156,262.1000061035156,22165,BRFL.NS
2013-01-23,253.14999389648438,264.0,253.14999389648438,262.79998779296875,262.79998779296875,19358,BRFL.NS
2013-01-24,258.3999938964844,262.79998779296875,252.0,258.04998779296875,258.04998779296875,53718,BRFL.NS
2013-01-25,250.0,259.0,250.0,254.35000610351562,254.35000610351562,52350,BRFL.NS
2013-01-28,250.0500030517578,256.8500061035156,250.0500030517578,255.75,255.75,114146,BRFL.NS
2013-01-29,252.0500030517578,257.45001220703125,251.0,255.5,255.5,12343,BRFL.NS
2013-01-30,251.5,256.95001220703125,246.0,256.0,256.0,36882,BRFL.NS
2013-01-31,252.0500030517578,256.5,249.14999389648438,254.75,254.75,14430,BRFL.NS
2013-02-01,252.14999389648438,255.5,251.5500030517578,254.85000610351562,254.85000610351562,61588,BRFL.NS
2013-02-04,255.0500030517578,255.0500030517578,251.0,252.0500030517578,252.0500030517578,47475,BRFL.NS
2013-02-05,249.3000030517578,253.9499969482422,249.3000030517578,251.64999389648438,251.64999389648438,10934,BRFL.NS
2013-02-06,250.10000610351562,255.0,250.0,252.8000030517578,252.8000030517578,1598,BRFL.NS
2013-02-07,250.85000610351562,254.39999389648438,247.0,248.6999969482422,248.6999969482422,10881,BRFL.NS
2013-02-08,246.0,248.85000610351562,244.25,245.85000610351562,245.85000610351562,8064,BRFL.NS
2013-02-11,245.0500030517578,248.8000030517578,243.0,245.5,245.5,896,BRFL.NS
2013-02-12,243.5,252.0,243.5,245.10000610351562,245.10000610351562,3134,BRFL.NS
2013-02-13,244.1999969482422,247.9499969482422,244.10000610351562,245.64999389648438,245.64999389648438,51067,BRFL.NS
2013-02-14,240.0500030517578,248.0,240.0500030517578,245.75,245.75,2476,BRFL.NS
2013-02-15,244.0500030517578,247.39999389648438,241.0,242.85000610351562,242.85000610351562,53552,BRFL.NS
2013-02-18,242.9499969482422,245.0500030517578,230.64999389648438,240.0,240.0,17086,BRFL.NS
2013-02-19,241.0,243.35000610351562,238.14999389648438,240.8000030517578,240.8000030517578,6255,BRFL.NS
2013-02-20,240.8000030517578,244.0,239.5,241.3000030517578,241.3000030517578,158547,BRFL.NS
2013-02-21,237.0,242.0,237.0,239.39999389648438,239.39999389648438,1367,BRFL.NS
2013-02-22,237.0,242.0,237.0,239.25,239.25,59030,BRFL.NS
2013-02-25,236.39999389648438,242.0500030517578,236.39999389648438,239.85000610351562,239.85000610351562,1810,BRFL.NS
2013-02-26,231.0500030517578,243.4499969482422,231.0500030517578,238.0,238.0,50176,BRFL.NS
2013-02-27,237.0500030517578,244.14999389648438,236.5,240.25,240.25,6389,BRFL.NS
2013-02-28,237.25,240.9499969482422,237.0,237.35000610351562,237.35000610351562,419,BRFL.NS
2013-03-01,242.0,243.75,236.5,238.9499969482422,238.9499969482422,56812,BRFL.NS
2013-03-04,236.0,243.75,235.5,236.9499969482422,236.9499969482422,2497,BRFL.NS
2013-03-05,236.14999389648438,244.0,236.10000610351562,239.5,239.5,10198,BRFL.NS
2013-03-06,238.0500030517578,243.3000030517578,238.0,240.4499969482422,240.4499969482422,9056,BRFL.NS
2013-03-07,235.5,258.0,235.5,252.60000610351562,252.60000610351562,26530,BRFL.NS
2013-03-08,250.25,274.0,250.25,260.1499938964844,260.1499938964844,668128,BRFL.NS
2013-03-11,262.75,262.75,258.0,259.0,259.0,5728,BRFL.NS
2013-03-12,255.25,264.3999938964844,252.89999389648438,254.5,254.5,15396,BRFL.NS
2013-03-13,251.39999389648438,260.0,251.39999389648438,256.75,256.75,40721,BRFL.NS
2013-03-14,250.3000030517578,259.45001220703125,250.3000030517578,257.04998779296875,257.04998779296875,1502,BRFL.NS
2013-03-15,257.04998779296875,257.04998779296875,249.0,255.89999389648438,255.89999389648438,18213,BRFL.NS
2013-03-18,250.25,255.0,249.3000030517578,252.14999389648438,252.14999389648438,54331,BRFL.NS
2013-03-19,250.0500030517578,255.0,248.10000610351562,249.85000610351562,249.85000610351562,48284,BRFL.NS
2013-03-20,245.5,255.0,245.5,252.0,252.0,64710,BRFL.NS
2013-03-21,250.3000030517578,254.0,245.0,249.75,249.75,209674,BRFL.NS
2013-03-22,245.5,250.39999389648438,235.25,249.89999389648438,249.89999389648438,304062,BRFL.NS
2013-03-25,243.10000610351562,250.75,242.0,248.89999389648438,248.89999389648438,94584,BRFL.NS
2013-03-26,241.5500030517578,252.0,241.5500030517578,247.35000610351562,247.35000610351562,65747,BRFL.NS
2013-03-28,245.3000030517578,252.0,238.5,247.0500030517578,247.0500030517578,266536,BRFL.NS
2013-04-01,247.5,248.0,243.0,244.6999969482422,244.6999969482422,4973,BRFL.NS
2013-04-02,244.5,246.75,242.0500030517578,244.0,244.0,78322,BRFL.NS
2013-04-03,244.0,245.0500030517578,243.0,244.5,244.5,176439,BRFL.NS
2013-04-04,242.1999969482422,244.89999389648438,242.1999969482422,243.6999969482422,243.6999969482422,45392,BRFL.NS
2013-04-05,240.35000610351562,246.0,240.35000610351562,243.39999389648438,243.39999389648438,50198,BRFL.NS
2013-04-08,240.0,245.0,240.0,244.9499969482422,244.9499969482422,10415,BRFL.NS
2013-04-09,259.75,259.75,241.0,243.10000610351562,243.10000610351562,1082,BRFL.NS
2013-04-10,241.5,246.6999969482422,239.3000030517578,242.89999389648438,242.89999389648438,990,BRFL.NS
2013-04-11,240.4499969482422,248.3000030517578,240.4499969482422,242.0,242.0,2529,BRFL.NS
2013-04-12,240.1999969482422,247.0,240.1999969482422,244.0,244.0,1058,BRFL.NS
2013-04-15,241.0,244.89999389648438,238.0500030517578,244.4499969482422,244.4499969482422,12461,BRFL.NS
2013-04-16,241.5,246.85000610351562,234.6999969482422,243.85000610351562,243.85000610351562,6978,BRFL.NS
2013-04-17,237.14999389648438,245.0,237.14999389648438,244.6999969482422,244.6999969482422,20108,BRFL.NS
2013-04-18,241.0500030517578,247.75,241.0500030517578,247.4499969482422,247.4499969482422,70622,BRFL.NS
2013-04-22,247.0,248.0,241.5500030517578,246.39999389648438,246.39999389648438,5074,BRFL.NS
2013-04-23,246.0,246.89999389648438,234.89999389648438,243.6999969482422,243.6999969482422,40890,BRFL.NS
2013-04-25,240.3000030517578,242.39999389648438,238.0,240.3000030517578,240.3000030517578,7305,BRFL.NS
2013-04-26,239.75,245.0,238.5,242.64999389648438,242.64999389648438,2924,BRFL.NS
2013-04-29,240.8000030517578,244.5,238.10000610351562,244.1999969482422,244.1999969482422,12244,BRFL.NS
2013-04-30,244.0,244.0,236.0500030517578,237.4499969482422,237.4499969482422,2013,BRFL.NS
2013-05-02,236.3000030517578,242.6999969482422,235.3000030517578,237.0,237.0,6245,BRFL.NS
2013-05-03,237.0,241.0,235.3000030517578,236.35000610351562,236.35000610351562,46655,BRFL.NS
2013-05-06,236.0,241.0,235.25,239.35000610351562,239.35000610351562,2112,BRFL.NS
2013-05-07,239.0,242.89999389648438,236.3000030517578,238.10000610351562,238.10000610351562,52921,BRFL.NS
2013-05-08,238.0,244.0,237.0,240.0500030517578,240.0500030517578,24721,BRFL.NS
2013-05-09,239.9499969482422,241.9499969482422,236.5500030517578,238.85000610351562,238.85000610351562,1659,BRFL.NS
2013-05-10,236.75,240.0,236.75,239.89999389648438,239.89999389648438,3689,BRFL.NS
2013-05-13,233.0,240.0,221.10000610351562,238.3000030517578,238.3000030517578,2228,BRFL.NS
2013-05-14,238.0,243.75,227.0,241.3000030517578,241.3000030517578,39226,BRFL.NS
2013-05-15,240.35000610351562,245.3000030517578,234.5500030517578,240.8000030517578,240.8000030517578,18078,BRFL.NS
2013-05-16,239.10000610351562,241.9499969482422,239.0,239.0,239.0,179,BRFL.NS
2013-05-17,234.0,244.0,234.0,239.85000610351562,239.85000610351562,17446,BRFL.NS
2013-05-20,239.0,240.0,235.75,238.89999389648438,238.89999389648438,53470,BRFL.NS
2013-05-21,236.39999389648438,239.0,234.89999389648438,237.5,237.5,10293,BRFL.NS
2013-05-22,237.4499969482422,237.4499969482422,234.0,235.60000610351562,235.60000610351562,32265,BRFL.NS
2013-05-23,235.4499969482422,245.0,188.5,241.10000610351562,241.10000610351562,173043,BRFL.NS
2013-05-24,244.0,244.0,235.0,237.5500030517578,237.5500030517578,7883,BRFL.NS
2013-05-27,237.5,238.0,231.0,234.39999389648438,234.39999389648438,31273,BRFL.NS
2013-05-28,234.1999969482422,238.64999389648438,230.0500030517578,234.6999969482422,234.6999969482422,19109,BRFL.NS
2013-05-29,236.9499969482422,240.0,201.0,229.8000030517578,229.8000030517578,571040,BRFL.NS
2013-05-30,225.89999389648438,231.4499969482422,225.89999389648438,229.64999389648438,229.64999389648438,5171,BRFL.NS
2013-05-31,230.0,234.89999389648438,225.64999389648438,229.3000030517578,229.3000030517578,12946,BRFL.NS
2013-06-03,225.0,231.0500030517578,225.0,228.75,228.75,15746,BRFL.NS
2013-06-04,226.25,232.39999389648438,226.25,230.0500030517578,230.0500030517578,2646,BRFL.NS
2013-06-05,231.9499969482422,232.1999969482422,184.0500030517578,189.85000610351562,189.85000610351562,358115,BRFL.NS
2013-06-06,190.0,226.0,190.0,223.64999389648438,223.64999389648438,855857,BRFL.NS
2013-06-07,222.0,227.5,212.60000610351562,223.25,223.25,186272,BRFL.NS
2013-06-10,223.25,226.89999389648438,215.0,220.0500030517578,220.0500030517578,41140,BRFL.NS
2013-06-11,214.4499969482422,222.0,214.4499969482422,220.39999389648438,220.39999389648438,8108,BRFL.NS
2013-06-12,217.0500030517578,220.1999969482422,214.9499969482422,217.25,217.25,15192,BRFL.NS
2013-06-13,215.0,217.0,206.10000610351562,214.5500030517578,214.5500030517578,23287,BRFL.NS
2013-06-14,214.4499969482422,219.89999389648438,210.75,217.9499969482422,217.9499969482422,30237,BRFL.NS
2013-06-17,223.5,223.5,213.60000610351562,216.64999389648438,216.64999389648438,7465,BRFL.NS
2013-06-18,214.0,218.0,211.5,216.0500030517578,216.0500030517578,14225,BRFL.NS
2013-06-19,216.0,216.0,212.10000610351562,213.9499969482422,213.9499969482422,18548,BRFL.NS
2013-06-20,212.39999389648438,212.89999389648438,205.0,209.3000030517578,209.3000030517578,19523,BRFL.NS
2013-06-21,208.75,210.64999389648438,203.0,209.4499969482422,209.4499969482422,35101,BRFL.NS
2013-06-24,209.39999389648438,216.75,205.0,214.6999969482422,214.6999969482422,79459,BRFL.NS
2013-06-25,209.10000610351562,220.0,209.10000610351562,219.6999969482422,219.6999969482422,69523,BRFL.NS
2013-06-26,219.6999969482422,223.10000610351562,210.89999389648438,222.1999969482422,222.1999969482422,79366,BRFL.NS
2013-06-27,222.14999389648438,225.0,214.10000610351562,220.4499969482422,220.4499969482422,89517,BRFL.NS
2013-06-28,219.5,219.89999389648438,212.14999389648438,216.10000610351562,216.10000610351562,106056,BRFL.NS
2013-07-01,210.0,217.6999969482422,210.0,217.0,217.0,7972,BRFL.NS
2013-07-02,214.0,218.9499969482422,212.10000610351562,213.0,213.0,1025,BRFL.NS
2013-07-03,212.0500030517578,214.89999389648438,205.10000610351562,210.25,210.25,95771,BRFL.NS
2013-07-04,205.0500030517578,212.0,200.0500030517578,207.10000610351562,207.10000610351562,7144,BRFL.NS
2013-07-05,206.0,217.4499969482422,202.0500030517578,213.5500030517578,213.5500030517578,96585,BRFL.NS
2013-07-08,210.0,215.0,209.0,211.8000030517578,211.8000030517578,20604,BRFL.NS
2013-07-09,208.9499969482422,214.8000030517578,208.9499969482422,212.10000610351562,212.10000610351562,7071,BRFL.NS
2013-07-10,210.0,216.4499969482422,206.0,208.4499969482422,208.4499969482422,21549,BRFL.NS
2013-07-11,210.9499969482422,210.9499969482422,204.0,205.64999389648438,205.64999389648438,31268,BRFL.NS
2013-07-12,207.0,208.0,197.4499969482422,200.0500030517578,200.0500030517578,31622,BRFL.NS
2013-07-15,204.6999969482422,218.39999389648438,201.0,216.35000610351562,216.35000610351562,367540,BRFL.NS
2013-07-16,216.0,218.0,205.0,217.25,217.25,209386,BRFL.NS
2013-07-17,216.0,216.0,205.0,209.39999389648438,209.39999389648438,92983,BRFL.NS
2013-07-18,208.89999389648438,217.0,199.75,212.25,212.25,156566,BRFL.NS
2013-07-19,212.0,224.0,206.0,220.89999389648438,220.89999389648438,156978,BRFL.NS
2013-07-22,220.0,227.8000030517578,181.14999389648438,219.89999389648438,219.89999389648438,748560,BRFL.NS
2013-07-23,220.0,225.0,212.10000610351562,216.0500030517578,216.0500030517578,25060,BRFL.NS
2013-07-24,214.60000610351562,215.0,208.0,212.89999389648438,212.89999389648438,36447,BRFL.NS
2013-07-25,213.4499969482422,218.0,207.10000610351562,215.60000610351562,215.60000610351562,24008,BRFL.NS
2013-07-26,212.0500030517578,217.75,208.0,216.1999969482422,216.1999969482422,35482,BRFL.NS
2013-07-29,210.1999969482422,214.1999969482422,208.14999389648438,209.10000610351562,209.10000610351562,1283,BRFL.NS
2013-07-30,205.5,214.9499969482422,203.0,214.14999389648438,214.14999389648438,15457,BRFL.NS
2013-07-31,206.0,211.0,201.0,207.39999389648438,207.39999389648438,9332,BRFL.NS
2013-08-01,206.0,213.0,191.6999969482422,200.4499969482422,200.4499969482422,27842,BRFL.NS
2013-08-02,199.0,212.39999389648438,199.0,209.9499969482422,209.9499969482422,23968,BRFL.NS
2013-08-05,202.0,236.0,185.14999389648438,222.25,222.25,170294,BRFL.NS
2013-08-06,220.0,233.0,208.35000610351562,228.4499969482422,228.4499969482422,77141,BRFL.NS
2013-08-07,228.8000030517578,229.5500030517578,215.4499969482422,226.14999389648438,226.14999389648438,105338,BRFL.NS
2013-08-08,227.35000610351562,227.35000610351562,218.0500030517578,220.75,220.75,2178,BRFL.NS
2013-08-12,229.89999389648438,229.89999389648438,217.10000610351562,224.25,224.25,38114,BRFL.NS
2013-08-13,220.0,225.0,218.0,221.60000610351562,221.60000610351562,30720,BRFL.NS
2013-08-14,226.9499969482422,226.9499969482422,217.0,218.89999389648438,218.89999389648438,7225,BRFL.NS
2013-08-16,222.0,224.0,210.10000610351562,218.35000610351562,218.35000610351562,2026,BRFL.NS
2013-08-19,217.0,224.0,207.64999389648438,217.0500030517578,217.0500030517578,14347,BRFL.NS
2013-08-20,218.5,219.9499969482422,213.0,215.9499969482422,215.9499969482422,444,BRFL.NS
2013-08-21,215.39999389648438,219.0,208.0,210.4499969482422,210.4499969482422,3102,BRFL.NS
2013-08-22,209.0,214.6999969482422,208.0,212.5500030517578,212.5500030517578,977,BRFL.NS
2013-08-23,209.0,210.9499969482422,207.1999969482422,208.75,208.75,28234,BRFL.NS
2013-08-26,208.0,211.89999389648438,208.0,208.64999389648438,208.64999389648438,319,BRFL.NS
2013-08-27,210.0,217.0,206.0500030517578,215.25,215.25,19555,BRFL.NS
2013-08-28,213.0500030517578,215.0,206.0,213.5,213.5,2469,BRFL.NS
2013-08-29,215.0,215.0,210.0,214.5500030517578,214.5500030517578,6662,BRFL.NS
2013-08-30,211.5,218.75,209.64999389648438,215.3000030517578,215.3000030517578,8795,BRFL.NS
2013-09-02,213.6999969482422,217.5500030517578,210.14999389648438,216.5,216.5,8706,BRFL.NS
2013-09-03,215.4499969482422,215.8000030517578,211.10000610351562,214.64999389648438,214.64999389648438,98285,BRFL.NS
2013-09-04,215.8000030517578,215.8000030517578,212.14999389648438,212.5500030517578,212.5500030517578,629,BRFL.NS
2013-09-05,213.0,214.75,207.3000030517578,212.14999389648438,212.14999389648438,43011,BRFL.NS
2013-09-06,214.85000610351562,214.85000610351562,209.0,210.3000030517578,210.3000030517578,20677,BRFL.NS
2013-09-10,211.5500030517578,212.0,203.0,207.9499969482422,207.9499969482422,24650,BRFL.NS
2013-09-11,205.10000610351562,209.89999389648438,201.5500030517578,203.6999969482422,203.6999969482422,26555,BRFL.NS
2013-09-12,205.0,207.0,201.10000610351562,202.60000610351562,202.60000610351562,10714,BRFL.NS
2013-09-13,203.0,205.5,180.0,201.75,201.75,233671,BRFL.NS
2013-09-16,197.10000610351562,204.60000610351562,197.10000610351562,202.8000030517578,202.8000030517578,55064,BRFL.NS
2013-09-17,203.9499969482422,204.0,199.10000610351562,200.6999969482422,200.6999969482422,8973,BRFL.NS
2013-09-18,200.0500030517578,203.25,197.0,200.10000610351562,200.10000610351562,7773,BRFL.NS
2013-09-19,197.0500030517578,202.8000030517578,197.0500030517578,200.75,200.75,12642,BRFL.NS
2013-09-20,199.8000030517578,224.6999969482422,197.4499969482422,219.25,219.25,236773,BRFL.NS
2013-09-23,211.3000030517578,219.0,205.0,207.3000030517578,207.3000030517578,10438,BRFL.NS
2013-09-24,203.0,207.0500030517578,203.0,204.4499969482422,204.4499969482422,850,BRFL.NS
2013-09-25,205.0,206.4499969482422,202.0,204.0500030517578,204.0500030517578,1719,BRFL.NS
2013-09-26,207.1999969482422,214.8000030517578,205.0,205.35000610351562,205.35000610351562,9644,BRFL.NS
2013-09-27,206.5,213.89999389648438,205.10000610351562,207.1999969482422,207.1999969482422,5568,BRFL.NS
2013-09-30,207.0,208.75,205.0,205.60000610351562,205.60000610351562,802,BRFL.NS
2013-10-01,205.0,207.85000610351562,203.25,205.10000610351562,205.10000610351562,672,BRFL.NS
2013-10-03,202.0500030517578,212.64999389648438,202.0500030517578,206.3000030517578,206.3000030517578,2494,BRFL.NS
2013-10-04,208.0,212.25,200.0500030517578,207.0500030517578,207.0500030517578,2283,BRFL.NS
2013-10-07,209.6999969482422,209.6999969482422,204.64999389648438,206.25,206.25,2771,BRFL.NS
2013-10-08,210.0,212.14999389648438,202.0,203.4499969482422,203.4499969482422,1313,BRFL.NS
2013-10-09,202.14999389648438,209.60000610351562,202.14999389648438,205.4499969482422,205.4499969482422,680,BRFL.NS
2013-10-10,206.4499969482422,218.64999389648438,205.0,211.10000610351562,211.10000610351562,8786,BRFL.NS
2013-10-11,213.0,213.0,207.1999969482422,209.0,209.0,984,BRFL.NS
2013-10-14,207.0,210.0,202.14999389648438,204.35000610351562,204.35000610351562,2194,BRFL.NS
2013-10-15,212.5500030517578,213.89999389648438,203.64999389648438,203.85000610351562,203.85000610351562,1363,BRFL.NS
2013-10-17,205.0,205.0,198.35000610351562,200.85000610351562,200.85000610351562,4663,BRFL.NS
2013-10-18,202.1999969482422,203.0,198.64999389648438,200.35000610351562,200.35000610351562,2544,BRFL.NS
2013-10-21,203.4499969482422,203.4499969482422,199.0,199.14999389648438,199.14999389648438,2492,BRFL.NS
2013-10-22,201.10000610351562,202.6999969482422,195.14999389648438,199.0500030517578,199.0500030517578,7449,BRFL.NS
2013-10-23,199.1999969482422,200.9499969482422,194.85000610351562,196.35000610351562,196.35000610351562,6026,BRFL.NS
2013-10-24,194.0,202.8000030517578,193.25,196.85000610351562,196.85000610351562,4358,BRFL.NS
2013-10-25,196.25,204.0,193.6999969482422,196.8000030517578,196.8000030517578,16532,BRFL.NS
2013-10-28,197.10000610351562,200.85000610351562,194.0,194.60000610351562,194.60000610351562,3785,BRFL.NS
2013-10-29,199.0,199.0,192.35000610351562,193.6999969482422,193.6999969482422,11653,BRFL.NS
2013-10-30,193.14999389648438,196.8000030517578,193.0500030517578,193.64999389648438,193.64999389648438,1785,BRFL.NS
2013-10-31,195.5,195.5,190.10000610351562,191.10000610351562,191.10000610351562,8531,BRFL.NS
2013-11-01,192.0,192.9499969482422,188.5500030517578,189.5,189.5,3002,BRFL.NS
2013-11-05,204.0,204.0,193.25,196.9499969482422,196.9499969482422,7006,BRFL.NS
2013-11-06,198.5,198.5,195.25,196.10000610351562,196.10000610351562,977,BRFL.NS
2013-11-07,196.0,198.0,195.1999969482422,196.14999389648438,196.14999389648438,16465,BRFL.NS
2013-11-08,196.3000030517578,198.0,195.14999389648438,196.64999389648438,196.64999389648438,738,BRFL.NS
2013-11-11,196.0,199.0,195.10000610351562,196.9499969482422,196.9499969482422,6676,BRFL.NS
2013-11-12,195.75,196.5,192.39999389648438,194.75,194.75,4099,BRFL.NS
2013-11-13,195.0,195.9499969482422,193.6999969482422,194.0,194.0,4369,BRFL.NS
2013-11-14,194.0,195.75,194.0,195.35000610351562,195.35000610351562,11030,BRFL.NS
2013-11-18,195.9499969482422,195.9499969482422,190.10000610351562,191.9499969482422,191.9499969482422,13701,BRFL.NS
2013-11-19,190.0,196.5,187.10000610351562,187.75,187.75,13283,BRFL.NS
2013-11-20,200.0,200.0,189.0,192.8000030517578,192.8000030517578,3267,BRFL.NS
2013-11-21,192.0,192.0,188.0,188.5,188.5,842,BRFL.NS
2013-11-22,195.85000610351562,196.0,187.5,192.6999969482422,192.6999969482422,1641,BRFL.NS
2013-11-25,188.0500030517578,194.25,188.0500030517578,188.5500030517578,188.5500030517578,1793,BRFL.NS
2013-11-26,187.0,192.5,187.0,188.14999389648438,188.14999389648438,16457,BRFL.NS
2013-11-27,186.6999969482422,190.9499969482422,186.0,187.60000610351562,187.60000610351562,875,BRFL.NS
2013-11-28,188.0500030517578,191.0,186.3000030517578,186.75,186.75,1974,BRFL.NS
2013-11-29,186.0,192.10000610351562,185.10000610351562,185.6999969482422,185.6999969482422,3607,BRFL.NS
2013-12-02,190.0,190.0,183.0500030517578,185.5500030517578,185.5500030517578,2481,BRFL.NS
2013-12-03,185.35000610351562,188.10000610351562,183.5,185.0,185.0,1478,BRFL.NS
2013-12-04,184.10000610351562,187.9499969482422,184.10000610351562,184.5,184.5,2185,BRFL.NS
2013-12-05,185.5500030517578,187.5500030517578,184.0,184.10000610351562,184.10000610351562,989,BRFL.NS
2013-12-06,184.10000610351562,187.10000610351562,184.10000610351562,184.6999969482422,184.6999969482422,3885,BRFL.NS
2013-12-09,183.4499969482422,186.0500030517578,183.39999389648438,184.0,184.0,101233,BRFL.NS
2013-12-10,185.9499969482422,186.0,180.9499969482422,182.64999389648438,182.64999389648438,1394,BRFL.NS
2013-12-11,182.0500030517578,182.60000610351562,180.64999389648438,181.1999969482422,181.1999969482422,2122,BRFL.NS
2013-12-12,181.14999389648438,184.6999969482422,181.14999389648438,181.60000610351562,181.60000610351562,1518,BRFL.NS
2013-12-13,181.75,182.9499969482422,180.60000610351562,181.5,181.5,585,BRFL.NS
2013-12-16,182.89999389648438,182.9499969482422,181.10000610351562,181.14999389648438,181.14999389648438,2076,BRFL.NS
2013-12-17,181.8000030517578,182.0,177.75,180.0,180.0,128478,BRFL.NS
2013-12-18,187.0,193.0,180.1999969482422,180.4499969482422,180.4499969482422,904,BRFL.NS
2013-12-19,182.39999389648438,183.0,180.5,182.14999389648438,182.14999389648438,660,BRFL.NS
2013-12-20,178.0500030517578,183.0,175.60000610351562,180.5500030517578,180.5500030517578,21880,BRFL.NS
2013-12-23,188.6999969482422,188.6999969482422,179.0,182.0,182.0,64248,BRFL.NS
2013-12-24,184.0,185.5,181.35000610351562,182.85000610351562,182.85000610351562,1791,BRFL.NS
2013-12-26,183.1999969482422,183.9499969482422,179.5,180.8000030517578,180.8000030517578,4094,BRFL.NS
2013-12-27,182.0,184.5,178.1999969482422,183.5500030517578,183.5500030517578,2736,BRFL.NS
2013-12-30,182.0,185.0,180.60000610351562,183.5500030517578,183.5500030517578,4659,BRFL.NS
2013-12-31,183.39999389648438,188.0,183.39999389648438,186.25,186.25,13502,BRFL.NS
2014-01-01,186.9499969482422,188.0,185.0,185.60000610351562,185.60000610351562,101841,BRFL.NS
2014-01-02,188.8000030517578,188.89999389648438,151.9499969482422,159.10000610351562,159.10000610351562,23430,BRFL.NS
2014-01-03,159.10000610351562,189.1999969482422,154.9499969482422,187.14999389648438,187.14999389648438,395721,BRFL.NS
2014-01-06,184.0,200.0,180.1999969482422,188.0500030517578,188.0500030517578,18074,BRFL.NS
2014-01-07,187.9499969482422,193.5,182.5,186.4499969482422,186.4499969482422,9524,BRFL.NS
2014-01-08,186.5,189.89999389648438,183.0,184.10000610351562,184.10000610351562,2934,BRFL.NS
2014-01-09,182.39999389648438,187.89999389648438,182.14999389648438,184.60000610351562,184.60000610351562,4471,BRFL.NS
2014-01-10,182.0,191.85000610351562,179.0,184.75,184.75,2930,BRFL.NS
2014-01-13,189.5500030517578,189.60000610351562,184.0,184.85000610351562,184.85000610351562,1277,BRFL.NS
2014-01-14,184.14999389648438,186.8000030517578,181.5,185.0500030517578,185.0500030517578,71829,BRFL.NS
2014-01-15,183.25,187.0,183.25,186.0,186.0,1332,BRFL.NS
2014-01-16,186.39999389648438,186.39999389648438,183.6999969482422,185.0,185.0,26329,BRFL.NS
2014-01-17,189.0,189.0,183.3000030517578,183.8000030517578,183.8000030517578,28128,BRFL.NS
2014-01-20,184.75,184.75,178.5500030517578,183.14999389648438,183.14999389648438,243096,BRFL.NS
2014-01-21,191.75,192.5500030517578,182.25,183.9499969482422,183.9499969482422,1595,BRFL.NS
2014-01-22,185.0,185.0,181.6999969482422,182.5,182.5,585,BRFL.NS
2014-01-23,180.0,190.0,180.0,187.1999969482422,187.1999969482422,109599,BRFL.NS
2014-01-24,183.0500030517578,187.0,183.0,185.0500030517578,185.0500030517578,4162,BRFL.NS
2014-01-27,182.0,186.0,177.0500030517578,184.60000610351562,184.60000610351562,53374,BRFL.NS
2014-01-28,187.0,191.0,181.5,185.10000610351562,185.10000610351562,7362,BRFL.NS
2014-01-29,182.0,188.9499969482422,181.5,186.25,186.25,3208,BRFL.NS
2014-01-30,186.5,195.0,177.1999969482422,191.64999389648438,191.64999389648438,58530,BRFL.NS
2014-01-31,191.0,196.1999969482422,186.0,187.5500030517578,187.5500030517578,2217,BRFL.NS
2014-02-03,185.3000030517578,200.75,185.1999969482422,191.6999969482422,191.6999969482422,30062,BRFL.NS
2014-02-04,195.5,201.0,189.0,195.8000030517578,195.8000030517578,29918,BRFL.NS
2014-02-05,198.0,199.0,192.1999969482422,196.9499969482422,196.9499969482422,2626,BRFL.NS
2014-02-06,198.0,200.75,193.0,197.89999389648438,197.89999389648438,1194,BRFL.NS
2014-02-07,195.10000610351562,200.0,194.8000030517578,199.60000610351562,199.60000610351562,6664,BRFL.NS
2014-02-10,198.0,202.0,197.0,200.0500030517578,200.0500030517578,34745,BRFL.NS
2014-02-11,202.9499969482422,203.0,197.0,198.35000610351562,198.35000610351562,140065,BRFL.NS
2014-02-12,197.0,201.4499969482422,192.0,199.4499969482422,199.4499969482422,478,BRFL.NS
2014-02-13,199.0,200.9499969482422,197.14999389648438,199.35000610351562,199.35000610351562,14899,BRFL.NS
2014-02-14,195.14999389648438,202.0,195.0,200.39999389648438,200.39999389648438,58311,BRFL.NS
2014-02-17,196.0500030517578,200.39999389648438,196.0,196.25,196.25,240,BRFL.NS
2014-02-18,196.85000610351562,202.0,193.64999389648438,199.0500030517578,199.0500030517578,69445,BRFL.NS
2014-02-19,199.9499969482422,200.0,195.25,197.0,197.0,1229,BRFL.NS
2014-02-20,196.89999389648438,200.0,195.0,199.9499969482422,199.9499969482422,2037,BRFL.NS
2014-02-21,199.39999389648438,200.0,196.0,199.1999969482422,199.1999969482422,6498,BRFL.NS
2014-02-24,197.0,200.0,195.0500030517578,199.0,199.0,2865,BRFL.NS
2014-02-25,196.25,200.0,194.0,199.0500030517578,199.0500030517578,2680,BRFL.NS
2014-02-26,197.0,199.9499969482422,194.8000030517578,199.10000610351562,199.10000610351562,76460,BRFL.NS
2014-02-28,197.9499969482422,199.89999389648438,188.6999969482422,195.75,195.75,4430,BRFL.NS
2014-03-03,191.5,197.9499969482422,191.4499969482422,194.39999389648438,194.39999389648438,1823,BRFL.NS
2014-03-04,199.9499969482422,199.9499969482422,192.8000030517578,198.14999389648438,198.14999389648438,16875,BRFL.NS
2014-03-05,201.89999389648438,205.0,193.5,197.25,197.25,2743,BRFL.NS
2014-03-06,197.64999389648438,199.0,195.0,195.6999969482422,195.6999969482422,769,BRFL.NS
2014-03-07,193.0,200.0,193.0,197.85000610351562,197.85000610351562,57427,BRFL.NS
2014-03-10,197.85000610351562,198.75,195.0,195.9499969482422,195.9499969482422,115405,BRFL.NS
2014-03-11,195.9499969482422,207.0,193.0500030517578,197.8000030517578,197.8000030517578,83251,BRFL.NS
2014-03-12,194.0500030517578,200.0,194.0500030517578,199.6999969482422,199.6999969482422,37435,BRFL.NS
2014-03-13,199.8000030517578,200.0,196.5,199.60000610351562,199.60000610351562,19319,BRFL.NS
2014-03-14,197.0,199.0,196.64999389648438,196.9499969482422,196.9499969482422,679,BRFL.NS
2014-03-18,194.5,201.0,194.0,199.60000610351562,199.60000610351562,213402,BRFL.NS
2014-03-19,199.8000030517578,200.0,194.10000610351562,197.4499969482422,197.4499969482422,86162,BRFL.NS
2014-03-20,194.25,200.0,193.0,195.25,195.25,37013,BRFL.NS
2014-03-21,198.10000610351562,205.0500030517578,194.6999969482422,202.9499969482422,202.9499969482422,10240,BRFL.NS
2014-03-24,201.4499969482422,220.0,198.0,213.35000610351562,213.35000610351562,165894,BRFL.NS
2014-03-25,214.6999969482422,223.39999389648438,213.6999969482422,218.8000030517578,218.8000030517578,13927,BRFL.NS
2014-03-26,221.0,227.89999389648438,217.5,219.0500030517578,219.0500030517578,207689,BRFL.NS
2014-03-27,215.25,222.89999389648438,175.25,181.10000610351562,181.10000610351562,214131,BRFL.NS
2014-03-28,184.0,209.75,181.10000610351562,198.1999969482422,198.1999969482422,436468,BRFL.NS
2014-03-31,207.0,219.0,200.0,217.75,217.75,193675,BRFL.NS
2014-04-01,211.0,212.0500030517578,205.3000030517578,206.5,206.5,19018,BRFL.NS
2014-04-02,206.10000610351562,209.89999389648438,202.14999389648438,204.5,204.5,16415,BRFL.NS
2014-04-03,204.5,212.85000610351562,195.0,196.0500030517578,196.0500030517578,26832,BRFL.NS
2014-04-04,192.75,202.0,192.0,197.9499969482422,197.9499969482422,21402,BRFL.NS
2014-04-07,196.75,203.0,194.0,195.1999969482422,195.1999969482422,4539,BRFL.NS
2014-04-09,196.75,197.60000610351562,194.0,194.14999389648438,194.14999389648438,40095,BRFL.NS
2014-04-10,194.75,197.0,193.0,193.6999969482422,193.6999969482422,2165,BRFL.NS
2014-04-11,192.0,195.0,188.0500030517578,190.5500030517578,190.5500030517578,28644,BRFL.NS
2014-04-15,194.0,194.0,188.0500030517578,190.4499969482422,190.4499969482422,36363,BRFL.NS
2014-04-16,191.60000610351562,196.8000030517578,187.3000030517578,187.85000610351562,187.85000610351562,4915,BRFL.NS
2014-04-17,189.89999389648438,190.0,188.5,189.5500030517578,189.5500030517578,27071,BRFL.NS
2014-04-21,187.0500030517578,190.5500030517578,186.0,187.3000030517578,187.3000030517578,3107,BRFL.NS
2014-04-22,183.0,189.9499969482422,183.0,186.3000030517578,186.3000030517578,4551,BRFL.NS
2014-04-23,188.85000610351562,189.89999389648438,185.10000610351562,185.89999389648438,185.89999389648438,2370,BRFL.NS
2014-04-24,185.89999389648438,185.89999389648438,185.89999389648438,185.89999389648438,185.89999389648438,0,BRFL.NS
2014-04-25,187.9499969482422,189.60000610351562,186.0,186.5,186.5,1561,BRFL.NS
2014-04-28,191.5,191.64999389648438,180.3000030517578,182.85000610351562,182.85000610351562,5628,BRFL.NS
2014-04-29,184.0,184.0,180.0,181.3000030517578,181.3000030517578,5876,BRFL.NS
2014-04-30,182.0,184.14999389648438,176.5,178.3000030517578,178.3000030517578,4957,BRFL.NS
2014-05-02,179.6999969482422,181.39999389648438,175.39999389648438,176.14999389648438,176.14999389648438,5822,BRFL.NS
2014-05-05,174.39999389648438,180.0,171.64999389648438,179.5,179.5,2823,BRFL.NS
2014-05-06,177.6999969482422,182.85000610351562,177.0500030517578,178.10000610351562,178.10000610351562,1997,BRFL.NS
2014-05-07,177.0,180.9499969482422,176.3000030517578,179.14999389648438,179.14999389648438,1765,BRFL.NS
2014-05-08,180.0500030517578,180.0500030517578,177.5,178.39999389648438,178.39999389648438,1651,BRFL.NS
2014-05-09,180.0500030517578,180.0500030517578,176.64999389648438,178.14999389648438,178.14999389648438,2840,BRFL.NS
2014-05-12,178.0500030517578,180.0,174.0,179.14999389648438,179.14999389648438,3658,BRFL.NS
2014-05-13,180.0,181.75,177.0,178.8000030517578,178.8000030517578,5242,BRFL.NS
2014-05-14,166.0,196.25,161.0,179.75,179.75,3979,BRFL.NS
2014-05-15,179.9499969482422,181.0,177.0500030517578,178.5500030517578,178.5500030517578,2875,BRFL.NS
2014-05-16,184.9499969482422,185.0,178.0,178.25,178.25,2770,BRFL.NS
2014-05-19,183.89999389648438,183.9499969482422,170.3000030517578,182.9499969482422,182.9499969482422,8959,BRFL.NS
2014-05-20,180.39999389648438,186.89999389648438,178.75,184.64999389648438,184.64999389648438,5313,BRFL.NS
2014-05-21,186.9499969482422,194.0,183.5,191.39999389648438,191.39999389648438,10024,BRFL.NS
2014-05-22,196.0,204.0,190.1999969482422,198.8000030517578,198.8000030517578,325008,BRFL.NS
2014-05-23,208.0,210.0,194.0,197.1999969482422,197.1999969482422,112178,BRFL.NS
2014-05-26,204.8000030517578,208.85000610351562,190.0,193.5,193.5,20309,BRFL.NS
2014-05-27,195.0,195.0,186.0,186.75,186.75,4546,BRFL.NS
2014-05-28,189.39999389648438,191.89999389648438,167.0,176.0,176.0,94348,BRFL.NS
2014-05-29,180.0,183.9499969482422,175.10000610351562,178.0,178.0,43029,BRFL.NS
2014-05-30,178.0,185.0500030517578,175.0,176.75,176.75,30421,BRFL.NS
2014-06-02,179.8000030517578,182.0500030517578,176.85000610351562,179.0,179.0,30762,BRFL.NS
2014-06-03,177.10000610351562,184.0,177.10000610351562,180.4499969482422,180.4499969482422,42271,BRFL.NS
2014-06-04,182.9499969482422,189.75,169.1999969482422,172.5500030517578,172.5500030517578,167288,BRFL.NS
2014-06-05,180.0,180.0,175.0500030517578,177.10000610351562,177.10000610351562,38563,BRFL.NS
2014-06-06,184.0500030517578,184.89999389648438,175.1999969482422,178.0,178.0,80896,BRFL.NS
2014-06-09,178.60000610351562,180.0,178.0,179.0500030517578,179.0500030517578,41060,BRFL.NS
2014-06-10,177.35000610351562,183.75,177.35000610351562,181.64999389648438,181.64999389648438,22854,BRFL.NS
2014-06-11,182.0,184.75,176.64999389648438,178.0,178.0,16018,BRFL.NS
2014-06-12,178.10000610351562,182.4499969482422,176.0500030517578,176.75,176.75,8506,BRFL.NS
2014-06-13,175.0500030517578,180.5,172.0500030517578,172.8000030517578,172.8000030517578,21883,BRFL.NS
2014-06-16,167.0,176.0,167.0,169.9499969482422,169.9499969482422,25389,BRFL.NS
2014-06-17,174.39999389648438,174.39999389648438,169.10000610351562,169.75,169.75,10748,BRFL.NS
2014-06-18,172.85000610351562,172.85000610351562,167.0,167.64999389648438,167.64999389648438,20269,BRFL.NS
2014-06-19,169.5,176.35000610351562,167.39999389648438,173.0,173.0,242999,BRFL.NS
2014-06-20,179.8000030517578,179.8000030517578,165.35000610351562,166.9499969482422,166.9499969482422,43784,BRFL.NS
2014-06-23,166.9499969482422,169.85000610351562,166.0,166.89999389648438,166.89999389648438,10360,BRFL.NS
2014-06-24,166.89999389648438,169.89999389648438,166.0,167.10000610351562,167.10000610351562,53833,BRFL.NS
2014-06-25,168.5,173.0,167.5,169.75,169.75,18751,BRFL.NS
2014-06-26,168.5500030517578,170.0,164.25,165.85000610351562,165.85000610351562,15360,BRFL.NS
2014-06-27,167.35000610351562,168.5,164.25,166.35000610351562,166.35000610351562,10231,BRFL.NS
2014-06-30,167.0,170.0,167.0,167.64999389648438,167.64999389648438,7908,BRFL.NS
2014-07-01,166.0,169.0,166.0,166.75,166.75,12744,BRFL.NS
2014-07-02,166.75,168.0500030517578,166.60000610351562,166.89999389648438,166.89999389648438,18405,BRFL.NS
2014-07-03,167.0,168.0,164.3000030517578,164.75,164.75,18249,BRFL.NS
2014-07-04,165.8000030517578,165.89999389648438,161.89999389648438,162.5,162.5,28773,BRFL.NS
2014-07-07,162.5,162.5500030517578,159.0,160.0500030517578,160.0500030517578,26085,BRFL.NS
2014-07-08,161.25,161.3000030517578,153.5,155.3000030517578,155.3000030517578,33798,BRFL.NS
2014-07-09,150.5500030517578,158.89999389648438,150.5500030517578,155.35000610351562,155.35000610351562,22392,BRFL.NS
2014-07-10,155.25,169.0,152.5500030517578,163.25,163.25,52763,BRFL.NS
2014-07-11,168.0,168.0,159.0,160.5,160.5,10581,BRFL.NS
2014-07-14,159.0,161.0,154.1999969482422,157.85000610351562,157.85000610351562,7856,BRFL.NS
2014-07-15,158.9499969482422,162.25,158.9499969482422,161.5500030517578,161.5500030517578,4975,BRFL.NS
2014-07-16,161.10000610351562,164.5,153.60000610351562,157.64999389648438,157.64999389648438,9660,BRFL.NS
2014-07-17,157.64999389648438,160.5,157.0,158.10000610351562,158.10000610351562,7624,BRFL.NS
2014-07-18,156.10000610351562,158.75,155.25,156.5500030517578,156.5500030517578,5963,BRFL.NS
2014-07-21,156.5,162.0,156.5,159.75,159.75,12744,BRFL.NS
2014-07-22,159.75,162.10000610351562,157.9499969482422,158.25,158.25,8464,BRFL.NS
2014-07-23,160.10000610351562,163.0,159.9499969482422,162.10000610351562,162.10000610351562,15838,BRFL.NS
2014-07-24,160.0500030517578,164.0,160.0500030517578,162.0500030517578,162.0500030517578,5569,BRFL.NS
2014-07-25,160.10000610351562,163.89999389648438,159.10000610351562,160.10000610351562,160.10000610351562,8337,BRFL.NS
2014-07-28,160.25,162.8000030517578,160.0,160.0500030517578,160.0500030517578,4223,BRFL.NS
2014-07-30,160.0500030517578,163.60000610351562,159.25,159.9499969482422,159.9499969482422,3704,BRFL.NS
2014-07-31,160.0,162.5500030517578,159.10000610351562,160.0500030517578,160.0500030517578,4095,BRFL.NS
2014-08-01,160.0,162.0,160.0,161.14999389648438,161.14999389648438,9170,BRFL.NS
2014-08-04,161.14999389648438,161.75,160.0,160.14999389648438,160.14999389648438,2402,BRFL.NS
2014-08-05,160.9499969482422,163.25,159.5,160.0,160.0,7124,BRFL.NS
2014-08-06,160.4499969482422,160.85000610351562,131.0,158.0,158.0,13968,BRFL.NS
2014-08-07,158.6999969482422,158.89999389648438,157.0,157.3000030517578,157.3000030517578,4675,BRFL.NS
2014-08-08,158.10000610351562,158.10000610351562,149.0,152.8000030517578,152.8000030517578,18689,BRFL.NS
2014-08-11,152.3000030517578,155.0,150.5,151.64999389648438,151.64999389648438,6529,BRFL.NS
2014-08-12,151.5,159.5,143.6999969482422,155.85000610351562,155.85000610351562,12592,BRFL.NS
2014-08-13,154.0500030517578,161.60000610351562,148.10000610351562,159.9499969482422,159.9499969482422,19512,BRFL.NS
2014-08-14,158.0,166.6999969482422,155.0,165.10000610351562,165.10000610351562,27432,BRFL.NS
2014-08-18,163.89999389648438,170.6999969482422,161.5500030517578,169.35000610351562,169.35000610351562,18751,BRFL.NS
2014-08-19,166.14999389648438,171.25,165.6999969482422,169.35000610351562,169.35000610351562,7839,BRFL.NS
2014-08-20,168.9499969482422,170.89999389648438,165.5500030517578,169.89999389648438,169.89999389648438,6459,BRFL.NS
2014-08-21,168.5500030517578,171.35000610351562,167.9499969482422,169.60000610351562,169.60000610351562,5308,BRFL.NS
2014-08-22,168.3000030517578,171.89999389648438,161.6999969482422,170.10000610351562,170.10000610351562,7768,BRFL.NS
2014-08-25,169.25,171.39999389648438,165.0,169.3000030517578,169.3000030517578,5436,BRFL.NS
2014-08-26,167.25,171.0,163.0,168.39999389648438,168.39999389648438,11064,BRFL.NS
2014-08-27,168.0,168.5,164.5,166.6999969482422,166.6999969482422,9743,BRFL.NS
2014-08-28,166.0500030517578,168.0,163.0,164.0,164.0,6786,BRFL.NS
2014-09-01,164.5,166.5,164.5,165.10000610351562,165.10000610351562,2312,BRFL.NS
2014-09-02,165.0500030517578,168.64999389648438,165.0,165.75,165.75,72571,BRFL.NS
2014-09-03,167.0,167.0,161.4499969482422,162.14999389648438,162.14999389648438,6814,BRFL.NS
2014-09-04,162.14999389648438,164.10000610351562,158.0,162.3000030517578,162.3000030517578,8235,BRFL.NS
2014-09-05,158.0,164.0,157.1999969482422,160.0,160.0,4953,BRFL.NS
2014-09-08,159.0500030517578,162.4499969482422,156.5,157.4499969482422,157.4499969482422,5342,BRFL.NS
2014-09-09,157.5500030517578,159.85000610351562,156.5,159.25,159.25,4852,BRFL.NS
2014-09-10,158.0500030517578,161.0,153.64999389648438,157.3000030517578,157.3000030517578,4253,BRFL.NS
2014-09-11,164.0,164.0,157.5,161.35000610351562,161.35000610351562,9389,BRFL.NS
2014-09-12,161.35000610351562,167.0,160.0,161.25,161.25,5937,BRFL.NS
2014-09-15,159.5,161.10000610351562,158.0,158.89999389648438,158.89999389648438,1578,BRFL.NS
2014-09-16,160.0,161.64999389648438,157.0,159.39999389648438,159.39999389648438,1487,BRFL.NS
2014-09-17,159.4499969482422,159.4499969482422,155.10000610351562,156.35000610351562,156.35000610351562,2875,BRFL.NS
2014-09-18,157.89999389648438,159.9499969482422,155.10000610351562,156.64999389648438,156.64999389648438,3154,BRFL.NS
2014-09-19,155.10000610351562,160.14999389648438,154.0,156.0500030517578,156.0500030517578,58585,BRFL.NS
2014-09-22,154.5,164.0,154.5,156.1999969482422,156.1999969482422,172497,BRFL.NS
2014-09-23,155.5,163.35000610351562,154.75,156.35000610351562,156.35000610351562,41070,BRFL.NS
2014-09-24,154.8000030517578,163.0,154.10000610351562,161.5500030517578,161.5500030517578,6349,BRFL.NS
2014-09-25,161.0,162.0,152.0,153.5,153.5,6151,BRFL.NS
2014-09-26,153.5500030517578,155.0,151.14999389648438,151.85000610351562,151.85000610351562,6375,BRFL.NS
2014-09-29,154.0,155.89999389648438,138.0500030517578,144.4499969482422,144.4499969482422,71026,BRFL.NS
2014-09-30,145.5,150.5500030517578,139.5,149.5500030517578,149.5500030517578,27240,BRFL.NS
2014-10-01,147.89999389648438,153.5,143.5,145.8000030517578,145.8000030517578,46797,BRFL.NS
2014-10-07,148.5,150.0,145.0,145.5500030517578,145.5500030517578,3162,BRFL.NS
2014-10-08,148.0,148.0,144.10000610351562,144.60000610351562,144.60000610351562,1040,BRFL.NS
2014-10-09,145.0,147.0,145.0,145.85000610351562,145.85000610351562,2143,BRFL.NS
2014-10-10,145.10000610351562,147.0,144.39999389648438,144.5500030517578,144.5500030517578,487,BRFL.NS
2014-10-13,145.0,146.0,142.5,143.64999389648438,143.64999389648438,4349,BRFL.NS
2014-10-14,144.0,146.0,138.10000610351562,140.0,140.0,6289,BRFL.NS
2014-10-15,140.0,140.0,140.0,140.0,140.0,0,BRFL.NS
2014-10-16,138.60000610351562,156.5,137.4499969482422,149.10000610351562,149.10000610351562,19125,BRFL.NS
2014-10-17,142.0,147.60000610351562,142.0,143.6999969482422,143.6999969482422,2580,BRFL.NS
2014-10-20,143.6999969482422,149.0,142.89999389648438,147.75,147.75,25075,BRFL.NS
2014-10-21,146.0,147.0,142.60000610351562,146.10000610351562,146.10000610351562,11679,BRFL.NS
2014-10-22,145.5,147.0,144.64999389648438,146.35000610351562,146.35000610351562,8997,BRFL.NS
2014-10-27,142.0,148.25,142.0,143.5,143.5,656,BRFL.NS
2014-10-28,143.0,146.39999389648438,143.0,143.0500030517578,143.0500030517578,685,BRFL.NS
2014-10-29,144.0,147.0,143.0,143.85000610351562,143.85000610351562,1329,BRFL.NS
2014-10-30,145.0,147.0,141.10000610351562,142.9499969482422,142.9499969482422,18777,BRFL.NS
2014-10-31,144.14999389648438,145.0,141.64999389648438,142.89999389648438,142.89999389648438,10610,BRFL.NS
2014-11-03,144.0,144.89999389648438,140.5,142.3000030517578,142.3000030517578,68780,BRFL.NS
2014-11-05,142.75,145.89999389648438,141.5,142.5,142.5,72513,BRFL.NS
2014-11-07,143.0,146.5,142.0,142.5500030517578,142.5500030517578,3265,BRFL.NS
2014-11-10,143.0,143.85000610351562,141.5,142.10000610351562,142.10000610351562,1863,BRFL.NS
2014-11-11,141.75,147.5,141.6999969482422,143.5500030517578,143.5500030517578,3748,BRFL.NS
2014-11-12,143.60000610351562,143.60000610351562,139.10000610351562,141.0500030517578,141.0500030517578,4228,BRFL.NS
2014-11-13,143.0,144.9499969482422,140.0,141.75,141.75,18366,BRFL.NS
2014-11-14,140.3000030517578,143.89999389648438,138.0,139.3000030517578,139.3000030517578,6766,BRFL.NS
2014-11-17,144.0,144.0,137.10000610351562,138.1999969482422,138.1999969482422,2033,BRFL.NS
2014-11-18,139.0,140.0,130.3000030517578,133.64999389648438,133.64999389648438,10503,BRFL.NS
2014-11-19,134.0,139.0,129.35000610351562,135.39999389648438,135.39999389648438,53825,BRFL.NS
2014-11-20,137.89999389648438,142.0,132.0,138.64999389648438,138.64999389648438,12085,BRFL.NS
2014-11-21,141.0,141.0,137.0,138.1999969482422,138.1999969482422,2012,BRFL.NS
2014-11-24,137.0,143.0500030517578,135.10000610351562,136.25,136.25,2338,BRFL.NS
2014-11-25,137.0,138.9499969482422,131.5,132.75,132.75,3197,BRFL.NS
2014-11-26,132.0500030517578,135.89999389648438,132.0500030517578,132.85000610351562,132.85000610351562,1797,BRFL.NS
2014-11-27,132.0,135.89999389648438,131.5,133.4499969482422,133.4499969482422,2730,BRFL.NS
2014-11-28,132.3000030517578,136.3000030517578,132.10000610351562,134.35000610351562,134.35000610351562,5907,BRFL.NS
2014-12-01,131.10000610351562,137.9499969482422,131.10000610351562,136.0,136.0,2319,BRFL.NS
2014-12-02,136.0,137.75,135.0,135.6999969482422,135.6999969482422,2570,BRFL.NS
2014-12-03,135.10000610351562,138.0,133.5,137.10000610351562,137.10000610351562,1629,BRFL.NS
2014-12-04,137.10000610351562,137.10000610351562,137.10000610351562,137.10000610351562,137.10000610351562,0,BRFL.NS
2014-12-05,138.8000030517578,139.0,134.0,136.75,136.75,4460,BRFL.NS
2014-12-08,135.39999389648438,138.10000610351562,132.64999389648438,133.25,133.25,2316,BRFL.NS
2014-12-09,133.25,133.25,133.25,133.25,133.25,0,BRFL.NS
2014-12-10,131.0,133.0,130.85000610351562,131.14999389648438,131.14999389648438,1546,BRFL.NS
2014-12-11,130.10000610351562,132.75,128.0500030517578,128.9499969482422,128.9499969482422,3565,BRFL.NS
2014-12-12,130.0,130.0,121.0,123.5,123.5,8919,BRFL.NS
2014-12-15,121.5,123.0,117.0,117.80000305175781,117.80000305175781,2868,BRFL.NS
2014-12-16,117.80000305175781,119.05000305175781,114.19999694824219,115.30000305175781,115.30000305175781,9993,BRFL.NS
2014-12-17,115.4000015258789,121.0,103.6500015258789,113.75,113.75,12714,BRFL.NS
2014-12-18,114.9000015258789,119.94999694824219,114.9000015258789,117.1500015258789,117.1500015258789,5868,BRFL.NS
2014-12-19,120.0,124.0,118.30000305175781,122.44999694824219,122.44999694824219,5113,BRFL.NS
2014-12-22,123.69999694824219,128.25,123.6500015258789,124.1500015258789,124.1500015258789,2516,BRFL.NS
2014-12-23,125.4000015258789,127.25,125.4000015258789,125.80000305175781,125.80000305175781,1239,BRFL.NS
2014-12-24,127.05000305175781,129.89999389648438,120.5,128.0500030517578,128.0500030517578,2246,BRFL.NS
2014-12-26,128.0500030517578,128.0500030517578,124.05000305175781,127.55000305175781,127.55000305175781,679,BRFL.NS
2014-12-29,127.5,136.14999389648438,125.5999984741211,131.60000610351562,131.60000610351562,2188,BRFL.NS
2014-12-30,133.5,133.5,128.0,131.1999969482422,131.1999969482422,1496,BRFL.NS
2014-12-31,128.0,139.0,127.5,135.0500030517578,135.0500030517578,5004,BRFL.NS
2015-01-01,135.10000610351562,135.89999389648438,129.60000610351562,133.85000610351562,133.85000610351562,2370,BRFL.NS
2015-01-02,134.6999969482422,135.25,130.10000610351562,131.10000610351562,131.10000610351562,1433,BRFL.NS
2015-01-05,138.0,138.0,132.39999389648438,132.6999969482422,132.6999969482422,1111,BRFL.NS
2015-01-06,132.0500030517578,133.89999389648438,123.5,128.89999389648438,128.89999389648438,1731,BRFL.NS
2015-01-07,130.0,131.0,123.6500015258789,125.44999694824219,125.44999694824219,882,BRFL.NS
2015-01-08,127.0,128.89999389648438,125.0,125.1500015258789,125.1500015258789,1184,BRFL.NS
2015-01-09,126.0,128.9499969482422,124.5,125.1500015258789,125.1500015258789,894,BRFL.NS
2015-01-12,125.0,128.39999389648438,122.0,127.0999984741211,127.0999984741211,1753,BRFL.NS
2015-01-13,127.25,139.0,126.30000305175781,137.39999389648438,137.39999389648438,7120,BRFL.NS
2015-01-14,137.39999389648438,140.5,131.0,137.75,137.75,5390,BRFL.NS
2015-01-15,137.75,137.75,132.6999969482422,133.4499969482422,133.4499969482422,1481,BRFL.NS
2015-01-16,136.89999389648438,136.89999389648438,130.5,132.25,132.25,2170,BRFL.NS
2015-01-19,132.0,132.9499969482422,129.60000610351562,130.39999389648438,130.39999389648438,1378,BRFL.NS
2015-01-20,131.0,134.0,129.0500030517578,129.5,129.5,1550,BRFL.NS
2015-01-21,130.0,132.0,128.10000610351562,129.0,129.0,721,BRFL.NS
2015-01-22,130.0,133.0,128.60000610351562,130.5500030517578,130.5500030517578,26029,BRFL.NS
2015-01-23,130.5,132.0,128.0,128.0,128.0,26607,BRFL.NS
2015-01-27,127.0,131.9499969482422,126.75,127.75,127.75,29996,BRFL.NS
2015-01-28,130.0,130.0,122.0,124.75,124.75,38984,BRFL.NS
2015-01-29,124.75,128.0,123.0,127.94999694824219,127.94999694824219,50568,BRFL.NS
2015-01-30,126.0,129.5,124.8499984741211,128.1999969482422,128.1999969482422,2554,BRFL.NS
2015-02-02,127.0,127.0,125.0,125.5,125.5,1133,BRFL.NS
2015-02-03,125.19999694824219,131.89999389648438,123.0,131.14999389648438,131.14999389648438,57114,BRFL.NS
2015-02-04,128.5,132.0,127.6500015258789,131.8000030517578,131.8000030517578,23058,BRFL.NS
2015-02-05,131.0,137.8000030517578,128.3000030517578,134.39999389648438,134.39999389648438,24856,BRFL.NS
2015-02-06,135.0,135.0,124.5,127.44999694824219,127.44999694824219,1886,BRFL.NS
2015-02-09,126.0,126.0,121.5,122.75,122.75,657,BRFL.NS
2015-02-10,123.1500015258789,134.0,123.05000305175781,130.89999389648438,130.89999389648438,5129,BRFL.NS
2015-02-11,127.0,131.0,127.0,128.0,128.0,1680,BRFL.NS
2015-02-12,128.0500030517578,128.0500030517578,125.0999984741211,126.8499984741211,126.8499984741211,2681,BRFL.NS
2015-02-13,126.0,131.0,125.5,127.8499984741211,127.8499984741211,2736,BRFL.NS
2015-02-16,126.55000305175781,126.55000305175781,124.4000015258789,126.5,126.5,3896,BRFL.NS
2015-02-18,125.25,125.25,123.0,123.6500015258789,123.6500015258789,15781,BRFL.NS
2015-02-19,123.0,140.8000030517578,120.0999984741211,133.64999389648438,133.64999389648438,24232,BRFL.NS
2015-02-20,127.6500015258789,133.64999389648438,127.6500015258789,131.5,131.5,6627,BRFL.NS
2015-02-23,135.0,157.8000030517578,130.1999969482422,147.35000610351562,147.35000610351562,352802,BRFL.NS
2015-02-24,147.6999969482422,151.4499969482422,134.1999969482422,147.0500030517578,147.0500030517578,87263,BRFL.NS
2015-02-25,148.0,154.85000610351562,144.8000030517578,146.4499969482422,146.4499969482422,107313,BRFL.NS
2015-02-26,147.89999389648438,147.89999389648438,139.10000610351562,142.5500030517578,142.5500030517578,13690,BRFL.NS
2015-02-27,142.35000610351562,147.85000610351562,140.0,140.6999969482422,140.6999969482422,10398,BRFL.NS
2015-03-02,142.0500030517578,144.0,136.5,138.0,138.0,12134,BRFL.NS
2015-03-03,139.5,140.5,136.0,137.85000610351562,137.85000610351562,4669,BRFL.NS
2015-03-04,137.0500030517578,138.0,129.0500030517578,131.39999389648438,131.39999389648438,11235,BRFL.NS
2015-03-05,130.10000610351562,134.14999389648438,128.1999969482422,129.25,129.25,7138,BRFL.NS
2015-03-09,130.0,132.0,127.5,129.6999969482422,129.6999969482422,2820,BRFL.NS
2015-03-10,128.0500030517578,130.0,123.6500015258789,128.0500030517578,128.0500030517578,2415,BRFL.NS
2015-03-11,128.0500030517578,129.85000610351562,126.6500015258789,127.4000015258789,127.4000015258789,1184,BRFL.NS
2015-03-12,127.19999694824219,131.89999389648438,126.5,127.80000305175781,127.80000305175781,1506,BRFL.NS
2015-03-13,131.0,135.64999389648438,126.0,126.5999984741211,126.5999984741211,313582,BRFL.NS
2015-03-16,128.1999969482422,130.5,125.5,127.4000015258789,127.4000015258789,177419,BRFL.NS
2015-03-17,127.5,127.55000305175781,122.19999694824219,124.3499984741211,124.3499984741211,4374,BRFL.NS
2015-03-18,123.0,125.80000305175781,118.6500015258789,123.05000305175781,123.05000305175781,7080,BRFL.NS
2015-03-19,124.0,126.94999694824219,121.19999694824219,121.44999694824219,121.44999694824219,1839,BRFL.NS
2015-03-20,125.5,125.5,116.0,117.0,117.0,32664,BRFL.NS
2015-03-23,121.0999984741211,138.39999389648438,114.0999984741211,115.75,115.75,66167,BRFL.NS
2015-03-24,114.0,134.75,113.1500015258789,131.1999969482422,131.1999969482422,42270,BRFL.NS
2015-03-25,131.0,139.0,125.0,135.0500030517578,135.0500030517578,45711,BRFL.NS
2015-03-26,132.0,133.89999389648438,122.0999984741211,131.10000610351562,131.10000610351562,9961,BRFL.NS
2015-03-27,125.5,146.0,125.3499984741211,137.85000610351562,137.85000610351562,24798,BRFL.NS
2015-03-30,135.0,154.6999969482422,134.39999389648438,146.6999969482422,146.6999969482422,58576,BRFL.NS
2015-03-31,139.0,154.0,139.0,151.39999389648438,151.39999389648438,32513,BRFL.NS
2015-04-01,146.0,147.89999389648438,142.4499969482422,144.3000030517578,144.3000030517578,7257,BRFL.NS
2015-04-06,137.1999969482422,144.89999389648438,137.1999969482422,141.25,141.25,2166,BRFL.NS
2015-04-07,148.0500030517578,148.0500030517578,136.0,139.5500030517578,139.5500030517578,2822,BRFL.NS
2015-04-08,139.5500030517578,142.6999969482422,137.0,139.14999389648438,139.14999389648438,4128,BRFL.NS
2015-04-09,138.5,143.0,138.5,139.10000610351562,139.10000610351562,16905,BRFL.NS
2015-04-10,133.0,144.10000610351562,133.0,140.14999389648438,140.14999389648438,28288,BRFL.NS
2015-04-13,141.0,141.8000030517578,136.0,137.8000030517578,137.8000030517578,31282,BRFL.NS
2015-04-15,137.10000610351562,140.0,135.0,135.75,135.75,4200,BRFL.NS
2015-04-16,133.0,138.35000610351562,133.0,135.0,135.0,1357,BRFL.NS
2015-04-17,134.0,140.0500030517578,131.10000610351562,137.9499969482422,137.9499969482422,2214,BRFL.NS
2015-04-20,140.0,140.0,134.0,134.60000610351562,134.60000610351562,11114,BRFL.NS
2015-04-21,136.5,140.5,135.14999389648438,136.60000610351562,136.60000610351562,3172,BRFL.NS
2015-04-22,136.0,139.75,133.0,135.3000030517578,135.3000030517578,78129,BRFL.NS
2015-04-23,131.5,136.39999389648438,131.5,133.9499969482422,133.9499969482422,1334,BRFL.NS
2015-04-24,132.5,136.39999389648438,127.0,130.39999389648438,130.39999389648438,3266,BRFL.NS
2015-04-27,133.0,133.0,124.0999984741211,124.75,124.75,29263,BRFL.NS
2015-04-28,124.1500015258789,129.85000610351562,124.0,126.4000015258789,126.4000015258789,1139,BRFL.NS
2015-04-29,125.0,127.94999694824219,123.5,126.0999984741211,126.0999984741211,50456,BRFL.NS
2015-04-30,123.6500015258789,129.8000030517578,123.44999694824219,124.25,124.25,1284,BRFL.NS
2015-05-04,122.5,126.0,122.5,123.44999694824219,123.44999694824219,1631,BRFL.NS
2015-05-05,125.94999694824219,129.60000610351562,123.0,124.55000305175781,124.55000305175781,1884,BRFL.NS
2015-05-06,124.05000305175781,126.44999694824219,122.5,123.19999694824219,123.19999694824219,1453,BRFL.NS
2015-05-07,123.19999694824219,124.6500015258789,122.05000305175781,122.80000305175781,122.80000305175781,116811,BRFL.NS
2015-05-08,128.0,128.0,125.0,125.9000015258789,125.9000015258789,78574,BRFL.NS
2015-05-11,125.5,128.4499969482422,125.0,126.80000305175781,126.80000305175781,25479,BRFL.NS
2015-05-12,125.5,128.5,121.1500015258789,123.5,123.5,86299,BRFL.NS
2015-05-13,122.94999694824219,125.5,122.75,123.44999694824219,123.44999694824219,1012,BRFL.NS
2015-05-14,123.0,124.0,121.1500015258789,122.25,122.25,344,BRFL.NS
2015-05-15,122.9000015258789,128.35000610351562,122.9000015258789,127.19999694824219,127.19999694824219,3522,BRFL.NS
2015-05-18,122.25,128.0,122.25,127.94999694824219,127.94999694824219,324,BRFL.NS
2015-05-19,127.0,128.4499969482422,124.0,124.5999984741211,124.5999984741211,395,BRFL.NS
2015-05-20,124.5999984741211,127.9000015258789,124.4000015258789,124.80000305175781,124.80000305175781,876,BRFL.NS
2015-05-21,124.5,127.8499984741211,124.5,126.05000305175781,126.05000305175781,452,BRFL.NS
2015-05-22,125.5,130.0,125.5,126.9000015258789,126.9000015258789,1142,BRFL.NS
2015-05-25,125.0,134.89999389648438,125.0,128.8000030517578,128.8000030517578,7454,BRFL.NS
2015-05-26,134.9499969482422,134.9499969482422,128.0,128.9499969482422,128.9499969482422,78366,BRFL.NS
2015-05-27,128.9499969482422,129.0,122.0,127.5,127.5,330,BRFL.NS
2015-05-28,126.0,129.0,121.5999984741211,127.94999694824219,127.94999694824219,1055,BRFL.NS
2015-05-29,126.0,128.10000610351562,126.0,126.94999694824219,126.94999694824219,728,BRFL.NS
2015-06-01,126.0,127.5,122.0999984741211,122.44999694824219,122.44999694824219,4616,BRFL.NS
2015-06-02,125.0,126.6500015258789,120.0999984741211,121.69999694824219,121.69999694824219,4198,BRFL.NS
2015-06-03,121.0,124.0,118.0,119.0,119.0,667,BRFL.NS
2015-06-04,118.0,120.9000015258789,117.0999984741211,118.0,118.0,592,BRFL.NS
2015-06-05,118.0,125.0,117.0,119.5,119.5,1498,BRFL.NS
2015-06-08,118.0,121.25,116.0,117.5999984741211,117.5999984741211,623,BRFL.NS
2015-06-09,117.0,121.80000305175781,109.5,116.4000015258789,116.4000015258789,6679,BRFL.NS
2015-06-10,117.0,124.0,116.0999984741211,121.30000305175781,121.30000305175781,2865,BRFL.NS
2015-06-11,121.25,122.9000015258789,113.0,117.19999694824219,117.19999694824219,1899,BRFL.NS
2015-06-12,116.0,122.5,115.05000305175781,117.94999694824219,117.94999694824219,1476,BRFL.NS
2015-06-15,120.0,122.0,116.0999984741211,120.25,120.25,107,BRFL.NS
2015-06-16,119.0,121.0,117.0,117.5,117.5,584,BRFL.NS
2015-06-17,118.0,125.0,115.5,122.9000015258789,122.9000015258789,1258,BRFL.NS
2015-06-18,122.0,130.89999389648438,120.0,129.9499969482422,129.9499969482422,9272,BRFL.NS
2015-06-19,129.0,133.0,127.5999984741211,128.39999389648438,128.39999389648438,1776,BRFL.NS
2015-06-22,126.5,144.5,126.5,137.5,137.5,6755,BRFL.NS
2015-06-23,140.0,148.14999389648438,137.4499969482422,146.0,146.0,6896,BRFL.NS
2015-06-24,140.10000610351562,147.89999389648438,140.10000610351562,145.60000610351562,145.60000610351562,3271,BRFL.NS
2015-06-25,143.0,145.1999969482422,141.10000610351562,143.0,143.0,912,BRFL.NS
2015-06-26,141.0,144.9499969482422,135.1999969482422,140.75,140.75,57186,BRFL.NS
2015-06-29,138.0,138.0,133.5,134.6999969482422,134.6999969482422,808,BRFL.NS
2015-06-30,143.0,149.85000610351562,136.0,141.14999389648438,141.14999389648438,4315,BRFL.NS
2015-07-01,140.10000610351562,146.25,136.0,140.25,140.25,5102,BRFL.NS
2015-07-02,137.0,141.0,137.0,138.5500030517578,138.5500030517578,1360,BRFL.NS
2015-07-03,137.0,142.60000610351562,137.0,139.3000030517578,139.3000030517578,2023,BRFL.NS
2015-07-06,139.8000030517578,141.89999389648438,139.10000610351562,139.5,139.5,525,BRFL.NS
2015-07-07,139.0,142.0,137.5,137.6999969482422,137.6999969482422,413,BRFL.NS
2015-07-08,137.0,143.89999389648438,136.0,142.10000610351562,142.10000610351562,1098,BRFL.NS
2015-07-09,139.0,139.9499969482422,137.0500030517578,139.4499969482422,139.4499969482422,3714,BRFL.NS
2015-07-10,137.0,142.0,128.3000030517578,136.0500030517578,136.0500030517578,12994,BRFL.NS
2015-07-13,138.0,140.5,136.0,138.4499969482422,138.4499969482422,1586,BRFL.NS
2015-07-14,137.0,142.5,137.0,138.14999389648438,138.14999389648438,2333,BRFL.NS
2015-07-15,136.64999389648438,141.9499969482422,136.5,137.9499969482422,137.9499969482422,2375,BRFL.NS
2015-07-16,137.0,138.75,136.0500030517578,136.9499969482422,136.9499969482422,637,BRFL.NS
2015-07-17,134.10000610351562,140.0,133.1999969482422,135.0500030517578,135.0500030517578,4424,BRFL.NS
2015-07-20,139.85000610351562,139.85000610351562,135.0,137.14999389648438,137.14999389648438,672,BRFL.NS
2015-07-21,136.0,137.1999969482422,132.25,134.0500030517578,134.0500030517578,991,BRFL.NS
2015-07-22,133.0,137.39999389648438,130.5,130.85000610351562,130.85000610351562,1151,BRFL.NS
2015-07-23,129.0,131.5,129.0,131.5,131.5,1107,BRFL.NS
2015-07-24,130.0,132.9499969482422,130.0,131.5500030517578,131.5500030517578,764,BRFL.NS
2015-07-27,131.0,131.0,130.0,130.0,130.0,76,BRFL.NS
2015-07-28,129.10000610351562,133.5,127.0,129.0500030517578,129.0500030517578,1496,BRFL.NS
2015-07-29,129.10000610351562,133.39999389648438,129.10000610351562,132.9499969482422,132.9499969482422,200,BRFL.NS
2015-07-30,133.0,134.5,132.39999389648438,134.4499969482422,134.4499969482422,1112,BRFL.NS
2015-07-31,134.5,134.5,132.5,133.0,133.0,1776,BRFL.NS
2015-08-03,131.0,134.5,127.0999984741211,131.35000610351562,131.35000610351562,1894,BRFL.NS
2015-08-04,130.0,140.25,130.0,139.1999969482422,139.1999969482422,6805,BRFL.NS
2015-08-05,149.0,149.0,139.0,142.4499969482422,142.4499969482422,2461,BRFL.NS
2015-08-06,140.0,145.0,134.0,135.9499969482422,135.9499969482422,1996,BRFL.NS
2015-08-07,134.10000610351562,141.0,134.10000610351562,140.85000610351562,140.85000610351562,2109,BRFL.NS
2015-08-10,139.0,140.39999389648438,135.0,135.0500030517578,135.0500030517578,7580,BRFL.NS
2015-08-11,133.10000610351562,136.5,132.10000610351562,132.9499969482422,132.9499969482422,502,BRFL.NS
2015-08-12,132.0,133.10000610351562,128.0,129.3000030517578,129.3000030517578,894,BRFL.NS
2015-08-13,129.0500030517578,133.5,128.5,129.0,129.0,1999,BRFL.NS
2015-08-14,128.0,130.0,128.0,130.0,130.0,272,BRFL.NS
2015-08-17,129.0,139.8000030517578,129.0,131.6999969482422,131.6999969482422,5620,BRFL.NS
2015-08-18,130.0,150.0,130.0,135.0,135.0,4530,BRFL.NS
2015-08-19,133.0,143.0,133.0,135.5,135.5,1550,BRFL.NS
2015-08-20,137.89999389648438,142.8000030517578,131.0,132.0,132.0,1840,BRFL.NS
2015-08-21,130.10000610351562,133.0,129.0,132.9499969482422,132.9499969482422,374,BRFL.NS
2015-08-24,121.6500015258789,131.75,115.0,119.25,119.25,1625,BRFL.NS
2015-08-25,116.5,125.80000305175781,116.5,123.8499984741211,123.8499984741211,1272,BRFL.NS
2015-08-26,123.19999694824219,125.0,118.30000305175781,120.6500015258789,120.6500015258789,172,BRFL.NS
2015-08-27,122.05000305175781,124.0,120.0,121.44999694824219,121.44999694824219,824,BRFL.NS
2015-08-28,120.44999694824219,123.8499984741211,118.0999984741211,119.30000305175781,119.30000305175781,894,BRFL.NS
2015-08-31,119.0,124.5,118.0999984741211,119.6500015258789,119.6500015258789,10625,BRFL.NS
2015-09-01,118.0,122.94999694824219,116.25,117.75,117.75,721,BRFL.NS
2015-09-02,116.05000305175781,124.8499984741211,116.05000305175781,118.1500015258789,118.1500015258789,196,BRFL.NS
2015-09-03,118.3499984741211,121.25,118.30000305175781,118.9000015258789,118.9000015258789,781,BRFL.NS
2015-09-04,118.9000015258789,119.0,110.94999694824219,112.05000305175781,112.05000305175781,1346,BRFL.NS
2015-09-07,113.0999984741211,116.5999984741211,110.30000305175781,115.80000305175781,115.80000305175781,358,BRFL.NS
2015-09-08,114.0,127.0,107.0,126.4000015258789,126.4000015258789,12329,BRFL.NS
2015-09-09,125.0,127.0,124.5,124.69999694824219,124.69999694824219,761,BRFL.NS
2015-09-10,124.0,124.0,120.0999984741211,121.5999984741211,121.5999984741211,154,BRFL.NS
2015-09-11,120.19999694824219,128.0,120.19999694824219,125.8499984741211,125.8499984741211,6343,BRFL.NS
2015-09-14,133.8000030517578,133.8000030517578,119.0999984741211,123.0999984741211,123.0999984741211,741,BRFL.NS
2015-09-15,122.0,124.0,120.0,124.0,124.0,1201,BRFL.NS
2015-09-16,125.94999694824219,126.0,121.4000015258789,124.44999694824219,124.44999694824219,272,BRFL.NS
2015-09-18,124.5,125.0,121.44999694824219,122.5,122.5,601,BRFL.NS
2015-09-21,125.9000015258789,125.9000015258789,121.0,123.0,123.0,933,BRFL.NS
2015-09-22,124.75,124.75,120.0,120.0,120.0,1815,BRFL.NS
2015-09-23,121.0,122.0,118.0,120.94999694824219,120.94999694824219,331,BRFL.NS
2015-09-24,121.5,121.5,118.0,118.75,118.75,1108,BRFL.NS
2015-09-28,119.5,124.30000305175781,116.25,117.1500015258789,117.1500015258789,1273,BRFL.NS
2015-09-29,116.0,121.8499984741211,116.0,117.4000015258789,117.4000015258789,1978,BRFL.NS
2015-09-30,117.44999694824219,122.0,117.4000015258789,120.8499984741211,120.8499984741211,1348,BRFL.NS
2015-10-01,121.9000015258789,121.9000015258789,117.0,118.4000015258789,118.4000015258789,1307,BRFL.NS
2015-10-05,123.0,127.0,120.69999694824219,124.0,124.0,49427,BRFL.NS
2015-10-06,124.5,138.0,124.0,134.5,134.5,228578,BRFL.NS
2015-10-07,137.89999389648438,149.0,133.10000610351562,148.0,148.0,318106,BRFL.NS
2015-10-08,148.0,159.89999389648438,145.0,154.4499969482422,154.4499969482422,277530,BRFL.NS
2015-10-09,156.89999389648438,164.89999389648438,148.14999389648438,150.85000610351562,150.85000610351562,360525,BRFL.NS
2015-10-12,153.89999389648438,155.5,148.5,154.0,154.0,71541,BRFL.NS
2015-10-13,153.89999389648438,162.0,152.5,159.75,159.75,75681,BRFL.NS
2015-10-14,160.0,164.89999389648438,158.0,161.25,161.25,98030,BRFL.NS
2015-10-15,167.0,167.0,158.4499969482422,159.5500030517578,159.5500030517578,196502,BRFL.NS
2015-10-16,164.89999389648438,164.9499969482422,158.10000610351562,162.0,162.0,243688,BRFL.NS
2015-10-19,162.10000610351562,164.25,157.60000610351562,161.5,161.5,51862,BRFL.NS
2015-10-20,160.9499969482422,176.0,160.9499969482422,172.10000610351562,172.10000610351562,42998,BRFL.NS
2015-10-21,174.9499969482422,174.9499969482422,165.4499969482422,172.0,172.0,16451,BRFL.NS
2015-10-23,170.1999969482422,174.5,167.1999969482422,170.64999389648438,170.64999389648438,250863,BRFL.NS
2015-10-26,171.75,173.8000030517578,167.10000610351562,168.1999969482422,168.1999969482422,241279,BRFL.NS
2015-10-27,169.0,170.89999389648438,165.3000030517578,167.0,167.0,238072,BRFL.NS
2015-10-28,168.9499969482422,168.9499969482422,159.0,164.3000030517578,164.3000030517578,145140,BRFL.NS
2015-10-29,163.9499969482422,164.89999389648438,156.0,160.35000610351562,160.35000610351562,89860,BRFL.NS
2015-10-30,176.6999969482422,176.6999969482422,158.0,161.5500030517578,161.5500030517578,22832,BRFL.NS
2015-11-02,161.35000610351562,167.60000610351562,158.0,160.1999969482422,160.1999969482422,200358,BRFL.NS
2015-11-03,165.5,165.5,159.0500030517578,161.89999389648438,161.89999389648438,77379,BRFL.NS
2015-11-04,166.5,166.5,158.0,159.10000610351562,159.10000610351562,37742,BRFL.NS
2015-11-05,162.0,163.25,155.10000610351562,158.5500030517578,158.5500030517578,17574,BRFL.NS
2015-11-06,158.0,165.8000030517578,156.5,163.35000610351562,163.35000610351562,108008,BRFL.NS
2015-11-09,161.4499969482422,162.39999389648438,155.6999969482422,157.25,157.25,69613,BRFL.NS
2015-11-10,163.64999389648438,163.6999969482422,153.35000610351562,155.0,155.0,4753,BRFL.NS
2015-11-13,155.0500030517578,164.85000610351562,155.0500030517578,161.5,161.5,67017,BRFL.NS
2015-11-16,165.0,165.0,158.0,161.3000030517578,161.3000030517578,2038,BRFL.NS
2015-11-17,161.25,162.5,155.0,158.4499969482422,158.4499969482422,8538,BRFL.NS
2015-11-18,160.0,164.5,156.0500030517578,161.4499969482422,161.4499969482422,59183,BRFL.NS
2015-11-19,159.5500030517578,167.0,159.5500030517578,165.25,165.25,10815,BRFL.NS
2015-11-20,163.0500030517578,192.39999389648438,160.60000610351562,185.6999969482422,185.6999969482422,387926,BRFL.NS
2015-11-23,188.0,198.8000030517578,188.0,192.4499969482422,192.4499969482422,86271,BRFL.NS
2015-11-24,190.0,215.0,183.39999389648438,191.4499969482422,191.4499969482422,20937,BRFL.NS
2015-11-26,191.10000610351562,193.6999969482422,185.0500030517578,186.0,186.0,13443,BRFL.NS
2015-11-27,191.0,202.39999389648438,186.0,199.89999389648438,199.89999389648438,501314,BRFL.NS
2015-11-30,199.9499969482422,202.39999389648438,193.5500030517578,198.9499969482422,198.9499969482422,204702,BRFL.NS
2015-12-01,199.0,200.9499969482422,192.0,192.8000030517578,192.8000030517578,14164,BRFL.NS
2015-12-02,192.0,196.0,182.39999389648438,188.10000610351562,188.10000610351562,21302,BRFL.NS
2015-12-03,189.10000610351562,194.0,186.14999389648438,191.0500030517578,191.0500030517578,17362,BRFL.NS
2015-12-04,190.4499969482422,190.4499969482422,187.0,188.8000030517578,188.8000030517578,27342,BRFL.NS
2015-12-07,191.0,196.39999389648438,188.3000030517578,190.0500030517578,190.0500030517578,37141,BRFL.NS
2015-12-08,188.5500030517578,189.89999389648438,184.0,185.85000610351562,185.85000610351562,5366,BRFL.NS
2015-12-09,185.3000030517578,190.0,175.5,183.9499969482422,183.9499969482422,23835,BRFL.NS
2015-12-10,182.1999969482422,189.75,176.4499969482422,188.39999389648438,188.39999389648438,26600,BRFL.NS
2015-12-11,186.5500030517578,189.0,177.0,177.9499969482422,177.9499969482422,12544,BRFL.NS
2015-12-14,175.3000030517578,183.89999389648438,174.0,181.60000610351562,181.60000610351562,28285,BRFL.NS
2015-12-15,180.25,184.0,176.0500030517578,176.64999389648438,176.64999389648438,2673,BRFL.NS
2015-12-16,179.6999969482422,184.0,174.5,178.35000610351562,178.35000610351562,8610,BRFL.NS
2015-12-17,178.0,183.0,174.1999969482422,180.89999389648438,180.89999389648438,9914,BRFL.NS
2015-12-18,183.8000030517578,183.8000030517578,176.75,177.39999389648438,177.39999389648438,46719,BRFL.NS
2015-12-21,180.0,182.89999389648438,174.1999969482422,180.8000030517578,180.8000030517578,48147,BRFL.NS
2015-12-22,182.5,182.5,176.0,178.4499969482422,178.4499969482422,3138,BRFL.NS
2015-12-23,180.75,181.64999389648438,177.0,178.14999389648438,178.14999389648438,6646,BRFL.NS
2015-12-24,176.60000610351562,180.9499969482422,173.5,179.1999969482422,179.1999969482422,5013,BRFL.NS
2015-12-28,180.9499969482422,183.8000030517578,176.0,180.39999389648438,180.39999389648438,362123,BRFL.NS
2015-12-29,179.9499969482422,185.0,178.14999389648438,180.9499969482422,180.9499969482422,196448,BRFL.NS
2015-12-30,177.5,183.60000610351562,177.5,180.5,180.5,34799,BRFL.NS
2015-12-31,181.9499969482422,182.5,176.1999969482422,179.0,179.0,56206,BRFL.NS
2016-01-01,179.0,181.89999389648438,177.5,181.39999389648438,181.39999389648438,9535,BRFL.NS
2016-01-04,178.64999389648438,189.8000030517578,175.0,187.4499969482422,187.4499969482422,40724,BRFL.NS
2016-01-05,186.0,191.6999969482422,184.0,190.0500030517578,190.0500030517578,37247,BRFL.NS
2016-01-06,190.4499969482422,191.5,185.25,186.6999969482422,186.6999969482422,13392,BRFL.NS
2016-01-07,187.0,187.60000610351562,176.85000610351562,179.4499969482422,179.4499969482422,6265,BRFL.NS
2016-01-08,179.4499969482422,184.89999389648438,177.10000610351562,180.0500030517578,180.0500030517578,10833,BRFL.NS
2016-01-11,178.9499969482422,178.9499969482422,172.39999389648438,176.0,176.0,7594,BRFL.NS
2016-01-12,178.0500030517578,182.0,169.0500030517578,173.1999969482422,173.1999969482422,34703,BRFL.NS
2016-01-13,174.0500030517578,178.0,160.0,171.5,171.5,36551,BRFL.NS
2016-01-14,165.10000610351562,172.0,160.10000610351562,171.6999969482422,171.6999969482422,28281,BRFL.NS
2016-01-15,174.0,174.0,163.25,164.8000030517578,164.8000030517578,46036,BRFL.NS
2016-01-18,167.0,171.8000030517578,157.75,160.64999389648438,160.64999389648438,44771,BRFL.NS
2016-01-19,163.0500030517578,171.0,160.0,169.5500030517578,169.5500030517578,22497,BRFL.NS
2016-01-20,164.9499969482422,168.25,160.14999389648438,167.3000030517578,167.3000030517578,30084,BRFL.NS
2016-01-21,169.0,175.8000030517578,163.60000610351562,167.14999389648438,167.14999389648438,9788,BRFL.NS
2016-01-22,166.0500030517578,170.5,163.14999389648438,168.85000610351562,168.85000610351562,44449,BRFL.NS
2016-01-25,168.9499969482422,171.39999389648438,167.1999969482422,170.14999389648438,170.14999389648438,47904,BRFL.NS
2016-01-27,166.35000610351562,168.0,163.25,163.60000610351562,163.60000610351562,28414,BRFL.NS
2016-01-28,165.0500030517578,168.4499969482422,162.0,166.6999969482422,166.6999969482422,24552,BRFL.NS
2016-01-29,172.0,175.0,168.1999969482422,170.0,170.0,43966,BRFL.NS
2016-02-01,170.0,174.75,167.14999389648438,168.64999389648438,168.64999389648438,3528,BRFL.NS
2016-02-02,170.0500030517578,170.0500030517578,165.0,166.64999389648438,166.64999389648438,6227,BRFL.NS
2016-02-03,170.0,170.0,165.0,166.25,166.25,11432,BRFL.NS
2016-02-04,166.14999389648438,171.0,165.0,167.39999389648438,167.39999389648438,70241,BRFL.NS
2016-02-05,165.10000610351562,168.8000030517578,164.0,165.0,165.0,16296,BRFL.NS
2016-02-08,165.0500030517578,168.6999969482422,160.60000610351562,163.5,163.5,24853,BRFL.NS
2016-02-09,161.0,162.85000610351562,152.10000610351562,158.6999969482422,158.6999969482422,5770,BRFL.NS
2016-02-10,158.39999389648438,167.75,157.25,158.64999389648438,158.64999389648438,2880,BRFL.NS
2016-02-11,159.0,162.85000610351562,148.8000030517578,156.60000610351562,156.60000610351562,6875,BRFL.NS
2016-02-12,150.5,160.0,136.75,158.75,158.75,24469,BRFL.NS
2016-02-15,157.9499969482422,165.0,154.0500030517578,160.64999389648438,160.64999389648438,109747,BRFL.NS
2016-02-16,163.4499969482422,163.5,148.25,154.35000610351562,154.35000610351562,22660,BRFL.NS
2016-02-17,149.75,157.6999969482422,145.0,155.6999969482422,155.6999969482422,9549,BRFL.NS
2016-02-18,151.0,157.6999969482422,150.0,155.8000030517578,155.8000030517578,8480,BRFL.NS
2016-02-19,153.3000030517578,157.9499969482422,147.5500030517578,152.60000610351562,152.60000610351562,16758,BRFL.NS
2016-02-22,150.0500030517578,154.89999389648438,147.5500030517578,148.0500030517578,148.0500030517578,5694,BRFL.NS
2016-02-23,148.85000610351562,149.0,143.5,147.75,147.75,21707,BRFL.NS
2016-02-24,148.9499969482422,148.9499969482422,140.1999969482422,144.1999969482422,144.1999969482422,15902,BRFL.NS
2016-02-25,142.5,145.0,138.0,144.5,144.5,65112,BRFL.NS
2016-02-26,146.89999389648438,149.89999389648438,143.5,147.4499969482422,147.4499969482422,63203,BRFL.NS
2016-02-29,149.0,149.0,137.1999969482422,139.64999389648438,139.64999389648438,16186,BRFL.NS
2016-03-01,139.64999389648438,140.0,137.6999969482422,138.1999969482422,138.1999969482422,2443,BRFL.NS
2016-03-02,139.89999389648438,145.3000030517578,137.5,137.75,137.75,118108,BRFL.NS
2016-03-03,138.5,156.6999969482422,138.10000610351562,147.0,147.0,59465,BRFL.NS
2016-03-04,151.0500030517578,157.0,146.6999969482422,151.10000610351562,151.10000610351562,59396,BRFL.NS
2016-03-08,147.0500030517578,153.0,145.10000610351562,146.75,146.75,5706,BRFL.NS
2016-03-09,145.4499969482422,145.4499969482422,143.0,143.25,143.25,1796,BRFL.NS
2016-03-10,143.60000610351562,160.6999969482422,140.0,148.35000610351562,148.35000610351562,223471,BRFL.NS
2016-03-11,145.39999389648438,148.89999389648438,144.39999389648438,146.1999969482422,146.1999969482422,1791,BRFL.NS
2016-03-14,148.0,148.0,144.5,145.5500030517578,145.5500030517578,9113,BRFL.NS
2016-03-15,144.60000610351562,155.0,142.5,148.4499969482422,148.4499969482422,36748,BRFL.NS
2016-03-16,148.4499969482422,158.0,133.64999389648438,135.60000610351562,135.60000610351562,123029,BRFL.NS
2016-03-17,135.6999969482422,144.0,135.6999969482422,142.25,142.25,123340,BRFL.NS
2016-03-18,140.0,150.0,138.10000610351562,147.9499969482422,147.9499969482422,323234,BRFL.NS
2016-03-21,147.9499969482422,147.9499969482422,139.1999969482422,146.35000610351562,146.35000610351562,693102,BRFL.NS
2016-03-22,143.8000030517578,143.8000030517578,136.39999389648438,137.85000610351562,137.85000610351562,47651,BRFL.NS
2016-03-23,139.8000030517578,152.0,134.5,150.0,150.0,624193,BRFL.NS
2016-03-28,147.9499969482422,147.9499969482422,141.5,145.1999969482422,145.1999969482422,199945,BRFL.NS
2016-03-29,144.0500030517578,145.0,136.5,137.0500030517578,137.0500030517578,571649,BRFL.NS
2016-03-30,137.35000610351562,139.0,136.60000610351562,137.64999389648438,137.64999389648438,12002,BRFL.NS
2016-03-31,138.89999389648438,150.0,137.14999389648438,147.39999389648438,147.39999389648438,47804,BRFL.NS
2016-04-01,146.0,146.0,139.35000610351562,139.8000030517578,139.8000030517578,26629,BRFL.NS
2016-04-04,142.8000030517578,143.60000610351562,138.0,138.64999389648438,138.64999389648438,15623,BRFL.NS
2016-04-05,141.0,141.0,135.0,136.0,136.0,90521,BRFL.NS
2016-04-06,138.0,138.0,134.5,134.85000610351562,134.85000610351562,9442,BRFL.NS
2016-04-07,138.0,138.0,132.64999389648438,133.10000610351562,133.10000610351562,2508,BRFL.NS
2016-04-08,138.0,139.39999389648438,133.25,137.14999389648438,137.14999389648438,41101,BRFL.NS
2016-04-11,138.89999389648438,138.89999389648438,136.60000610351562,137.75,137.75,9101,BRFL.NS
2016-04-12,138.0,141.9499969482422,135.75,136.64999389648438,136.64999389648438,145247,BRFL.NS
2016-04-13,137.0,139.0,136.6999969482422,137.39999389648438,137.39999389648438,86288,BRFL.NS
2016-04-18,137.8000030517578,137.8000030517578,133.14999389648438,134.14999389648438,134.14999389648438,10813,BRFL.NS
2016-04-20,134.10000610351562,137.5500030517578,134.0,134.75,134.75,34241,BRFL.NS
2016-04-21,134.8000030517578,134.8000030517578,132.5,133.6999969482422,133.6999969482422,34678,BRFL.NS
2016-04-22,133.6999969482422,135.0,132.0,132.89999389648438,132.89999389648438,9054,BRFL.NS
2016-04-25,132.10000610351562,134.89999389648438,130.0,130.64999389648438,130.64999389648438,5148,BRFL.NS
2016-04-26,129.35000610351562,139.39999389648438,128.14999389648438,134.1999969482422,134.1999969482422,19327,BRFL.NS
2016-04-27,137.0,140.10000610351562,134.0,138.4499969482422,138.4499969482422,22843,BRFL.NS
2016-04-28,138.0,141.89999389648438,134.89999389648438,138.0,138.0,15966,BRFL.NS
2016-04-29,135.4499969482422,150.0,135.4499969482422,144.9499969482422,144.9499969482422,32748,BRFL.NS
2016-05-02,144.9499969482422,151.6999969482422,140.10000610351562,144.0,144.0,72899,BRFL.NS
2016-05-03,141.85000610351562,151.8000030517578,141.85000610351562,149.5500030517578,149.5500030517578,27465,BRFL.NS
2016-05-04,146.0,151.35000610351562,145.39999389648438,148.0,148.0,21161,BRFL.NS
2016-05-05,145.1999969482422,152.39999389648438,145.1999969482422,150.75,150.75,13652,BRFL.NS
2016-05-06,145.0500030517578,151.0,143.64999389648438,145.5500030517578,145.5500030517578,69806,BRFL.NS
2016-05-09,142.8000030517578,148.85000610351562,141.5,143.9499969482422,143.9499969482422,2723,BRFL.NS
2016-05-10,149.0500030517578,152.1999969482422,143.0,144.60000610351562,144.60000610351562,109508,BRFL.NS
2016-05-11,142.5500030517578,144.9499969482422,139.5,140.4499969482422,140.4499969482422,12019,BRFL.NS
2016-05-12,142.5500030517578,142.5500030517578,139.0500030517578,139.89999389648438,139.89999389648438,26438,BRFL.NS
2016-05-13,141.0,142.0,138.5,139.64999389648438,139.64999389648438,2190,BRFL.NS
2016-05-16,138.89999389648438,143.4499969482422,138.0,140.1999969482422,140.1999969482422,85579,BRFL.NS
2016-05-17,141.5,141.60000610351562,139.0,140.35000610351562,140.35000610351562,17555,BRFL.NS
2016-05-18,138.64999389648438,141.0,138.64999389648438,139.75,139.75,1296,BRFL.NS
2016-05-19,139.35000610351562,141.8000030517578,137.5,137.9499969482422,137.9499969482422,1409,BRFL.NS
2016-05-20,137.0,139.60000610351562,135.25,135.60000610351562,135.60000610351562,14178,BRFL.NS
2016-05-23,135.39999389648438,145.0,135.39999389648438,141.0500030517578,141.0500030517578,16772,BRFL.NS
2016-05-24,138.8000030517578,139.85000610351562,137.10000610351562,137.5500030517578,137.5500030517578,9616,BRFL.NS
2016-05-25,139.85000610351562,142.5,136.1999969482422,138.3000030517578,138.3000030517578,12472,BRFL.NS
2016-05-26,138.3000030517578,142.5,136.35000610351562,140.75,140.75,3827,BRFL.NS
2016-05-27,140.39999389648438,142.35000610351562,138.89999389648438,140.60000610351562,140.60000610351562,1607,BRFL.NS
2016-05-30,139.9499969482422,141.8000030517578,137.0,138.10000610351562,138.10000610351562,4705,BRFL.NS
2016-05-31,139.8000030517578,143.0,135.5500030517578,141.8000030517578,141.8000030517578,17704,BRFL.NS
2016-06-01,144.39999389648438,144.8000030517578,137.9499969482422,138.25,138.25,9635,BRFL.NS
2016-06-02,138.60000610351562,139.5,137.0,137.5,137.5,6578,BRFL.NS
2016-06-03,136.0,139.5,136.0,136.5500030517578,136.5500030517578,5062,BRFL.NS
2016-06-06,137.89999389648438,137.89999389648438,135.5,135.89999389648438,135.89999389648438,1478,BRFL.NS
2016-06-07,135.64999389648438,136.60000610351562,135.5500030517578,135.85000610351562,135.85000610351562,1427,BRFL.NS
2016-06-08,137.85000610351562,137.85000610351562,135.0,135.5,135.5,758,BRFL.NS
2016-06-09,136.9499969482422,136.9499969482422,135.0,135.75,135.75,652,BRFL.NS
2016-06-10,135.5500030517578,138.64999389648438,133.8000030517578,134.89999389648438,134.89999389648438,4099,BRFL.NS
2016-06-13,137.5,151.5,134.0500030517578,144.64999389648438,144.64999389648438,112494,BRFL.NS
2016-06-14,149.8000030517578,149.8000030517578,141.5500030517578,143.25,143.25,16309,BRFL.NS
2016-06-15,143.0500030517578,152.89999389648438,142.5500030517578,148.6999969482422,148.6999969482422,17892,BRFL.NS
2016-06-16,153.89999389648438,154.0,143.10000610351562,144.10000610351562,144.10000610351562,74348,BRFL.NS
2016-06-17,147.9499969482422,149.0,142.0,142.8000030517578,142.8000030517578,4057,BRFL.NS
2016-06-20,143.6999969482422,145.5,142.5,143.64999389648438,143.64999389648438,31294,BRFL.NS
2016-06-21,143.0,149.0,143.0,146.85000610351562,146.85000610351562,46424,BRFL.NS
2016-06-22,156.0,158.5,147.25,149.3000030517578,149.3000030517578,382813,BRFL.NS
2016-06-23,148.0,148.60000610351562,143.60000610351562,145.6999969482422,145.6999969482422,143785,BRFL.NS
2016-06-24,142.0,142.0,135.6999969482422,140.1999969482422,140.1999969482422,90880,BRFL.NS
2016-06-27,141.0,151.5500030517578,138.10000610351562,143.14999389648438,143.14999389648438,118039,BRFL.NS
2016-06-28,142.1999969482422,144.85000610351562,140.5,141.64999389648438,141.64999389648438,36509,BRFL.NS
2016-06-29,142.9499969482422,152.1999969482422,142.9499969482422,150.75,150.75,94465,BRFL.NS
2016-06-30,153.0500030517578,162.8000030517578,153.0500030517578,160.85000610351562,160.85000610351562,492876,BRFL.NS
2016-07-01,160.0,160.89999389648438,155.10000610351562,156.64999389648438,156.64999389648438,146854,BRFL.NS
2016-07-04,155.0,160.0,153.89999389648438,158.1999969482422,158.1999969482422,71700,BRFL.NS
2016-07-05,158.5,159.0,154.10000610351562,155.0,155.0,98329,BRFL.NS
2016-07-07,160.9499969482422,160.9499969482422,155.0,157.8000030517578,157.8000030517578,312551,BRFL.NS
2016-07-08,156.9499969482422,163.0,156.9499969482422,161.6999969482422,161.6999969482422,153064,BRFL.NS
2016-07-11,161.0,178.39999389648438,157.0,170.85000610351562,170.85000610351562,101843,BRFL.NS
2016-07-12,171.0,178.64999389648438,164.0,171.9499969482422,171.9499969482422,196138,BRFL.NS
2016-07-13,171.0500030517578,175.0,167.0500030517578,172.25,172.25,49873,BRFL.NS
2016-07-14,174.5,176.0,168.6999969482422,175.0,175.0,24513,BRFL.NS
2016-07-15,176.8000030517578,180.0,171.5,177.89999389648438,177.89999389648438,52456,BRFL.NS
2016-07-18,173.39999389648438,181.0,173.35000610351562,178.85000610351562,178.85000610351562,59470,BRFL.NS
2016-07-19,183.0,183.0,177.14999389648438,179.0,179.0,134359,BRFL.NS
2016-07-20,181.9499969482422,181.9499969482422,178.0,179.5500030517578,179.5500030517578,15779,BRFL.NS
2016-07-21,180.0,180.89999389648438,176.5,177.64999389648438,177.64999389648438,11209,BRFL.NS
2016-07-22,179.5,183.0,176.14999389648438,181.60000610351562,181.60000610351562,65524,BRFL.NS
2016-07-25,181.85000610351562,188.0,180.0,183.60000610351562,183.60000610351562,154673,BRFL.NS
2016-07-26,182.5,196.0,182.10000610351562,190.85000610351562,190.85000610351562,164386,BRFL.NS
2016-07-27,186.0,192.0,183.0,185.89999389648438,185.89999389648438,48939,BRFL.NS
2016-07-28,186.5,189.0,183.0,186.14999389648438,186.14999389648438,25991,BRFL.NS
2016-07-29,188.35000610351562,189.0,182.60000610351562,183.64999389648438,183.64999389648438,19609,BRFL.NS
2016-08-01,188.0,191.0500030517578,181.35000610351562,189.85000610351562,189.85000610351562,74780,BRFL.NS
2016-08-02,190.0,190.0,183.14999389648438,183.85000610351562,183.85000610351562,11413,BRFL.NS
2016-08-03,187.89999389648438,190.0,182.5,189.4499969482422,189.4499969482422,44319,BRFL.NS
2016-08-04,189.9499969482422,190.0,183.0,184.39999389648438,184.39999389648438,9965,BRFL.NS
2016-08-05,184.0,189.0,182.14999389648438,187.0500030517578,187.0500030517578,15820,BRFL.NS
2016-08-08,185.5,186.0,183.14999389648438,185.8000030517578,185.8000030517578,19819,BRFL.NS
2016-08-09,185.8000030517578,186.0,181.0,181.89999389648438,181.89999389648438,104622,BRFL.NS
2016-08-10,184.4499969482422,184.4499969482422,178.25,179.6999969482422,179.6999969482422,159652,BRFL.NS
2016-08-11,178.1999969482422,179.9499969482422,175.64999389648438,178.14999389648438,178.14999389648438,2067,BRFL.NS
2016-08-12,180.0500030517578,180.0500030517578,173.10000610351562,175.1999969482422,175.1999969482422,6129,BRFL.NS
2016-08-16,174.0,176.0,172.25,175.39999389648438,175.39999389648438,25151,BRFL.NS
2016-08-17,172.5,174.0,170.35000610351562,171.89999389648438,171.89999389648438,8706,BRFL.NS
2016-08-18,172.14999389648438,175.0,170.1999969482422,173.5500030517578,173.5500030517578,3834,BRFL.NS
2016-08-19,174.0,180.0,170.5,170.8000030517578,170.8000030517578,22667,BRFL.NS
2016-08-22,171.0,173.9499969482422,168.10000610351562,168.85000610351562,168.85000610351562,5030,BRFL.NS
2016-08-23,168.75,169.0,167.14999389648438,167.25,167.25,450,BRFL.NS
2016-08-24,167.5,170.0,166.25,167.5,167.5,10320,BRFL.NS
2016-08-25,167.5,171.8000030517578,166.25,169.14999389648438,169.14999389648438,28950,BRFL.NS
2016-08-26,169.5,173.0,165.1999969482422,166.0,166.0,12260,BRFL.NS
2016-08-29,170.9499969482422,170.9499969482422,161.0,165.25,165.25,2493,BRFL.NS
2016-08-30,165.0500030517578,168.89999389648438,162.0,163.4499969482422,163.4499969482422,5015,BRFL.NS
2016-08-31,162.14999389648438,165.5500030517578,162.14999389648438,163.25,163.25,3702,BRFL.NS
2016-09-01,167.0,167.0,163.0,163.5,163.5,817,BRFL.NS
2016-09-02,163.4499969482422,163.9499969482422,161.1999969482422,162.8000030517578,162.8000030517578,4653,BRFL.NS
2016-09-06,160.0,163.5500030517578,158.8000030517578,159.5500030517578,159.5500030517578,8729,BRFL.NS
2016-09-07,160.14999389648438,160.8000030517578,155.0500030517578,157.1999969482422,157.1999969482422,45360,BRFL.NS
2016-09-08,158.5,159.8000030517578,157.4499969482422,158.4499969482422,158.4499969482422,11839,BRFL.NS
2016-09-09,155.39999389648438,158.6999969482422,155.10000610351562,157.60000610351562,157.60000610351562,68832,BRFL.NS
2016-09-12,155.0,161.0,149.60000610351562,157.4499969482422,157.4499969482422,12555,BRFL.NS
2016-09-14,155.0500030517578,162.1999969482422,154.0500030517578,159.8000030517578,159.8000030517578,41262,BRFL.NS
2016-09-15,157.0500030517578,163.75,157.0500030517578,159.5500030517578,159.5500030517578,12457,BRFL.NS
2016-09-16,159.5500030517578,169.0,159.5500030517578,163.85000610351562,163.85000610351562,23524,BRFL.NS
2016-09-19,164.5,165.0,161.5,162.75,162.75,10182,BRFL.NS
2016-09-20,162.5500030517578,164.89999389648438,162.0500030517578,162.6999969482422,162.6999969482422,53247,BRFL.NS
2016-09-21,162.0500030517578,168.39999389648438,162.0,164.89999389648438,164.89999389648438,25489,BRFL.NS
2016-09-22,164.85000610351562,166.5,160.9499969482422,162.0,162.0,14907,BRFL.NS
2016-09-23,162.0,165.0,161.5500030517578,162.39999389648438,162.39999389648438,11504,BRFL.NS
2016-09-26,161.0500030517578,162.89999389648438,157.5,158.10000610351562,158.10000610351562,3087,BRFL.NS
2016-09-27,161.85000610351562,162.0,155.1999969482422,156.6999969482422,156.6999969482422,2309,BRFL.NS
2016-09-28,156.5,159.39999389648438,155.10000610351562,158.5,158.5,27667,BRFL.NS
2016-09-29,159.0,162.4499969482422,149.0,157.85000610351562,157.85000610351562,18705,BRFL.NS
2016-09-30,155.10000610351562,168.0,155.10000610351562,166.25,166.25,50293,BRFL.NS
2016-10-03,166.9499969482422,166.9499969482422,162.0,164.5500030517578,164.5500030517578,23654,BRFL.NS
2016-10-04,164.0,164.0,161.5,163.14999389648438,163.14999389648438,11271,BRFL.NS
2016-10-05,163.0,167.60000610351562,161.64999389648438,162.1999969482422,162.1999969482422,8637,BRFL.NS
2016-10-06,160.0,164.0,160.0,160.39999389648438,160.39999389648438,21778,BRFL.NS
2016-10-07,161.10000610351562,163.75,160.0,160.89999389648438,160.89999389648438,5010,BRFL.NS
2016-10-10,158.0500030517578,163.35000610351562,156.89999389648438,158.25,158.25,5345,BRFL.NS
2016-10-13,159.9499969482422,159.9499969482422,154.3000030517578,155.0500030517578,155.0500030517578,3746,BRFL.NS
2016-10-14,158.0,159.1999969482422,153.0500030517578,154.1999969482422,154.1999969482422,3076,BRFL.NS
2016-10-17,159.89999389648438,159.89999389648438,153.0,157.35000610351562,157.35000610351562,103719,BRFL.NS
2016-10-18,154.4499969482422,165.0,154.4499969482422,163.0,163.0,30425,BRFL.NS
2016-10-19,164.0,164.89999389648438,158.10000610351562,163.3000030517578,163.3000030517578,24619,BRFL.NS
2016-10-20,161.0,163.10000610351562,158.5,160.0500030517578,160.0500030517578,28737,BRFL.NS
2016-10-21,158.60000610351562,161.0,158.0,159.25,159.25,62711,BRFL.NS
2016-10-24,160.0,161.89999389648438,155.35000610351562,157.0500030517578,157.0500030517578,60281,BRFL.NS
2016-10-25,157.0,160.9499969482422,157.0,159.0500030517578,159.0500030517578,4234,BRFL.NS
2016-10-26,159.0,159.9499969482422,156.0,156.5500030517578,156.5500030517578,14225,BRFL.NS
2016-10-27,156.5,156.75,155.4499969482422,156.0,156.0,876,BRFL.NS
2016-10-28,156.0,157.75,151.25,154.0500030517578,154.0500030517578,23877,BRFL.NS
2016-11-01,154.25,155.25,152.8000030517578,153.8000030517578,153.8000030517578,884,BRFL.NS
2016-11-02,151.0,159.9499969482422,149.25,157.35000610351562,157.35000610351562,71919,BRFL.NS
2016-11-03,159.0,160.0,154.0,155.0,155.0,91408,BRFL.NS
2016-11-04,158.85000610351562,158.85000610351562,151.89999389648438,152.0,152.0,1666,BRFL.NS
2016-11-07,152.8000030517578,155.5,152.10000610351562,153.0500030517578,153.0500030517578,1249,BRFL.NS
2016-11-08,155.4499969482422,155.6999969482422,150.25,152.1999969482422,152.1999969482422,3830,BRFL.NS
2016-11-09,125.5999984741211,152.39999389648438,125.5999984741211,142.85000610351562,142.85000610351562,9237,BRFL.NS
2016-11-10,144.60000610351562,149.0,141.4499969482422,144.10000610351562,144.10000610351562,2986,BRFL.NS
2016-11-11,141.0,145.9499969482422,139.89999389648438,141.39999389648438,141.39999389648438,8241,BRFL.NS
2016-11-15,140.0,140.0,133.10000610351562,135.10000610351562,135.10000610351562,1257,BRFL.NS
2016-11-16,137.0,141.9499969482422,134.0,134.8000030517578,134.8000030517578,1216,BRFL.NS
2016-11-17,131.0,138.0,130.14999389648438,135.89999389648438,135.89999389648438,888,BRFL.NS
2016-11-18,137.85000610351562,144.89999389648438,135.0,140.75,140.75,7491,BRFL.NS
2016-11-21,140.75,144.0,132.85000610351562,138.9499969482422,138.9499969482422,6586,BRFL.NS
2016-11-22,135.0500030517578,148.89999389648438,135.0500030517578,141.8000030517578,141.8000030517578,5062,BRFL.NS
2016-11-23,145.64999389648438,148.6999969482422,140.60000610351562,146.1999969482422,146.1999969482422,1710,BRFL.NS
2016-11-24,145.0,147.89999389648438,142.25,146.0500030517578,146.0500030517578,1067,BRFL.NS
2016-11-25,147.0,161.9499969482422,145.35000610351562,159.14999389648438,159.14999389648438,96682,BRFL.NS
2016-11-28,155.8000030517578,155.8000030517578,145.5500030517578,147.10000610351562,147.10000610351562,12238,BRFL.NS
2016-11-29,146.0,149.85000610351562,137.6999969482422,138.10000610351562,138.10000610351562,86615,BRFL.NS
2016-11-30,139.89999389648438,144.89999389648438,137.3000030517578,140.6999969482422,140.6999969482422,5792,BRFL.NS
2016-12-01,145.0,145.0,136.3000030517578,138.10000610351562,138.10000610351562,17151,BRFL.NS
2016-12-02,139.0,144.0,135.1999969482422,140.5,140.5,2722,BRFL.NS
2016-12-05,139.0,143.85000610351562,135.0,137.9499969482422,137.9499969482422,15973,BRFL.NS
2016-12-06,138.9499969482422,148.6999969482422,138.9499969482422,142.5,142.5,13327,BRFL.NS
2016-12-07,143.5500030517578,147.6999969482422,140.60000610351562,143.0,143.0,3971,BRFL.NS
2016-12-08,144.9499969482422,146.89999389648438,143.10000610351562,146.35000610351562,146.35000610351562,4454,BRFL.NS
2016-12-09,147.9499969482422,148.4499969482422,142.25,144.89999389648438,144.89999389648438,2508,BRFL.NS
2016-12-12,146.0,146.0,141.1999969482422,141.25,141.25,834,BRFL.NS
2016-12-13,140.14999389648438,145.0,140.14999389648438,143.3000030517578,143.3000030517578,105873,BRFL.NS
2016-12-14,140.14999389648438,141.5500030517578,136.1999969482422,141.25,141.25,7190,BRFL.NS
2016-12-15,141.0,141.0,138.5,140.75,140.75,727,BRFL.NS
2016-12-16,141.0,141.89999389648438,136.75,138.0,138.0,4691,BRFL.NS
2016-12-19,138.0,141.39999389648438,137.0,141.0,141.0,1139,BRFL.NS
2016-12-20,141.0,141.0,137.5,137.64999389648438,137.64999389648438,427,BRFL.NS
2016-12-21,141.0,141.0,138.0500030517578,138.4499969482422,138.4499969482422,627,BRFL.NS
2016-12-22,135.14999389648438,140.0,135.0,137.1999969482422,137.1999969482422,6214,BRFL.NS
2016-12-23,137.9499969482422,138.4499969482422,135.8000030517578,138.1999969482422,138.1999969482422,1056,BRFL.NS
2016-12-26,134.1999969482422,140.14999389648438,134.1999969482422,137.0500030517578,137.0500030517578,5481,BRFL.NS
2016-12-27,136.5,139.75,136.5,138.25,138.25,239,BRFL.NS
2016-12-28,137.1999969482422,140.89999389648438,137.1999969482422,138.0,138.0,1595,BRFL.NS
2016-12-29,137.5500030517578,138.9499969482422,137.5500030517578,137.9499969482422,137.9499969482422,1534,BRFL.NS
2016-12-30,140.0,155.0,140.0,153.75,153.75,91396,BRFL.NS
2017-01-02,153.75,155.0,146.25,148.8000030517578,148.8000030517578,11261,BRFL.NS
2017-01-03,149.9499969482422,150.0,147.3000030517578,148.4499969482422,148.4499969482422,2014,BRFL.NS
2017-01-04,146.0500030517578,149.0,146.0500030517578,147.8000030517578,147.8000030517578,477,BRFL.NS
2017-01-05,146.0,151.0,144.60000610351562,149.5,149.5,829,BRFL.NS
2017-01-06,146.6999969482422,153.0,145.0,145.4499969482422,145.4499969482422,36594,BRFL.NS
2017-01-09,150.0,151.89999389648438,145.14999389648438,145.3000030517578,145.3000030517578,551,BRFL.NS
2017-01-10,144.0,147.8000030517578,144.0,147.0,147.0,6565,BRFL.NS
2017-01-11,152.4499969482422,153.0,148.0,150.14999389648438,150.14999389648438,57896,BRFL.NS
2017-01-12,150.9499969482422,152.5,147.0500030517578,149.8000030517578,149.8000030517578,741,BRFL.NS
2017-01-13,148.75,149.89999389648438,148.0,149.39999389648438,149.39999389648438,10098,BRFL.NS
2017-01-16,149.5,152.5,146.14999389648438,146.9499969482422,146.9499969482422,13901,BRFL.NS
2017-01-17,146.5500030517578,150.9499969482422,146.0,147.9499969482422,147.9499969482422,2176,BRFL.NS
2017-01-18,150.0,156.0,150.0,151.4499969482422,151.4499969482422,154439,BRFL.NS
2017-01-19,151.0,156.0,151.0,154.60000610351562,154.60000610351562,124715,BRFL.NS
2017-01-20,153.0,155.5,151.10000610351562,152.89999389648438,152.89999389648438,145637,BRFL.NS
2017-01-23,155.75,155.75,149.25,150.85000610351562,150.85000610351562,120808,BRFL.NS
2017-01-24,150.5,158.89999389648438,150.5,154.85000610351562,154.85000610351562,180847,BRFL.NS
2017-01-25,155.89999389648438,156.0,151.39999389648438,153.5,153.5,108028,BRFL.NS
2017-01-27,152.0,156.60000610351562,150.60000610351562,151.0,151.0,213189,BRFL.NS
2017-01-30,151.10000610351562,155.0,151.10000610351562,153.25,153.25,137247,BRFL.NS
2017-01-31,151.0,157.5,150.35000610351562,155.9499969482422,155.9499969482422,135125,BRFL.NS
2017-02-01,157.9499969482422,157.9499969482422,152.10000610351562,155.10000610351562,155.10000610351562,104672,BRFL.NS
2017-02-02,154.3000030517578,157.9499969482422,152.35000610351562,154.35000610351562,154.35000610351562,134039,BRFL.NS
2017-02-03,154.0,157.4499969482422,153.25,155.8000030517578,155.8000030517578,110456,BRFL.NS
2017-02-06,154.1999969482422,159.75,152.0,157.64999389648438,157.64999389648438,158118,BRFL.NS
2017-02-07,159.5,164.89999389648438,152.35000610351562,154.9499969482422,154.9499969482422,135947,BRFL.NS
2017-02-08,156.89999389648438,157.0,154.39999389648438,156.0,156.0,119616,BRFL.NS
2017-02-09,160.0,161.8000030517578,156.0500030517578,158.0,158.0,132631,BRFL.NS
2017-02-10,156.3000030517578,159.9499969482422,155.25,158.35000610351562,158.35000610351562,105055,BRFL.NS
2017-02-13,155.8000030517578,159.85000610351562,154.75,157.35000610351562,157.35000610351562,185332,BRFL.NS
2017-02-14,158.3000030517578,161.0,152.5,155.6999969482422,155.6999969482422,359262,BRFL.NS
2017-02-15,154.10000610351562,156.85000610351562,153.0500030517578,155.0,155.0,122171,BRFL.NS
2017-02-16,155.60000610351562,157.0,152.89999389648438,154.85000610351562,154.85000610351562,120432,BRFL.NS
2017-02-17,154.35000610351562,157.89999389648438,153.6999969482422,157.25,157.25,205273,BRFL.NS
2017-02-20,159.0,159.0,152.1999969482422,154.0,154.0,300987,BRFL.NS
2017-02-21,157.0,160.0,152.89999389648438,158.89999389648438,158.89999389648438,268384,BRFL.NS
2017-02-22,157.14999389648438,161.5,156.0,159.4499969482422,159.4499969482422,271062,BRFL.NS
2017-02-23,157.75,162.10000610351562,157.0,158.0,158.0,359950,BRFL.NS
2017-02-27,160.89999389648438,161.5,155.1999969482422,160.85000610351562,160.85000610351562,1092503,BRFL.NS
2017-02-28,161.4499969482422,161.5,157.0500030517578,160.35000610351562,160.35000610351562,422288,BRFL.NS
2017-03-01,159.0,161.89999389648438,157.1999969482422,158.39999389648438,158.39999389648438,52432,BRFL.NS
2017-03-02,161.89999389648438,161.9499969482422,155.0,158.25,158.25,116235,BRFL.NS
2017-03-03,158.89999389648438,164.0,154.0,154.60000610351562,154.60000610351562,375973,BRFL.NS
2017-03-06,155.0,158.75,153.3000030517578,154.89999389648438,154.89999389648438,85076,BRFL.NS
2017-03-07,153.39999389648438,159.89999389648438,153.39999389648438,155.0,155.0,786793,BRFL.NS
2017-03-08,155.9499969482422,160.0,155.4499969482422,157.14999389648438,157.14999389648438,807296,BRFL.NS
2017-03-09,156.75,160.75,154.10000610351562,155.60000610351562,155.60000610351562,2151095,BRFL.NS
2017-03-10,156.0500030517578,159.35000610351562,153.5500030517578,155.75,155.75,1045863,BRFL.NS
2017-03-14,159.6999969482422,159.6999969482422,154.0,156.14999389648438,156.14999389648438,229639,BRFL.NS
2017-03-15,158.25,158.9499969482422,150.9499969482422,152.75,152.75,1085642,BRFL.NS
2017-03-16,155.6999969482422,155.6999969482422,149.5500030517578,150.0,150.0,450085,BRFL.NS
2017-03-17,150.0,154.6999969482422,146.5500030517578,150.0,150.0,312609,BRFL.NS
2017-03-20,151.0500030517578,153.0500030517578,147.9499969482422,148.85000610351562,148.85000610351562,827051,BRFL.NS
2017-03-21,149.4499969482422,152.0,138.35000610351562,141.25,141.25,808214,BRFL.NS
2017-03-22,143.0,143.5,135.89999389648438,137.6999969482422,137.6999969482422,280953,BRFL.NS
2017-03-23,139.5500030517578,143.0,136.3000030517578,137.5,137.5,215740,BRFL.NS
2017-03-24,138.89999389648438,139.85000610351562,131.5500030517578,133.0,133.0,149482,BRFL.NS
2017-03-27,133.0,140.0,126.5,127.1500015258789,127.1500015258789,501231,BRFL.NS
2017-03-28,127.55000305175781,131.0,122.25,124.44999694824219,124.44999694824219,347367,BRFL.NS
2017-03-29,124.8499984741211,125.75,120.05000305175781,121.6500015258789,121.6500015258789,451128,BRFL.NS
2017-03-30,121.44999694824219,130.0,119.19999694824219,122.05000305175781,122.05000305175781,371843,BRFL.NS
2017-03-31,123.0,127.8499984741211,122.25,125.30000305175781,125.30000305175781,819930,BRFL.NS
2017-04-03,127.6500015258789,130.0,124.30000305175781,125.94999694824219,125.94999694824219,234621,BRFL.NS
2017-04-05,127.80000305175781,127.9000015258789,122.94999694824219,123.5,123.5,155150,BRFL.NS
2017-04-06,124.05000305175781,125.9000015258789,121.80000305175781,122.75,122.75,80738,BRFL.NS
2017-04-07,122.55000305175781,124.30000305175781,121.0,121.5,121.5,48495,BRFL.NS
2017-04-10,122.94999694824219,123.0,121.05000305175781,122.30000305175781,122.30000305175781,68957,BRFL.NS
2017-04-11,123.9000015258789,123.9000015258789,120.1500015258789,120.4000015258789,120.4000015258789,27755,BRFL.NS
2017-04-12,121.44999694824219,126.0,118.1500015258789,124.3499984741211,124.3499984741211,410907,BRFL.NS
2017-04-13,125.6500015258789,127.5,120.5,121.75,121.75,122528,BRFL.NS
2017-04-17,122.94999694824219,130.0,121.75,123.75,123.75,345472,BRFL.NS
2017-04-18,126.0,128.8000030517578,124.19999694824219,125.69999694824219,125.69999694824219,227620,BRFL.NS
2017-04-19,128.0,130.0,122.5999984741211,124.19999694824219,124.19999694824219,217016,BRFL.NS
2017-04-20,126.5,131.60000610351562,125.1500015258789,126.05000305175781,126.05000305175781,330713,BRFL.NS
2017-04-21,130.0,130.0,124.55000305175781,125.55000305175781,125.55000305175781,147331,BRFL.NS
2017-04-24,126.9000015258789,142.0,124.0999984741211,135.0,135.0,650771,BRFL.NS
2017-04-25,135.5,138.75,130.0,131.25,131.25,163786,BRFL.NS
2017-04-26,132.5500030517578,133.89999389648438,127.5,129.5500030517578,129.5500030517578,246969,BRFL.NS
2017-04-27,130.10000610351562,130.10000610351562,126.0,127.3499984741211,127.3499984741211,109486,BRFL.NS
2017-04-28,128.0,128.0,125.25,125.94999694824219,125.94999694824219,194754,BRFL.NS
2017-05-02,127.25,129.8000030517578,125.9000015258789,126.25,126.25,78986,BRFL.NS
2017-05-03,128.6999969482422,128.75,125.0,125.5,125.5,108678,BRFL.NS
2017-05-04,127.94999694824219,128.39999389648438,124.1500015258789,125.44999694824219,125.44999694824219,80153,BRFL.NS
2017-05-05,125.30000305175781,126.0,122.8499984741211,123.8499984741211,123.8499984741211,58792,BRFL.NS
2017-05-08,124.9000015258789,131.60000610351562,121.55000305175781,130.5,130.5,477137,BRFL.NS
2017-05-09,131.0,140.0,130.8000030517578,136.14999389648438,136.14999389648438,561870,BRFL.NS
2017-05-10,136.1999969482422,144.8000030517578,133.5500030517578,143.0,143.0,241690,BRFL.NS
2017-05-11,144.0500030517578,145.0500030517578,139.0500030517578,140.1999969482422,140.1999969482422,115805,BRFL.NS
2017-05-12,141.0,141.0,136.0,138.0500030517578,138.0500030517578,80592,BRFL.NS
2017-05-15,138.35000610351562,139.0,131.35000610351562,134.35000610351562,134.35000610351562,146879,BRFL.NS
2017-05-16,133.4499969482422,134.3000030517578,127.94999694824219,129.0500030517578,129.0500030517578,77753,BRFL.NS
2017-05-17,129.0,146.6999969482422,128.0500030517578,143.64999389648438,143.64999389648438,537990,BRFL.NS
2017-05-18,142.0,147.25,138.5,142.0500030517578,142.0500030517578,144884,BRFL.NS
2017-05-19,142.0500030517578,146.10000610351562,136.75,138.14999389648438,138.14999389648438,234558,BRFL.NS
2017-05-22,138.9499969482422,142.85000610351562,136.0500030517578,136.8000030517578,136.8000030517578,92693,BRFL.NS
2017-05-23,135.60000610351562,136.85000610351562,128.10000610351562,129.64999389648438,129.64999389648438,88448,BRFL.NS
2017-05-24,128.5,134.8000030517578,128.4499969482422,130.35000610351562,130.35000610351562,52524,BRFL.NS
2017-05-25,132.0,140.0,132.0,139.85000610351562,139.85000610351562,114449,BRFL.NS
2017-05-26,138.10000610351562,151.60000610351562,138.10000610351562,150.0,150.0,503135,BRFL.NS
2017-05-29,151.3000030517578,154.39999389648438,146.5,149.5,149.5,290473,BRFL.NS
2017-05-30,149.0,153.89999389648438,144.0,150.75,150.75,375539,BRFL.NS
2017-05-31,150.64999389648438,153.89999389648438,146.14999389648438,148.9499969482422,148.9499969482422,175126,BRFL.NS
2017-06-01,149.85000610351562,154.60000610351562,148.25,151.0,151.0,380976,BRFL.NS
2017-06-02,153.25,154.85000610351562,148.25,150.0500030517578,150.0500030517578,230412,BRFL.NS
2017-06-05,151.0500030517578,151.0500030517578,144.0,145.25,145.25,119098,BRFL.NS
2017-06-06,145.35000610351562,147.0,137.5,141.25,141.25,129440,BRFL.NS
2017-06-07,141.0,145.0,136.5,138.25,138.25,191881,BRFL.NS
2017-06-08,138.75,140.8000030517578,136.10000610351562,137.60000610351562,137.60000610351562,41514,BRFL.NS
2017-06-09,139.39999389648438,139.39999389648438,135.5,137.89999389648438,137.89999389648438,35626,BRFL.NS
2017-06-12,138.0,142.0,136.10000610351562,140.1999969482422,140.1999969482422,60765,BRFL.NS
2017-06-13,140.14999389648438,140.75,136.5500030517578,137.35000610351562,137.35000610351562,106962,BRFL.NS
2017-06-14,137.5500030517578,138.25,135.0,135.5,135.5,121647,BRFL.NS
2017-06-15,136.25,140.10000610351562,136.0,138.3000030517578,138.3000030517578,198789,BRFL.NS
2017-06-16,137.60000610351562,141.35000610351562,137.25,137.5500030517578,137.5500030517578,46125,BRFL.NS
2017-06-19,137.25,141.89999389648438,133.5,140.1999969482422,140.1999969482422,110204,BRFL.NS
2017-06-20,141.0,141.0,136.1999969482422,136.89999389648438,136.89999389648438,48843,BRFL.NS
2017-06-21,137.4499969482422,142.60000610351562,136.10000610351562,136.5500030517578,136.5500030517578,94617,BRFL.NS
2017-06-22,137.39999389648438,139.39999389648438,135.0,136.8000030517578,136.8000030517578,188517,BRFL.NS
2017-06-23,137.0,139.1999969482422,133.3000030517578,137.64999389648438,137.64999389648438,157308,BRFL.NS
2017-06-27,137.9499969482422,137.9499969482422,132.39999389648438,133.60000610351562,133.60000610351562,65173,BRFL.NS
2017-06-28,134.0,136.0,129.10000610351562,134.60000610351562,134.60000610351562,152446,BRFL.NS
2017-06-29,135.0500030517578,136.0,130.0,131.25,131.25,87917,BRFL.NS
2017-06-30,130.9499969482422,130.9499969482422,125.6500015258789,126.9000015258789,126.9000015258789,56238,BRFL.NS
2017-07-03,127.5,134.39999389648438,127.5,129.64999389648438,129.64999389648438,142824,BRFL.NS
2017-07-04,129.10000610351562,131.9499969482422,128.5500030517578,129.3000030517578,129.3000030517578,36749,BRFL.NS
2017-07-05,129.10000610351562,130.5,127.94999694824219,128.6999969482422,128.6999969482422,30831,BRFL.NS
2017-07-06,128.0,131.64999389648438,128.0,128.85000610351562,128.85000610351562,23988,BRFL.NS
2017-07-07,129.0,129.4499969482422,125.5,126.30000305175781,126.30000305175781,47347,BRFL.NS
2017-07-10,128.6999969482422,128.6999969482422,126.0,126.44999694824219,126.44999694824219,6212,BRFL.NS
2017-07-11,126.6500015258789,127.9000015258789,124.44999694824219,125.0,125.0,28549,BRFL.NS
2017-07-12,124.1500015258789,126.0,122.9000015258789,123.75,123.75,40494,BRFL.NS
2017-07-13,124.4000015258789,126.94999694824219,122.5,125.0999984741211,125.0999984741211,52682,BRFL.NS
2017-07-14,126.1500015258789,126.1500015258789,122.5999984741211,123.9000015258789,123.9000015258789,23528,BRFL.NS
2017-07-17,125.8499984741211,125.9000015258789,122.69999694824219,123.1500015258789,123.1500015258789,30025,BRFL.NS
2017-07-18,122.94999694824219,124.44999694824219,122.0,122.19999694824219,122.19999694824219,28679,BRFL.NS
2017-07-19,123.1500015258789,123.55000305175781,121.05000305175781,121.80000305175781,121.80000305175781,30318,BRFL.NS
2017-07-20,123.0,123.0,120.5,121.0999984741211,121.0999984741211,25866,BRFL.NS
2017-07-21,121.55000305175781,121.8499984741211,120.0,120.1500015258789,120.1500015258789,26965,BRFL.NS
2017-07-24,120.55000305175781,144.14999389648438,120.5,144.14999389648438,144.14999389648438,897289,BRFL.NS
2017-07-25,148.3000030517578,155.75,145.64999389648438,150.6999969482422,150.6999969482422,1779052,BRFL.NS
2017-07-26,150.0,154.89999389648438,148.0,150.85000610351562,150.85000610351562,605638,BRFL.NS
2017-07-27,151.9499969482422,152.39999389648438,144.35000610351562,146.8000030517578,146.8000030517578,513554,BRFL.NS
2017-07-28,145.0500030517578,151.8000030517578,141.5,146.75,146.75,302168,BRFL.NS
2017-07-31,146.5,154.5,145.0,151.64999389648438,151.64999389648438,521513,BRFL.NS
2017-08-01,152.0,153.0500030517578,148.64999389648438,150.10000610351562,150.10000610351562,95465,BRFL.NS
2017-08-02,150.5500030517578,155.89999389648438,150.0500030517578,152.10000610351562,152.10000610351562,399764,BRFL.NS
2017-08-03,151.14999389648438,153.3000030517578,147.3000030517578,147.75,147.75,100200,BRFL.NS
2017-08-04,148.0,150.39999389648438,145.10000610351562,148.14999389648438,148.14999389648438,51431,BRFL.NS
2017-08-07,148.0,150.89999389648438,146.0,147.8000030517578,147.8000030517578,41084,BRFL.NS
2017-08-08,148.64999389648438,148.6999969482422,127.94999694824219,131.35000610351562,131.35000610351562,124164,BRFL.NS
2017-08-09,132.5,144.75,132.5,136.64999389648438,136.64999389648438,262341,BRFL.NS
2017-08-10,136.35000610351562,141.64999389648438,126.0,129.85000610351562,129.85000610351562,259769,BRFL.NS
2017-08-11,126.0,133.0,120.25,129.39999389648438,129.39999389648438,72528,BRFL.NS
2017-08-14,132.9499969482422,134.85000610351562,130.0,131.3000030517578,131.3000030517578,114947,BRFL.NS
2017-08-16,131.1999969482422,135.9499969482422,131.14999389648438,132.85000610351562,132.85000610351562,24726,BRFL.NS
2017-08-17,133.89999389648438,135.39999389648438,130.10000610351562,131.35000610351562,131.35000610351562,22132,BRFL.NS
2017-08-18,130.5500030517578,141.89999389648438,130.5500030517578,139.75,139.75,237305,BRFL.NS
2017-08-21,140.0500030517578,145.3000030517578,139.0,139.85000610351562,139.85000610351562,47160,BRFL.NS
2017-08-22,140.75,143.0,137.10000610351562,137.64999389648438,137.64999389648438,21834,BRFL.NS
2017-08-23,138.4499969482422,144.9499969482422,138.4499969482422,141.6999969482422,141.6999969482422,38011,BRFL.NS
2017-08-24,142.5,143.89999389648438,140.5,140.9499969482422,140.9499969482422,16093,BRFL.NS
2017-08-28,143.0,143.5,138.1999969482422,138.85000610351562,138.85000610351562,26588,BRFL.NS
2017-08-29,139.0500030517578,140.3000030517578,131.0,132.60000610351562,132.60000610351562,65207,BRFL.NS
2017-08-30,134.4499969482422,139.8000030517578,133.85000610351562,135.3000030517578,135.3000030517578,37998,BRFL.NS
2017-08-31,136.4499969482422,137.0500030517578,134.39999389648438,136.5500030517578,136.5500030517578,16485,BRFL.NS
2017-09-01,135.5,137.39999389648438,133.60000610351562,134.14999389648438,134.14999389648438,69516,BRFL.NS
2017-09-04,135.0,136.5,132.0,132.6999969482422,132.6999969482422,17550,BRFL.NS
2017-09-05,132.0500030517578,139.0,132.0,135.75,135.75,86732,BRFL.NS
2017-09-06,135.0500030517578,137.75,134.14999389648438,135.89999389648438,135.89999389648438,30052,BRFL.NS
2017-09-07,136.8000030517578,144.14999389648438,136.10000610351562,140.25,140.25,110699,BRFL.NS
2017-09-08,140.0,141.8000030517578,133.0,134.9499969482422,134.9499969482422,57408,BRFL.NS
2017-09-11,135.10000610351562,136.89999389648438,134.0,134.1999969482422,134.1999969482422,14821,BRFL.NS
2017-09-12,134.89999389648438,146.0500030517578,133.0,139.5500030517578,139.5500030517578,223932,BRFL.NS
2017-09-13,138.5,145.0,136.0,138.64999389648438,138.64999389648438,265446,BRFL.NS
2017-09-14,139.39999389648438,141.0,135.0,135.89999389648438,135.89999389648438,199342,BRFL.NS
2017-09-15,135.10000610351562,138.5500030517578,129.3000030517578,130.25,130.25,331489,BRFL.NS
2017-09-18,131.9499969482422,132.89999389648438,130.0500030517578,130.3000030517578,130.3000030517578,41783,BRFL.NS
2017-09-19,131.25,132.8000030517578,129.35000610351562,131.39999389648438,131.39999389648438,252630,BRFL.NS
2017-09-20,132.60000610351562,133.64999389648438,130.4499969482422,130.9499969482422,130.9499969482422,42860,BRFL.NS
2017-09-21,131.64999389648438,131.8000030517578,127.0,128.64999389648438,128.64999389648438,41788,BRFL.NS
2017-09-22,129.39999389648438,129.39999389648438,124.05000305175781,126.05000305175781,126.05000305175781,163215,BRFL.NS
2017-09-25,126.9000015258789,131.8000030517578,122.0,124.3499984741211,124.3499984741211,84896,BRFL.NS
2017-09-26,123.05000305175781,128.89999389648438,123.05000305175781,124.8499984741211,124.8499984741211,45182,BRFL.NS
2017-09-27,124.8499984741211,128.35000610351562,120.94999694824219,121.75,121.75,91732,BRFL.NS
2017-09-28,123.5999984741211,129.5,118.0,126.9000015258789,126.9000015258789,188436,BRFL.NS
2017-09-29,127.55000305175781,128.1999969482422,123.5,125.75,125.75,250346,BRFL.NS
2017-10-03,126.0,127.94999694824219,120.69999694824219,123.6500015258789,123.6500015258789,217792,BRFL.NS
2017-10-04,124.0,124.1500015258789,121.0999984741211,122.44999694824219,122.44999694824219,39698,BRFL.NS
2017-10-05,122.0999984741211,123.5,119.0999984741211,120.4000015258789,120.4000015258789,64704,BRFL.NS
2017-10-06,122.30000305175781,123.5,119.75,120.1500015258789,120.1500015258789,154391,BRFL.NS
2017-10-09,121.75,123.4000015258789,119.25,120.5999984741211,120.5999984741211,40579,BRFL.NS
2017-10-10,122.1500015258789,124.0,120.05000305175781,120.80000305175781,120.80000305175781,86914,BRFL.NS
2017-10-11,122.55000305175781,122.55000305175781,119.0,119.80000305175781,119.80000305175781,42432,BRFL.NS
2017-10-12,121.0,122.05000305175781,120.05000305175781,121.44999694824219,121.44999694824219,16012,BRFL.NS
2017-10-13,121.55000305175781,122.75,117.80000305175781,118.6500015258789,118.6500015258789,62031,BRFL.NS
2017-10-16,120.9000015258789,120.9000015258789,111.05000305175781,113.1500015258789,113.1500015258789,160416,BRFL.NS
2017-10-17,114.75,121.0,110.5,116.6500015258789,116.6500015258789,211380,BRFL.NS
2017-10-18,116.05000305175781,122.9000015258789,114.5999984741211,118.44999694824219,118.44999694824219,137067,BRFL.NS
2017-10-19,121.9000015258789,121.9000015258789,119.19999694824219,120.0999984741211,120.0999984741211,6718,BRFL.NS
2017-10-23,121.9000015258789,123.3499984741211,118.30000305175781,121.44999694824219,121.44999694824219,58353,BRFL.NS
2017-10-24,120.0,126.25,120.0,124.94999694824219,124.94999694824219,119841,BRFL.NS
2017-10-25,126.6500015258789,128.1999969482422,124.30000305175781,127.5,127.5,128079,BRFL.NS
2017-10-26,126.94999694824219,131.0,125.5,129.5,129.5,88968,BRFL.NS
2017-10-27,129.5,131.60000610351562,125.75,129.64999389648438,129.64999389648438,74827,BRFL.NS
2017-10-30,131.85000610351562,133.89999389648438,128.4499969482422,131.85000610351562,131.85000610351562,164181,BRFL.NS
2017-10-31,131.0,134.0,129.3000030517578,132.6999969482422,132.6999969482422,291912,BRFL.NS
2017-11-01,132.0500030517578,138.0,132.0500030517578,136.5500030517578,136.5500030517578,209421,BRFL.NS
2017-11-02,135.1999969482422,138.0,135.1999969482422,136.6999969482422,136.6999969482422,274311,BRFL.NS
2017-11-03,136.4499969482422,137.85000610351562,132.9499969482422,134.64999389648438,134.64999389648438,254233,BRFL.NS
2017-11-06,135.35000610351562,135.35000610351562,131.14999389648438,132.8000030517578,132.8000030517578,217412,BRFL.NS
2017-11-07,132.0500030517578,132.10000610351562,124.19999694824219,125.6500015258789,125.6500015258789,168168,BRFL.NS
2017-11-08,125.6500015258789,132.0,123.25,129.25,129.25,533250,BRFL.NS
2017-11-09,129.89999389648438,129.89999389648438,126.3499984741211,128.0,128.0,124094,BRFL.NS
2017-11-10,128.89999389648438,134.0,126.05000305175781,131.8000030517578,131.8000030517578,208104,BRFL.NS
2017-11-13,132.39999389648438,132.39999389648438,127.19999694824219,128.64999389648438,128.64999389648438,108093,BRFL.NS
2017-11-14,128.0,132.6999969482422,127.30000305175781,131.35000610351562,131.35000610351562,158885,BRFL.NS
2017-11-15,130.9499969482422,134.39999389648438,128.25,131.3000030517578,131.3000030517578,132094,BRFL.NS
2017-11-16,128.6999969482422,135.5,128.6999969482422,135.0500030517578,135.0500030517578,78634,BRFL.NS
2017-11-17,135.0500030517578,137.35000610351562,132.10000610351562,133.0,133.0,19508,BRFL.NS
2017-11-20,134.89999389648438,159.60000610351562,132.75,155.6999969482422,155.6999969482422,3359128,BRFL.NS
2017-11-21,163.0,170.0,158.35000610351562,166.8000030517578,166.8000030517578,1814525,BRFL.NS
2017-11-22,167.9499969482422,169.35000610351562,145.3000030517578,165.64999389648438,165.64999389648438,1170267,BRFL.NS
2017-11-23,164.89999389648438,167.89999389648438,161.5500030517578,165.25,165.25,657180,BRFL.NS
2017-11-24,165.0,167.6999969482422,164.0,166.8000030517578,166.8000030517578,613031,BRFL.NS
2017-11-27,167.0,188.6999969482422,167.0,176.3000030517578,176.3000030517578,2897363,BRFL.NS
2017-11-28,176.39999389648438,211.5500030517578,175.0,211.5500030517578,211.5500030517578,4238995,BRFL.NS
2017-11-29,212.5,214.5,199.60000610351562,202.1999969482422,202.1999969482422,1546621,BRFL.NS
2017-11-30,202.0,205.89999389648438,194.60000610351562,197.35000610351562,197.35000610351562,483307,BRFL.NS
2017-12-01,197.35000610351562,201.8000030517578,185.10000610351562,187.5500030517578,187.5500030517578,305937,BRFL.NS
2017-12-04,188.0,190.60000610351562,171.6999969482422,175.0500030517578,175.0500030517578,987974,BRFL.NS
2017-12-05,174.5,180.89999389648438,160.5500030517578,177.75,177.75,621197,BRFL.NS
2017-12-06,177.75,189.89999389648438,177.0,188.8000030517578,188.8000030517578,1340168,BRFL.NS
2017-12-07,189.0500030517578,198.25,189.0500030517578,195.89999389648438,195.89999389648438,1251641,BRFL.NS
2017-12-08,197.1999969482422,206.0500030517578,196.5500030517578,204.35000610351562,204.35000610351562,1346930,BRFL.NS
2017-12-11,207.0,215.8000030517578,207.0,214.5500030517578,214.5500030517578,2990374,BRFL.NS
2017-12-12,215.5500030517578,217.39999389648438,215.5,217.0,217.0,1906085,BRFL.NS
2017-12-13,218.14999389648438,220.0,218.0,219.0500030517578,219.0500030517578,2468421,BRFL.NS
2017-12-14,219.9499969482422,221.89999389648438,219.35000610351562,221.0500030517578,221.0500030517578,1424553,BRFL.NS
2017-12-15,222.5,225.89999389648438,221.1999969482422,224.64999389648438,224.64999389648438,3022552,BRFL.NS
2017-12-18,231.5500030517578,231.64999389648438,203.35000610351562,207.8000030517578,207.8000030517578,5166510,BRFL.NS
2017-12-19,207.0,207.5,187.0500030517578,187.0500030517578,187.0500030517578,3696957,BRFL.NS
2017-12-20,168.35000610351562,168.35000610351562,168.35000610351562,168.35000610351562,168.35000610351562,213919,BRFL.NS
2017-12-21,159.9499969482422,159.9499969482422,159.9499969482422,159.9499969482422,159.9499969482422,42034,BRFL.NS
2017-12-22,152.0,152.0,152.0,152.0,152.0,42010,BRFL.NS
2017-12-26,144.39999389648438,144.39999389648438,144.39999389648438,144.39999389648438,144.39999389648438,48858,BRFL.NS
2017-12-27,137.1999969482422,137.1999969482422,137.1999969482422,137.1999969482422,137.1999969482422,77823,BRFL.NS
2017-12-28,130.35000610351562,130.35000610351562,130.35000610351562,130.35000610351562,130.35000610351562,36781,BRFL.NS
2017-12-29,123.8499984741211,123.8499984741211,123.8499984741211,123.8499984741211,123.8499984741211,46313,BRFL.NS
2018-01-01,117.69999694824219,123.8499984741211,117.69999694824219,117.69999694824219,117.69999694824219,3031546,BRFL.NS
2018-01-02,111.8499984741211,111.8499984741211,111.8499984741211,111.8499984741211,111.8499984741211,108814,BRFL.NS
2018-01-03,106.30000305175781,106.30000305175781,106.30000305175781,106.30000305175781,106.30000305175781,82904,BRFL.NS
2018-01-04,101.0,101.0,101.0,101.0,101.0,167741,BRFL.NS
2018-01-05,95.94999694824219,95.94999694824219,95.94999694824219,95.94999694824219,95.94999694824219,312989,BRFL.NS
2018-01-08,91.19999694824219,100.69999694824219,91.19999694824219,100.69999694824219,100.69999694824219,11497211,BRFL.NS
2018-01-09,105.69999694824219,105.69999694824219,103.0999984741211,105.69999694824219,105.69999694824219,860038,BRFL.NS
2018-01-10,108.80000305175781,109.9000015258789,101.0999984741211,106.55000305175781,106.55000305175781,2951821,BRFL.NS
2018-01-11,106.3499984741211,108.0,103.05000305175781,103.55000305175781,103.55000305175781,938706,BRFL.NS
2018-01-12,104.25,105.9000015258789,98.4000015258789,99.44999694824219,99.44999694824219,1058910,BRFL.NS
2018-01-15,101.0,101.80000305175781,95.19999694824219,95.80000305175781,95.80000305175781,435126,BRFL.NS
2018-01-16,96.0,97.19999694824219,91.75,92.0,92.0,420623,BRFL.NS
2018-01-17,93.0,93.0,88.5,90.19999694824219,90.19999694824219,287690,BRFL.NS
2018-01-18,91.25,94.69999694824219,89.5,90.0,90.0,435935,BRFL.NS
2018-01-19,90.5,91.69999694824219,86.6500015258789,88.30000305175781,88.30000305175781,339939,BRFL.NS
2018-01-22,88.44999694824219,89.75,84.80000305175781,85.05000305175781,85.05000305175781,293588,BRFL.NS
2018-01-23,85.0,85.0999984741211,81.19999694824219,81.69999694824219,81.69999694824219,292527,BRFL.NS
2018-01-24,82.30000305175781,85.75,81.0,85.55000305175781,85.55000305175781,362691,BRFL.NS
2018-01-25,88.25,88.25,81.30000305175781,81.55000305175781,81.55000305175781,372513,BRFL.NS
2018-01-29,81.9000015258789,83.0,78.0,78.69999694824219,78.69999694824219,235121,BRFL.NS
2018-01-30,79.69999694824219,79.69999694824219,74.80000305175781,74.80000305175781,74.80000305175781,283119,BRFL.NS
2018-01-31,71.80000305175781,74.5999984741211,71.0999984741211,71.0999984741211,71.0999984741211,266378,BRFL.NS
2018-02-01,70.9000015258789,70.9000015258789,67.55000305175781,67.55000305175781,67.55000305175781,344777,BRFL.NS
2018-02-02,65.30000305175781,65.5,64.19999694824219,64.19999694824219,64.19999694824219,117201,BRFL.NS
2018-02-05,61.0,61.0,61.0,61.0,61.0,44387,BRFL.NS
2018-02-06,57.95000076293945,57.95000076293945,57.95000076293945,57.95000076293945,57.95000076293945,54733,BRFL.NS
2018-02-07,56.0,60.79999923706055,55.29999923706055,60.79999923706055,60.79999923706055,131853,BRFL.NS
2018-02-08,63.79999923706055,63.79999923706055,63.79999923706055,63.79999923706055,63.79999923706055,14179,BRFL.NS
2018-02-09,66.9000015258789,66.94999694824219,65.0,66.94999694824219,66.94999694824219,62548,BRFL.NS
2018-02-12,70.25,70.25,70.25,70.25,70.25,11025,BRFL.NS
2018-02-14,73.75,73.75,73.75,73.75,73.75,31057,BRFL.NS
2018-02-15,77.0,77.0,70.55000305175781,72.19999694824219,72.19999694824219,482464,BRFL.NS
2018-02-16,72.3499984741211,74.0,68.5999984741211,68.5999984741211,68.5999984741211,143066,BRFL.NS
2018-02-19,66.5,68.5999984741211,65.19999694824219,65.19999694824219,65.19999694824219,113737,BRFL.NS
2018-02-20,64.9000015258789,67.9000015258789,62.5,64.25,64.25,127151,BRFL.NS
2018-02-21,65.9000015258789,65.9000015258789,63.099998474121094,63.849998474121094,63.849998474121094,82975,BRFL.NS
2018-02-22,65.80000305175781,65.80000305175781,62.150001525878906,62.29999923706055,62.29999923706055,80289,BRFL.NS
2018-02-23,63.599998474121094,64.80000305175781,62.5,63.849998474121094,63.849998474121094,97222,BRFL.NS
2018-02-26,64.5,65.0,62.79999923706055,63.75,63.75,57553,BRFL.NS
2018-02-27,63.95000076293945,64.30000305175781,60.599998474121094,61.5,61.5,85703,BRFL.NS
2018-02-28,61.0,61.54999923706055,59.79999923706055,60.099998474121094,60.099998474121094,90975,BRFL.NS
2018-03-01,62.04999923706055,62.04999923706055,57.099998474121094,58.54999923706055,58.54999923706055,93237,BRFL.NS
2018-03-05,60.0,60.04999923706055,57.25,58.099998474121094,58.099998474121094,58250,BRFL.NS
2018-03-06,58.04999923706055,59.599998474121094,57.150001525878906,57.400001525878906,57.400001525878906,71544,BRFL.NS
2018-03-07,57.400001525878906,57.400001525878906,54.54999923706055,54.54999923706055,54.54999923706055,110488,BRFL.NS
2018-03-08,52.29999923706055,55.599998474121094,51.849998474121094,51.849998474121094,51.849998474121094,117045,BRFL.NS
2018-03-09,53.70000076293945,53.70000076293945,49.29999923706055,49.29999923706055,49.29999923706055,161142,BRFL.NS
2018-03-12,49.29999923706055,49.29999923706055,46.849998474121094,46.849998474121094,46.849998474121094,73397,BRFL.NS
2018-03-13,44.54999923706055,49.150001525878906,44.54999923706055,49.150001525878906,49.150001525878906,326235,BRFL.NS
2018-03-14,50.900001525878906,51.5,49.099998474121094,49.849998474121094,49.849998474121094,240528,BRFL.NS
2018-03-15,49.900001525878906,49.900001525878906,47.400001525878906,48.5,48.5,145824,BRFL.NS
2018-03-16,48.5,49.20000076293945,47.5,48.79999923706055,48.79999923706055,90500,BRFL.NS
2018-03-19,49.70000076293945,49.70000076293945,46.400001525878906,46.650001525878906,46.650001525878906,148468,BRFL.NS
2018-03-20,46.25,46.25,44.79999923706055,45.79999923706055,45.79999923706055,141152,BRFL.NS
2018-03-21,45.0,48.04999923706055,45.0,48.04999923706055,48.04999923706055,95936,BRFL.NS
2018-03-22,49.900001525878906,50.45000076293945,46.849998474121094,47.70000076293945,47.70000076293945,317573,BRFL.NS
2018-03-23,46.400001525878906,46.5,45.349998474121094,45.349998474121094,45.349998474121094,160644,BRFL.NS
2018-03-26,45.0,45.0,43.099998474121094,43.20000076293945,43.20000076293945,117922,BRFL.NS
2018-03-27,43.5,44.95000076293945,41.04999923706055,41.04999923706055,41.04999923706055,158422,BRFL.NS
2018-03-28,41.0,43.099998474121094,39.0,43.099998474121094,43.099998474121094,336268,BRFL.NS
2018-04-02,44.650001525878906,44.650001525878906,40.95000076293945,40.95000076293945,40.95000076293945,146358,BRFL.NS
2018-04-03,38.95000076293945,40.70000076293945,38.95000076293945,40.04999923706055,40.04999923706055,205473,BRFL.NS
2018-04-04,40.04999923706055,41.650001525878906,38.04999923706055,38.04999923706055,38.04999923706055,248306,BRFL.NS
2018-04-05,38.5,39.25,37.5,38.150001525878906,38.150001525878906,252742,BRFL.NS
2018-04-06,38.29999923706055,39.099998474121094,36.5,37.54999923706055,37.54999923706055,194396,BRFL.NS
2018-04-09,39.0,39.29999923706055,37.599998474121094,38.54999923706055,38.54999923706055,104311,BRFL.NS
2018-04-10,39.0,39.099998474121094,38.400001525878906,38.900001525878906,38.900001525878906,82982,BRFL.NS
2018-04-11,40.099998474121094,40.20000076293945,39.04999923706055,39.900001525878906,39.900001525878906,93515,BRFL.NS
2018-04-12,39.95000076293945,40.0,38.04999923706055,38.54999923706055,38.54999923706055,96305,BRFL.NS
2018-04-13,39.54999923706055,39.54999923706055,38.0,38.900001525878906,38.900001525878906,68906,BRFL.NS
2018-04-16,38.900001525878906,38.900001525878906,37.0,37.04999923706055,37.04999923706055,217540,BRFL.NS
2018-04-17,37.849998474121094,37.849998474121094,35.79999923706055,35.95000076293945,35.95000076293945,190066,BRFL.NS
2018-04-18,36.0,36.0,34.20000076293945,34.20000076293945,34.20000076293945,161797,BRFL.NS
2018-04-19,34.099998474121094,34.099998474121094,32.5,32.5,32.5,141946,BRFL.NS
2018-04-20,32.5,33.95000076293945,30.899999618530273,31.450000762939453,31.450000762939453,202531,BRFL.NS
2018-04-23,31.5,31.600000381469727,29.899999618530273,29.899999618530273,29.899999618530273,162406,BRFL.NS
2018-04-24,29.850000381469727,29.850000381469727,28.450000762939453,28.450000762939453,28.450000762939453,109269,BRFL.NS
2018-04-25,27.149999618530273,27.149999618530273,27.049999237060547,27.049999237060547,27.049999237060547,50013,BRFL.NS
2018-04-26,26.450000762939453,26.5,25.700000762939453,25.700000762939453,25.700000762939453,52315,BRFL.NS
2018-04-27,25.0,25.0,24.450000762939453,24.450000762939453,24.450000762939453,30970,BRFL.NS
2018-04-30,23.25,23.25,23.25,23.25,23.25,19421,BRFL.NS
2018-05-02,22.100000381469727,22.100000381469727,22.100000381469727,22.100000381469727,22.100000381469727,39288,BRFL.NS
2018-05-03,21.0,21.0,21.0,21.0,21.0,29834,BRFL.NS
2018-05-04,19.950000762939453,22.049999237060547,19.950000762939453,22.049999237060547,22.049999237060547,186741,BRFL.NS
2018-05-07,23.149999618530273,23.149999618530273,23.149999618530273,23.149999618530273,23.149999618530273,31007,BRFL.NS
2018-05-08,24.299999237060547,24.299999237060547,24.299999237060547,24.299999237060547,24.299999237060547,212144,BRFL.NS
2018-05-09,24.799999237060547,24.799999237060547,23.100000381469727,23.25,23.25,159064,BRFL.NS
2018-05-10,22.100000381469727,24.200000762939453,22.100000381469727,22.200000762939453,22.200000762939453,101680,BRFL.NS
2018-05-11,22.5,22.950000762939453,21.100000381469727,21.100000381469727,21.100000381469727,87492,BRFL.NS
2018-05-14,20.049999237060547,21.0,20.049999237060547,20.149999618530273,20.149999618530273,74085,BRFL.NS
2018-05-15,20.149999618530273,20.200000762939453,19.149999618530273,19.149999618530273,19.149999618530273,80866,BRFL.NS
2018-05-16,19.399999618530273,19.399999618530273,18.200000762939453,18.200000762939453,18.200000762939453,64552,BRFL.NS
2018-05-17,17.299999237060547,19.0,17.299999237060547,17.350000381469727,17.350000381469727,80599,BRFL.NS
2018-05-18,18.100000381469727,18.200000762939453,16.950000762939453,18.200000762939453,18.200000762939453,36463,BRFL.NS
2018-05-21,19.100000381469727,19.100000381469727,19.100000381469727,19.100000381469727,19.100000381469727,14775,BRFL.NS
2018-05-22,20.049999237060547,20.049999237060547,20.049999237060547,20.049999237060547,20.049999237060547,11203,BRFL.NS
2018-05-23,21.049999237060547,21.049999237060547,21.049999237060547,21.049999237060547,21.049999237060547,21286,BRFL.NS
2018-05-24,22.100000381469727,22.100000381469727,21.149999618530273,21.5,21.5,166522,BRFL.NS
2018-05-25,22.100000381469727,22.100000381469727,20.450000762939453,21.75,21.75,50983,BRFL.NS
2018-05-28,21.950000762939453,22.799999237060547,21.600000381469727,22.799999237060547,22.799999237060547,61309,BRFL.NS
2018-05-29,23.850000381469727,23.899999618530273,22.299999237060547,23.399999618530273,23.399999618530273,142157,BRFL.NS
2018-05-30,22.25,22.700000762939453,22.25,22.25,22.25,151479,BRFL.NS
2018-05-31,21.149999618530273,22.200000762939453,21.149999618530273,21.149999618530273,21.149999618530273,39500,BRFL.NS
2018-06-01,20.25,21.950000762939453,20.100000381469727,20.100000381469727,20.100000381469727,71546,BRFL.NS
2018-06-04,21.0,21.0,19.200000762939453,19.850000381469727,19.850000381469727,54318,BRFL.NS
2018-06-05,20.0,20.799999237060547,18.950000762939453,19.0,19.0,79513,BRFL.NS
2018-06-06,19.0,19.950000762939453,18.299999237060547,19.899999618530273,19.899999618530273,44420,BRFL.NS
2018-06-07,20.850000381469727,20.850000381469727,19.899999618530273,20.850000381469727,20.850000381469727,41679,BRFL.NS
2018-06-08,21.850000381469727,21.850000381469727,21.0,21.850000381469727,21.850000381469727,33568,BRFL.NS
2018-06-11,22.899999618530273,22.899999618530273,21.850000381469727,22.899999618530273,22.899999618530273,22835,BRFL.NS
2018-06-12,24.0,24.0,24.0,24.0,24.0,24329,BRFL.NS
2018-06-13,25.200000762939453,25.200000762939453,25.200000762939453,25.200000762939453,25.200000762939453,30474,BRFL.NS
2018-06-14,26.450000762939453,26.450000762939453,26.450000762939453,26.450000762939453,26.450000762939453,26840,BRFL.NS
2018-06-15,27.75,27.75,27.75,27.75,27.75,31962,BRFL.NS
2018-06-18,29.100000381469727,29.100000381469727,26.399999618530273,26.549999237060547,26.549999237060547,141018,BRFL.NS
2018-06-19,25.399999618530273,27.0,25.25,25.25,25.25,83321,BRFL.NS
2018-06-20,25.799999237060547,25.799999237060547,24.100000381469727,24.649999618530273,24.649999618530273,36028,BRFL.NS
2018-06-21,23.450000762939453,24.0,23.450000762939453,23.450000762939453,23.450000762939453,46175,BRFL.NS
2018-06-22,22.299999237060547,24.600000381469727,22.299999237060547,24.25,24.25,51422,BRFL.NS
2018-06-25,24.25,25.0,23.049999237060547,24.799999237060547,24.799999237060547,42341,BRFL.NS
2018-06-26,25.399999618530273,26.0,24.0,25.850000381469727,25.850000381469727,58255,BRFL.NS
2018-06-27,26.100000381469727,27.100000381469727,24.799999237060547,25.299999237060547,25.299999237060547,95076,BRFL.NS
2018-06-28,26.100000381469727,26.100000381469727,24.049999237060547,24.299999237060547,24.299999237060547,28588,BRFL.NS
2018-06-29,24.75,25.5,23.299999237060547,24.399999618530273,24.399999618530273,37166,BRFL.NS
2018-07-02,24.25,25.350000381469727,23.5,24.649999618530273,24.649999618530273,43549,BRFL.NS
2018-07-03,25.0,25.299999237060547,24.0,24.399999618530273,24.399999618530273,34658,BRFL.NS
2018-07-04,24.0,25.0,23.700000762939453,24.100000381469727,24.100000381469727,37419,BRFL.NS
2018-07-05,25.0,25.0,23.0,23.899999618530273,23.899999618530273,13712,BRFL.NS
2018-07-06,23.75,24.399999618530273,22.75,22.950000762939453,22.950000762939453,45667,BRFL.NS
2018-07-09,23.75,23.75,21.850000381469727,22.100000381469727,22.100000381469727,65313,BRFL.NS
2018-07-10,22.100000381469727,22.799999237060547,21.0,21.0,21.0,77583,BRFL.NS
2018-07-11,21.049999237060547,21.350000381469727,20.299999237060547,21.100000381469727,21.100000381469727,20826,BRFL.NS
2018-07-12,21.100000381469727,22.149999618530273,20.200000762939453,22.149999618530273,22.149999618530273,51201,BRFL.NS
2018-07-13,22.0,22.5,21.049999237060547,21.100000381469727,21.100000381469727,48445,BRFL.NS
2018-07-16,21.350000381469727,21.450000762939453,20.049999237060547,20.299999237060547,20.299999237060547,35323,BRFL.NS
2018-07-17,19.5,20.700000762939453,19.5,19.899999618530273,19.899999618530273,15584,BRFL.NS
2018-07-18,20.600000381469727,20.799999237060547,19.5,19.850000381469727,19.850000381469727,28511,BRFL.NS
2018-07-19,19.549999237060547,20.350000381469727,19.049999237060547,19.5,19.5,24579,BRFL.NS
2018-07-20,19.200000762939453,19.850000381469727,18.600000381469727,19.100000381469727,19.100000381469727,33603,BRFL.NS
2018-07-23,18.600000381469727,19.75,18.600000381469727,19.549999237060547,19.549999237060547,35702,BRFL.NS
2018-07-24,19.649999618530273,20.049999237060547,18.75,19.950000762939453,19.950000762939453,42529,BRFL.NS
2018-07-25,20.0,20.25,19.25,20.049999237060547,20.049999237060547,13050,BRFL.NS
2018-07-26,19.5,20.25,19.5,20.100000381469727,20.100000381469727,15583,BRFL.NS
2018-07-27,19.5,20.950000762939453,19.5,20.450000762939453,20.450000762939453,23201,BRFL.NS
2018-07-30,20.450000762939453,21.450000762939453,20.0,20.25,20.25,123291,BRFL.NS
2018-07-31,20.899999618530273,20.899999618530273,19.899999618530273,20.0,20.0,66055,BRFL.NS
2018-08-01,20.899999618530273,21.0,19.5,20.700000762939453,20.700000762939453,84925,BRFL.NS
2018-08-02,20.0,21.200000762939453,19.799999237060547,20.049999237060547,20.049999237060547,158077,BRFL.NS
2018-08-03,20.0,20.649999618530273,19.600000381469727,20.25,20.25,78261,BRFL.NS
2018-08-06,20.299999237060547,21.149999618530273,20.0,20.799999237060547,20.799999237060547,138593,BRFL.NS
2018-08-07,20.799999237060547,21.399999618530273,20.049999237060547,21.0,21.0,51217,BRFL.NS
2018-08-08,20.200000762939453,21.399999618530273,20.200000762939453,21.200000762939453,21.200000762939453,42012,BRFL.NS
2018-08-09,21.200000762939453,21.200000762939453,20.149999618530273,20.299999237060547,20.299999237060547,90419,BRFL.NS
2018-08-10,20.5,20.5,19.299999237060547,19.649999618530273,19.649999618530273,95384,BRFL.NS
2018-08-13,19.850000381469727,20.600000381469727,18.700000762939453,19.200000762939453,19.200000762939453,124927,BRFL.NS
2018-08-14,19.5,19.75,18.75,19.049999237060547,19.049999237060547,71140,BRFL.NS
2018-08-16,19.049999237060547,19.450000762939453,18.299999237060547,18.75,18.75,73558,BRFL.NS
2018-08-17,18.600000381469727,19.0,17.850000381469727,18.649999618530273,18.649999618530273,77112,BRFL.NS
2018-08-20,18.649999618530273,19.5,17.75,17.950000762939453,17.950000762939453,164833,BRFL.NS
2018-08-21,18.799999237060547,18.799999237060547,17.75,17.950000762939453,17.950000762939453,114505,BRFL.NS
2018-08-23,17.799999237060547,18.0,17.100000381469727,17.200000762939453,17.200000762939453,251542,BRFL.NS
2018-08-24,17.5,17.549999237060547,16.350000381469727,16.350000381469727,16.350000381469727,222734,BRFL.NS
2018-08-27,16.350000381469727,16.350000381469727,15.550000190734863,15.550000190734863,15.550000190734863,274424,BRFL.NS
2018-08-28,14.800000190734863,14.800000190734863,14.800000190734863,14.800000190734863,14.800000190734863,119813,BRFL.NS
2018-08-29,14.100000381469727,14.100000381469727,14.100000381469727,14.100000381469727,14.100000381469727,140320,BRFL.NS
2018-08-30,13.399999618530273,13.399999618530273,13.399999618530273,13.399999618530273,13.399999618530273,199426,BRFL.NS
2018-08-31,12.800000190734863,14.050000190734863,12.800000190734863,14.050000190734863,14.050000190734863,112939,BRFL.NS
2018-09-03,14.75,14.75,14.75,14.75,14.75,20767,BRFL.NS
2018-09-04,15.449999809265137,15.449999809265137,15.449999809265137,15.449999809265137,15.449999809265137,35606,BRFL.NS
2018-09-05,16.200000762939453,16.200000762939453,16.200000762939453,16.200000762939453,16.200000762939453,23431,BRFL.NS
2018-09-06,17.0,17.0,17.0,17.0,17.0,110093,BRFL.NS
2018-09-07,17.850000381469727,17.850000381469727,17.850000381469727,17.850000381469727,17.850000381469727,26570,BRFL.NS
2018-09-10,18.700000762939453,18.700000762939453,17.200000762939453,18.700000762939453,18.700000762939453,721025,BRFL.NS
2018-09-11,18.700000762939453,19.600000381469727,18.5,19.600000381469727,19.600000381469727,349004,BRFL.NS
2018-09-12,20.25,20.549999237060547,19.850000381469727,20.25,20.25,557897,BRFL.NS
2018-09-14,20.200000762939453,20.799999237060547,19.350000381469727,19.899999618530273,19.899999618530273,582328,BRFL.NS
2018-09-17,18.950000762939453,19.5,18.950000762939453,18.950000762939453,18.950000762939453,167662,BRFL.NS
2018-09-18,18.700000762939453,19.850000381469727,18.049999237060547,19.100000381469727,19.100000381469727,137409,BRFL.NS
2018-09-19,19.0,19.600000381469727,18.399999618530273,18.950000762939453,18.950000762939453,68668,BRFL.NS
2018-09-21,19.25,19.25,18.049999237060547,18.049999237060547,18.049999237060547,62610,BRFL.NS
2018-09-24,17.25,18.450000762939453,17.25,17.350000381469727,17.350000381469727,39062,BRFL.NS
2018-09-25,17.25,17.75,16.600000381469727,17.299999237060547,17.299999237060547,66637,BRFL.NS
2018-09-26,17.0,17.700000762939453,16.450000762939453,16.649999618530273,16.649999618530273,89270,BRFL.NS
2018-09-27,17.350000381469727,17.350000381469727,16.049999237060547,17.049999237060547,17.049999237060547,45394,BRFL.NS
2018-09-28,17.350000381469727,17.350000381469727,16.200000762939453,16.200000762939453,16.200000762939453,69228,BRFL.NS
2018-10-01,16.850000381469727,16.850000381469727,15.399999618530273,15.5,15.5,59418,BRFL.NS
2018-10-03,16.200000762939453,16.200000762939453,14.75,14.75,14.75,102288,BRFL.NS
2018-10-04,14.050000190734863,15.350000381469727,14.050000190734863,15.300000190734863,15.300000190734863,62330,BRFL.NS
2018-10-05,15.300000190734863,15.350000381469727,14.550000190734863,15.100000381469727,15.100000381469727,50282,BRFL.NS
2018-10-08,14.699999809265137,15.399999618530273,14.550000190734863,15.300000190734863,15.300000190734863,59972,BRFL.NS
2018-10-09,15.100000381469727,15.850000381469727,14.800000190734863,15.25,15.25,31981,BRFL.NS
2018-10-10,15.800000190734863,15.800000190734863,14.949999809265137,15.550000190734863,15.550000190734863,93433,BRFL.NS
2018-10-11,15.399999618530273,15.850000381469727,14.800000190734863,15.800000190734863,15.800000190734863,28218,BRFL.NS
2018-10-12,15.899999618530273,16.549999237060547,15.399999618530273,16.549999237060547,16.549999237060547,34893,BRFL.NS
2018-10-15,17.350000381469727,17.350000381469727,16.049999237060547,17.350000381469727,17.350000381469727,40239,BRFL.NS
2018-10-16,17.25,18.149999618530273,16.700000762939453,17.950000762939453,17.950000762939453,38794,BRFL.NS
2018-10-17,18.200000762939453,18.649999618530273,17.350000381469727,17.899999618530273,17.899999618530273,28020,BRFL.NS
2018-10-19,18.700000762939453,18.700000762939453,17.049999237060547,17.100000381469727,17.100000381469727,26463,BRFL.NS
2018-10-22,17.0,17.5,16.25,16.75,16.75,27901,BRFL.NS
2018-10-23,17.0,17.0,16.0,16.350000381469727,16.350000381469727,9310,BRFL.NS
2018-10-24,16.200000762939453,16.700000762939453,15.550000190734863,15.550000190734863,15.550000190734863,88839,BRFL.NS
2018-10-25,16.0,16.0,14.800000190734863,14.800000190734863,14.800000190734863,105988,BRFL.NS
2018-10-26,15.0,15.199999809265137,14.100000381469727,14.100000381469727,14.100000381469727,97509,BRFL.NS
2018-10-29,14.600000381469727,14.800000190734863,13.399999618530273,13.449999809265137,13.449999809265137,282344,BRFL.NS
2018-10-30,13.149999618530273,14.0,12.800000190734863,12.800000190734863,12.800000190734863,322878,BRFL.NS
2018-10-31,12.800000190734863,13.350000381469727,12.199999809265137,12.850000381469727,12.850000381469727,258024,BRFL.NS
2018-11-01,13.100000381469727,13.449999809265137,12.550000190734863,13.449999809265137,13.449999809265137,142454,BRFL.NS
2018-11-02,14.0,14.100000381469727,14.0,14.100000381469727,14.100000381469727,45898,BRFL.NS
2018-11-05,14.75,14.800000190734863,14.25,14.649999618530273,14.649999618530273,81745,BRFL.NS
2018-11-06,14.649999618530273,15.350000381469727,14.300000190734863,15.300000190734863,15.300000190734863,65917,BRFL.NS
2018-11-07,15.300000190734863,16.049999237060547,15.300000190734863,16.0,16.0,47677,BRFL.NS
2018-11-09,16.799999237060547,16.799999237060547,16.049999237060547,16.450000762939453,16.450000762939453,121578,BRFL.NS
2018-11-12,16.799999237060547,16.799999237060547,15.649999618530273,15.649999618530273,15.649999618530273,86180,BRFL.NS
2018-11-13,15.600000381469727,15.600000381469727,14.899999618530273,14.899999618530273,14.899999618530273,30677,BRFL.NS
2018-11-14,14.399999618530273,15.199999809265137,14.199999809265137,14.199999809265137,14.199999809265137,86423,BRFL.NS
2018-11-15,14.199999809265137,14.199999809265137,13.5,13.5,13.5,71244,BRFL.NS
2018-11-16,13.5,14.149999618530273,13.0,14.149999618530273,14.149999618530273,96835,BRFL.NS
2018-11-19,14.850000381469727,14.850000381469727,13.449999809265137,13.649999618530273,13.649999618530273,257602,BRFL.NS
2018-11-20,13.600000381469727,13.949999809265137,13.0,13.0,13.0,312157,BRFL.NS
2018-11-21,13.0,13.0,12.350000381469727,12.350000381469727,12.350000381469727,430457,BRFL.NS
2018-11-22,12.550000190734863,12.949999809265137,11.75,11.949999809265137,11.949999809265137,449956,BRFL.NS
2018-11-26,12.350000381469727,12.5,11.399999618530273,11.699999809265137,11.699999809265137,457951,BRFL.NS
2018-11-27,11.550000190734863,12.25,11.199999809265137,11.399999618530273,11.399999618530273,399614,BRFL.NS
2018-11-28,11.75,11.75,10.850000381469727,11.0,11.0,387017,BRFL.NS
2018-11-29,11.0,11.0,10.449999809265137,10.550000190734863,10.550000190734863,307202,BRFL.NS
2018-11-30,10.550000190734863,10.699999809265137,10.050000190734863,10.050000190734863,10.050000190734863,266421,BRFL.NS
2018-12-03,10.100000381469727,10.550000190734863,9.550000190734863,9.949999809265137,9.949999809265137,637122,BRFL.NS
2018-12-04,10.0,10.100000381469727,9.5,9.600000381469727,9.600000381469727,432555,BRFL.NS
2018-12-05,9.600000381469727,9.600000381469727,9.149999618530273,9.149999618530273,9.149999618530273,472533,BRFL.NS
2018-12-06,9.0,9.600000381469727,8.699999809265137,9.449999809265137,9.449999809265137,312585,BRFL.NS
2018-12-07,9.75,9.899999618530273,9.5,9.899999618530273,9.899999618530273,183893,BRFL.NS
2018-12-10,10.350000381469727,10.350000381469727,10.149999618530273,10.350000381469727,10.350000381469727,115670,BRFL.NS
2018-12-11,10.850000381469727,10.850000381469727,10.850000381469727,10.850000381469727,10.850000381469727,66301,BRFL.NS
2018-12-12,11.350000381469727,11.350000381469727,11.350000381469727,11.350000381469727,11.350000381469727,39155,BRFL.NS
2018-12-13,11.899999618530273,11.899999618530273,11.899999618530273,11.899999618530273,11.899999618530273,35861,BRFL.NS
2018-12-14,12.399999618530273,12.449999809265137,11.350000381469727,11.350000381469727,11.350000381469727,340092,BRFL.NS
2018-12-17,10.899999618530273,11.649999618530273,10.800000190734863,10.800000190734863,10.800000190734863,279995,BRFL.NS
2018-12-18,11.199999809265137,11.199999809265137,10.699999809265137,11.100000381469727,11.100000381469727,118514,BRFL.NS
2018-12-19,11.199999809265137,11.399999618530273,10.550000190734863,10.800000190734863,10.800000190734863,229774,BRFL.NS
2018-12-20,11.0,11.0,10.300000190734863,10.399999618530273,10.399999618530273,148671,BRFL.NS
2018-12-21,10.199999809265137,10.600000381469727,9.899999618530273,9.949999809265137,9.949999809265137,291265,BRFL.NS
2018-12-24,9.899999618530273,10.0,9.5,9.600000381469727,9.600000381469727,297786,BRFL.NS
2018-12-26,10.0,10.0,9.149999618530273,9.199999809265137,9.199999809265137,169412,BRFL.NS
2018-12-27,9.25,9.300000190734863,8.75,8.850000381469727,8.850000381469727,274892,BRFL.NS
2018-12-28,8.850000381469727,9.25,8.449999809265137,8.699999809265137,8.699999809265137,703785,BRFL.NS
2018-12-31,8.5,8.75,8.399999618530273,8.5,8.5,421808,BRFL.NS
2019-01-01,8.75,8.899999618530273,8.649999618530273,8.899999618530273,8.899999618530273,150444,BRFL.NS
2019-01-02,9.300000190734863,9.300000190734863,9.0,9.300000190734863,9.300000190734863,258508,BRFL.NS
2019-01-03,9.699999809265137,9.75,9.300000190734863,9.75,9.75,128514,BRFL.NS
2019-01-04,10.199999809265137,10.199999809265137,9.300000190734863,9.350000381469727,9.350000381469727,508218,BRFL.NS
2019-01-07,9.350000381469727,9.449999809265137,9.0,9.100000381469727,9.100000381469727,165948,BRFL.NS
2019-01-08,9.350000381469727,9.350000381469727,8.899999618530273,9.100000381469727,9.100000381469727,110515,BRFL.NS
2019-01-09,9.350000381469727,9.350000381469727,8.75,9.050000190734863,9.050000190734863,136370,BRFL.NS
2019-01-10,9.350000381469727,9.5,9.050000190734863,9.350000381469727,9.350000381469727,172514,BRFL.NS
2019-01-11,9.600000381469727,9.600000381469727,9.300000190734863,9.300000190734863,9.300000190734863,44032,BRFL.NS
2019-01-14,9.350000381469727,9.649999618530273,9.100000381469727,9.199999809265137,9.199999809265137,53954,BRFL.NS
2019-01-15,9.149999618530273,9.199999809265137,8.850000381469727,9.0,9.0,165815,BRFL.NS
2019-01-16,9.050000190734863,9.100000381469727,8.850000381469727,9.050000190734863,9.050000190734863,66072,BRFL.NS
2019-01-17,9.0,9.199999809265137,8.899999618530273,9.050000190734863,9.050000190734863,55569,BRFL.NS
2019-01-18,9.0,9.050000190734863,8.899999618530273,8.949999809265137,8.949999809265137,31937,BRFL.NS
2019-01-21,9.050000190734863,9.050000190734863,8.850000381469727,9.0,9.0,51242,BRFL.NS
2019-01-22,9.0,9.0,8.550000190734863,8.600000381469727,8.600000381469727,72645,BRFL.NS
2019-01-23,8.699999809265137,8.850000381469727,8.550000190734863,8.699999809265137,8.699999809265137,94255,BRFL.NS
2019-01-24,8.800000190734863,8.850000381469727,8.600000381469727,8.649999618530273,8.649999618530273,18569,BRFL.NS
2019-01-25,8.649999618530273,8.899999618530273,8.5,8.5,8.5,49139,BRFL.NS
2019-01-28,8.5,8.600000381469727,8.149999618530273,8.300000190734863,8.300000190734863,78225,BRFL.NS
2019-01-29,8.199999809265137,8.25,7.900000095367432,8.149999618530273,8.149999618530273,54884,BRFL.NS
2019-01-30,8.149999618530273,8.149999618530273,7.900000095367432,8.0,8.0,32431,BRFL.NS
2019-01-31,8.050000190734863,8.149999618530273,7.75,7.900000095367432,7.900000095367432,56700,BRFL.NS
2019-02-01,8.199999809265137,8.199999809265137,7.599999904632568,7.900000095367432,7.900000095367432,44339,BRFL.NS
2019-02-04,7.900000095367432,7.949999809265137,7.550000190734863,7.550000190734863,7.550000190734863,119345,BRFL.NS
2019-02-05,7.550000190734863,7.550000190734863,7.199999809265137,7.199999809265137,7.199999809265137,57362,BRFL.NS
2019-02-06,7.050000190734863,7.199999809265137,6.849999904632568,6.849999904632568,6.849999904632568,73976,BRFL.NS
2019-02-07,6.550000190734863,6.699999809265137,6.550000190734863,6.550000190734863,6.550000190734863,86887,BRFL.NS
2019-02-08,6.25,6.650000095367432,6.25,6.300000190734863,6.300000190734863,67555,BRFL.NS
2019-02-11,6.449999809265137,6.550000190734863,6.0,6.099999904632568,6.099999904632568,73707,BRFL.NS
2019-02-12,5.949999809265137,6.300000190734863,5.849999904632568,6.150000095367432,6.150000095367432,67168,BRFL.NS
2019-02-14,6.5,6.75,6.5,6.75,6.75,34243,BRFL.NS
2019-02-15,7.050000190734863,7.050000190734863,6.800000190734863,7.050000190734863,7.050000190734863,73103,BRFL.NS
2019-02-18,7.349999904632568,7.400000095367432,6.800000190734863,7.400000095367432,7.400000095367432,119118,BRFL.NS
2019-02-19,7.5,7.75,7.400000095367432,7.699999809265137,7.699999809265137,46449,BRFL.NS
2019-02-20,8.0,8.050000190734863,7.900000095367432,8.050000190734863,8.050000190734863,107451,BRFL.NS
2019-02-21,8.199999809265137,8.449999809265137,8.199999809265137,8.449999809265137,8.449999809265137,20396,BRFL.NS
2019-02-22,8.850000381469727,8.850000381469727,8.550000190734863,8.850000381469727,8.850000381469727,58492,BRFL.NS
2019-02-25,9.25,9.25,8.449999809265137,9.25,9.25,153872,BRFL.NS
2019-02-26,9.5,9.5,8.899999618530273,9.0,9.0,61544,BRFL.NS
2019-02-27,9.050000190734863,9.25,8.800000190734863,8.949999809265137,8.949999809265137,76805,BRFL.NS
2019-02-28,9.300000190734863,9.350000381469727,8.600000381469727,8.949999809265137,8.949999809265137,20631,BRFL.NS
2019-03-01,8.949999809265137,9.050000190734863,8.550000190734863,8.649999618530273,8.649999618530273,54625,BRFL.NS
2019-03-05,9.050000190734863,9.050000190734863,8.25,8.949999809265137,8.949999809265137,64006,BRFL.NS
2019-03-06,8.949999809265137,9.350000381469727,8.800000190734863,9.0,9.0,100657,BRFL.NS
2019-03-07,8.899999618530273,9.399999618530273,8.600000381469727,8.75,8.75,116911,BRFL.NS
2019-03-08,8.75,9.100000381469727,8.600000381469727,9.0,9.0,20147,BRFL.NS
2019-03-11,8.949999809265137,9.300000190734863,8.600000381469727,8.949999809265137,8.949999809265137,22770,BRFL.NS
2019-03-12,9.100000381469727,9.100000381469727,8.75,8.899999618530273,8.899999618530273,33077,BRFL.NS
2019-03-13,9.100000381469727,9.199999809265137,8.699999809265137,8.949999809265137,8.949999809265137,27289,BRFL.NS
2019-03-14,9.0,9.050000190734863,8.600000381469727,8.949999809265137,8.949999809265137,29099,BRFL.NS
2019-03-15,8.699999809265137,9.050000190734863,8.699999809265137,8.899999618530273,8.899999618530273,34041,BRFL.NS
2019-03-18,9.149999618530273,9.149999618530273,8.5,8.600000381469727,8.600000381469727,41559,BRFL.NS
2019-03-19,8.75,8.899999618530273,8.600000381469727,8.850000381469727,8.850000381469727,25721,BRFL.NS
2019-03-20,8.699999809265137,8.899999618530273,8.649999618530273,8.649999618530273,8.649999618530273,13897,BRFL.NS
2019-03-22,8.550000190734863,8.899999618530273,8.449999809265137,8.600000381469727,8.600000381469727,23362,BRFL.NS
2019-03-25,8.199999809265137,8.699999809265137,8.199999809265137,8.199999809265137,8.199999809265137,114643,BRFL.NS
2019-03-26,8.100000381469727,8.600000381469727,7.900000095367432,8.550000190734863,8.550000190734863,66795,BRFL.NS
2019-03-27,8.600000381469727,8.949999809265137,8.25,8.949999809265137,8.949999809265137,92165,BRFL.NS
2019-03-28,9.25,9.25,8.600000381469727,8.949999809265137,8.949999809265137,164281,BRFL.NS
2019-04-01,9.0,9.199999809265137,8.850000381469727,9.0,9.0,62296,BRFL.NS
2019-04-02,9.0,9.199999809265137,9.0,9.100000381469727,9.100000381469727,99337,BRFL.NS
2019-04-03,9.149999618530273,9.350000381469727,9.0,9.199999809265137,9.199999809265137,91470,BRFL.NS
2019-04-04,9.300000190734863,9.350000381469727,9.0,9.149999618530273,9.149999618530273,12529,BRFL.NS
2019-04-05,9.050000190734863,9.25,9.050000190734863,9.199999809265137,9.199999809265137,36502,BRFL.NS
2019-04-08,9.25,9.25,9.050000190734863,9.199999809265137,9.199999809265137,24291,BRFL.NS
2019-04-09,9.100000381469727,9.199999809265137,8.899999618530273,9.050000190734863,9.050000190734863,10678,BRFL.NS
2019-04-10,9.100000381469727,9.199999809265137,8.949999809265137,9.050000190734863,9.050000190734863,14964,BRFL.NS
2019-04-11,9.399999618530273,9.399999618530273,9.0,9.199999809265137,9.199999809265137,41177,BRFL.NS
2019-04-12,9.100000381469727,9.199999809265137,9.0,9.100000381469727,9.100000381469727,41342,BRFL.NS
2019-04-15,9.0,9.25,8.199999809265137,8.600000381469727,8.600000381469727,275843,BRFL.NS
2019-04-16,8.600000381469727,8.949999809265137,8.399999618530273,8.850000381469727,8.850000381469727,26567,BRFL.NS
2019-04-18,8.850000381469727,9.449999809265137,8.649999618530273,8.850000381469727,8.850000381469727,38719,BRFL.NS
2019-04-22,8.699999809265137,8.949999809265137,8.350000381469727,8.600000381469727,8.600000381469727,28877,BRFL.NS
2019-04-23,8.949999809265137,9.149999618530273,8.399999618530273,8.649999618530273,8.649999618530273,22778,BRFL.NS
2019-04-24,8.600000381469727,8.75,8.449999809265137,8.600000381469727,8.600000381469727,25479,BRFL.NS
2019-04-25,8.5,9.350000381469727,7.849999904632568,8.449999809265137,8.449999809265137,67822,BRFL.NS
2019-04-26,8.649999618530273,9.050000190734863,8.300000190734863,8.5,8.5,35032,BRFL.NS
2019-04-30,8.5,8.75,8.199999809265137,8.600000381469727,8.600000381469727,45548,BRFL.NS
2019-05-02,8.75,8.75,8.25,8.350000381469727,8.350000381469727,49278,BRFL.NS
2019-05-03,8.300000190734863,8.550000190734863,8.149999618530273,8.350000381469727,8.350000381469727,14544,BRFL.NS
2019-05-06,8.199999809265137,9.0,8.199999809265137,8.699999809265137,8.699999809265137,41638,BRFL.NS
2019-05-07,8.699999809265137,8.699999809265137,8.449999809265137,8.5,8.5,18458,BRFL.NS
2019-05-08,8.399999618530273,8.550000190734863,8.149999618530273,8.25,8.25,22550,BRFL.NS
2019-05-09,8.149999618530273,8.199999809265137,7.900000095367432,7.949999809265137,7.949999809265137,50323,BRFL.NS
2019-05-10,8.0,8.100000381469727,7.800000190734863,7.900000095367432,7.900000095367432,23434,BRFL.NS
2019-05-13,8.0,8.100000381469727,7.550000190734863,7.599999904632568,7.599999904632568,19449,BRFL.NS
2019-05-14,7.75,7.75,7.150000095367432,7.599999904632568,7.599999904632568,20019,BRFL.NS
2019-05-15,7.5,7.800000190734863,7.25,7.300000190734863,7.300000190734863,20469,BRFL.NS
2019-05-16,7.300000190734863,7.550000190734863,7.25,7.449999809265137,7.449999809265137,9345,BRFL.NS
2019-05-17,7.449999809265137,7.800000190734863,7.300000190734863,7.400000095367432,7.400000095367432,11060,BRFL.NS
2019-05-20,7.25,7.599999904632568,7.25,7.5,7.5,36141,BRFL.NS
2019-05-21,8.25,8.25,8.050000190734863,8.25,8.25,68090,BRFL.NS
2019-05-22,9.050000190734863,9.050000190734863,9.050000190734863,9.050000190734863,9.050000190734863,60819,BRFL.NS
2019-05-23,9.949999809265137,9.949999809265137,9.949999809265137,9.949999809265137,9.949999809265137,251853,BRFL.NS
2019-05-24,10.399999618530273,10.399999618530273,9.5,9.5,9.5,347466,BRFL.NS
2019-05-27,9.5,9.649999618530273,9.050000190734863,9.050000190734863,9.050000190734863,143082,BRFL.NS
2019-05-28,9.0,9.199999809265137,8.600000381469727,8.800000190734863,8.800000190734863,48564,BRFL.NS
2019-05-29,9.0,9.0,8.5,8.600000381469727,8.600000381469727,25601,BRFL.NS
2019-05-30,8.5,8.899999618530273,8.5,8.850000381469727,8.850000381469727,16896,BRFL.NS
2019-05-31,8.899999618530273,9.100000381469727,8.449999809265137,8.600000381469727,8.600000381469727,31867,BRFL.NS
2019-06-03,8.449999809265137,8.899999618530273,8.199999809265137,8.350000381469727,8.350000381469727,14735,BRFL.NS
2019-06-04,8.199999809265137,8.449999809265137,8.100000381469727,8.300000190734863,8.300000190734863,12140,BRFL.NS
2019-06-06,8.25,8.300000190734863,7.900000095367432,7.900000095367432,7.900000095367432,63514,BRFL.NS
2019-06-07,7.699999809265137,8.25,7.550000190734863,8.149999618530273,8.149999618530273,94021,BRFL.NS
2019-06-10,8.199999809265137,8.550000190734863,7.75,8.100000381469727,8.100000381469727,57112,BRFL.NS
2019-06-11,7.900000095367432,8.0,7.699999809265137,7.699999809265137,7.699999809265137,46820,BRFL.NS
2019-06-12,7.849999904632568,7.900000095367432,7.5,7.550000190734863,7.550000190734863,22299,BRFL.NS
2019-06-13,7.5,7.75,7.25,7.699999809265137,7.699999809265137,15797,BRFL.NS
2019-06-14,7.599999904632568,7.800000190734863,7.349999904632568,7.550000190734863,7.550000190734863,21979,BRFL.NS
2019-06-17,7.449999809265137,7.5,7.199999809265137,7.199999809265137,7.199999809265137,23684,BRFL.NS
2019-06-18,7.0,7.550000190734863,6.849999904632568,6.949999809265137,6.949999809265137,41087,BRFL.NS
2019-06-19,6.900000095367432,7.199999809265137,6.650000095367432,6.650000095367432,6.650000095367432,216799,BRFL.NS
2019-06-20,6.650000095367432,6.949999809265137,6.349999904632568,6.849999904632568,6.849999904632568,37344,BRFL.NS
2019-06-21,7.0,7.099999904632568,6.550000190734863,6.900000095367432,6.900000095367432,18768,BRFL.NS
2019-06-24,7.0,7.0,6.699999809265137,6.949999809265137,6.949999809265137,5312,BRFL.NS
2019-06-25,6.900000095367432,7.0,6.699999809265137,6.800000190734863,6.800000190734863,18703,BRFL.NS
2019-06-26,7.099999904632568,7.099999904632568,6.75,7.050000190734863,7.050000190734863,293985,BRFL.NS
2019-06-27,6.900000095367432,7.400000095367432,6.900000095367432,7.400000095367432,7.400000095367432,34891,BRFL.NS
2019-06-28,7.150000095367432,7.75,7.050000190734863,7.349999904632568,7.349999904632568,39651,BRFL.NS
2019-07-01,7.699999809265137,7.699999809265137,7.25,7.300000190734863,7.300000190734863,14760,BRFL.NS
2019-07-02,7.300000190734863,7.349999904632568,7.0,7.0,7.0,28349,BRFL.NS
2019-07-03,6.800000190734863,7.150000095367432,6.800000190734863,6.900000095367432,6.900000095367432,14012,BRFL.NS
2019-07-04,6.699999809265137,7.099999904632568,6.699999809265137,6.900000095367432,6.900000095367432,10321,BRFL.NS
2019-07-05,6.900000095367432,6.949999809265137,6.699999809265137,6.699999809265137,6.699999809265137,58418,BRFL.NS
2019-07-08,6.75,6.849999904632568,6.400000095367432,6.550000190734863,6.550000190734863,21367,BRFL.NS
2019-07-09,6.550000190734863,6.699999809265137,6.25,6.349999904632568,6.349999904632568,19681,BRFL.NS
2019-07-10,6.25,6.5,6.099999904632568,6.300000190734863,6.300000190734863,10692,BRFL.NS
2019-07-11,6.25,6.5,6.199999809265137,6.300000190734863,6.300000190734863,14769,BRFL.NS
2019-07-12,6.300000190734863,6.550000190734863,6.199999809265137,6.25,6.25,16944,BRFL.NS
2019-07-15,6.150000095367432,6.400000095367432,6.050000190734863,6.050000190734863,6.050000190734863,17526,BRFL.NS
2019-07-16,6.0,6.150000095367432,5.900000095367432,6.050000190734863,6.050000190734863,7284,BRFL.NS
2019-07-17,6.199999809265137,6.199999809265137,6.0,6.050000190734863,6.050000190734863,4963,BRFL.NS
2019-07-18,6.0,6.150000095367432,5.849999904632568,6.050000190734863,6.050000190734863,25828,BRFL.NS
2019-07-19,6.050000190734863,6.050000190734863,5.75,5.75,5.75,48074,BRFL.NS
2019-07-22,5.699999809265137,5.849999904632568,5.5,5.699999809265137,5.699999809265137,36209,BRFL.NS
2019-07-23,5.650000095367432,5.650000095367432,5.449999809265137,5.449999809265137,5.449999809265137,34939,BRFL.NS
2019-07-24,5.5,5.550000190734863,5.25,5.349999904632568,5.349999904632568,39521,BRFL.NS
2019-07-25,5.300000190734863,5.5,5.099999904632568,5.099999904632568,5.099999904632568,77438,BRFL.NS
2019-07-26,5.0,5.349999904632568,4.849999904632568,5.150000095367432,5.150000095367432,66186,BRFL.NS
2019-07-29,5.400000095367432,5.400000095367432,5.0,5.050000190734863,5.050000190734863,42787,BRFL.NS
2019-07-30,5.199999809265137,5.300000190734863,4.800000190734863,5.300000190734863,5.300000190734863,91061,BRFL.NS
2019-07-31,5.199999809265137,5.550000190734863,5.099999904632568,5.550000190734863,5.550000190734863,60718,BRFL.NS
2019-08-01,5.75,5.800000190734863,5.449999809265137,5.599999904632568,5.599999904632568,48182,BRFL.NS
2019-08-02,5.599999904632568,5.75,5.449999809265137,5.599999904632568,5.599999904632568,4480,BRFL.NS
2019-08-05,5.599999904632568,5.699999809265137,5.349999904632568,5.5,5.5,16184,BRFL.NS
2019-08-06,5.599999904632568,5.699999809265137,5.300000190734863,5.5,5.5,6636,BRFL.NS
2019-08-07,5.400000095367432,5.5,5.300000190734863,5.300000190734863,5.300000190734863,6631,BRFL.NS
2019-08-08,5.199999809265137,5.25,5.050000190734863,5.150000095367432,5.150000095367432,9143,BRFL.NS
2019-08-09,5.099999904632568,5.349999904632568,4.900000095367432,5.099999904632568,5.099999904632568,22071,BRFL.NS
2019-08-13,5.099999904632568,5.349999904632568,5.050000190734863,5.25,5.25,6789,BRFL.NS
2019-08-14,5.199999809265137,5.400000095367432,5.099999904632568,5.349999904632568,5.349999904632568,13176,BRFL.NS
2019-08-16,5.400000095367432,5.400000095367432,5.150000095367432,5.199999809265137,5.199999809265137,9640,BRFL.NS
2019-08-19,5.25,5.25,5.099999904632568,5.150000095367432,5.150000095367432,6721,BRFL.NS
2019-08-20,5.199999809265137,5.400000095367432,5.0,5.400000095367432,5.400000095367432,43050,BRFL.NS
2019-08-21,5.300000190734863,5.650000095367432,5.199999809265137,5.650000095367432,5.650000095367432,27745,BRFL.NS
2019-08-22,5.650000095367432,5.900000095367432,5.400000095367432,5.449999809265137,5.449999809265137,36099,BRFL.NS
2019-08-23,5.199999809265137,5.400000095367432,5.199999809265137,5.199999809265137,5.199999809265137,19577,BRFL.NS
2019-08-26,5.25,5.25,4.949999809265137,5.099999904632568,5.099999904632568,29798,BRFL.NS
2019-08-27,5.0,5.25,4.949999809265137,5.099999904632568,5.099999904632568,17670,BRFL.NS
2019-08-28,5.050000190734863,5.150000095367432,5.0,5.050000190734863,5.050000190734863,12900,BRFL.NS
2019-08-29,5.0,5.099999904632568,4.949999809265137,5.050000190734863,5.050000190734863,7990,BRFL.NS
2019-08-30,5.0,5.199999809265137,4.849999904632568,4.900000095367432,4.900000095367432,38243,BRFL.NS
2019-09-03,4.75,5.0,4.75,4.900000095367432,4.900000095367432,20402,BRFL.NS
2019-09-04,5.099999904632568,5.099999904632568,4.849999904632568,5.050000190734863,5.050000190734863,8717,BRFL.NS
2019-09-05,5.0,5.099999904632568,4.900000095367432,5.0,5.0,10515,BRFL.NS
2019-09-06,4.949999809265137,5.25,4.849999904632568,5.099999904632568,5.099999904632568,15838,BRFL.NS
2019-09-09,5.0,5.349999904632568,4.900000095367432,5.349999904632568,5.349999904632568,66192,BRFL.NS
2019-09-11,5.599999904632568,5.599999904632568,5.5,5.599999904632568,5.599999904632568,15439,BRFL.NS
2019-09-12,5.599999904632568,5.699999809265137,5.449999809265137,5.5,5.5,60663,BRFL.NS
2019-09-13,5.5,5.75,5.349999904632568,5.75,5.75,71206,BRFL.NS
2019-09-16,5.75,6.0,5.650000095367432,6.0,6.0,24809,BRFL.NS
2019-09-17,6.099999904632568,6.300000190734863,6.099999904632568,6.300000190734863,6.300000190734863,38590,BRFL.NS
2019-09-18,6.300000190734863,6.550000190734863,6.050000190734863,6.449999809265137,6.449999809265137,35517,BRFL.NS
2019-09-19,6.550000190734863,6.75,6.150000095367432,6.400000095367432,6.400000095367432,59740,BRFL.NS
2019-09-20,6.699999809265137,6.699999809265137,6.150000095367432,6.650000095367432,6.650000095367432,55013,BRFL.NS
2019-09-23,6.699999809265137,6.949999809265137,6.349999904632568,6.349999904632568,6.349999904632568,154921,BRFL.NS
2019-09-24,6.050000190734863,6.050000190734863,6.050000190734863,6.050000190734863,6.050000190734863,5085,BRFL.NS
2019-09-25,5.75,6.349999904632568,5.75,5.75,5.75,96636,BRFL.NS
2019-09-26,5.849999904632568,5.849999904632568,5.5,5.5,5.5,9716,BRFL.NS
2019-09-27,5.349999904632568,5.650000095367432,5.25,5.25,5.25,24905,BRFL.NS
2019-09-30,5.150000095367432,5.150000095367432,5.0,5.0,5.0,10765,BRFL.NS
2019-10-01,5.0,5.0,4.75,4.800000190734863,4.800000190734863,40052,BRFL.NS
2019-10-03,4.650000095367432,5.0,4.599999904632568,4.949999809265137,4.949999809265137,40256,BRFL.NS
2019-10-04,4.949999809265137,5.099999904632568,4.949999809265137,4.949999809265137,4.949999809265137,6667,BRFL.NS
2019-10-07,4.75,5.150000095367432,4.75,5.0,5.0,10376,BRFL.NS
2019-10-09,4.800000190734863,5.199999809265137,4.75,4.849999904632568,4.849999904632568,10976,BRFL.NS
2019-10-10,4.75,5.050000190734863,4.699999809265137,5.0,5.0,21842,BRFL.NS
2019-10-11,5.0,5.150000095367432,4.75,4.949999809265137,4.949999809265137,24462,BRFL.NS
2019-10-14,4.849999904632568,5.099999904632568,4.75,4.75,4.75,14415,BRFL.NS
2019-10-15,4.949999809265137,4.949999809265137,4.800000190734863,4.900000095367432,4.900000095367432,12464,BRFL.NS
2019-10-16,5.0,5.099999904632568,4.75,4.949999809265137,4.949999809265137,8827,BRFL.NS
2019-10-17,4.949999809265137,5.150000095367432,4.75,4.75,4.75,39559,BRFL.NS
2019-10-18,4.599999904632568,4.75,4.550000190734863,4.550000190734863,4.550000190734863,52785,BRFL.NS
2019-10-22,4.699999809265137,4.699999809265137,4.349999904632568,4.349999904632568,4.349999904632568,74258,BRFL.NS
2019-10-23,4.199999809265137,4.25,4.150000095367432,4.150000095367432,4.150000095367432,18021,BRFL.NS
2019-10-24,4.050000190734863,4.150000095367432,3.950000047683716,3.950000047683716,3.950000047683716,32091,BRFL.NS
2019-10-25,4.099999904632568,4.099999904632568,3.799999952316284,3.799999952316284,3.799999952316284,28676,BRFL.NS
2019-10-27,3.6500000953674316,3.950000047683716,3.6500000953674316,3.950000047683716,3.950000047683716,3968,BRFL.NS
2019-10-29,4.0,4.050000190734863,3.799999952316284,3.8499999046325684,3.8499999046325684,133775,BRFL.NS
2019-10-30,3.799999952316284,3.950000047683716,3.700000047683716,3.799999952316284,3.799999952316284,58354,BRFL.NS
2019-10-31,3.75,3.9000000953674316,3.6500000953674316,3.6500000953674316,3.6500000953674316,78453,BRFL.NS
2019-11-01,3.6500000953674316,3.799999952316284,3.5999999046325684,3.799999952316284,3.799999952316284,34493,BRFL.NS
2019-11-04,3.950000047683716,3.950000047683716,3.799999952316284,3.950000047683716,3.950000047683716,27041,BRFL.NS
2019-11-05,4.0,4.099999904632568,4.0,4.099999904632568,4.099999904632568,9627,BRFL.NS
2019-11-06,4.300000190734863,4.300000190734863,4.150000095367432,4.300000190734863,4.300000190734863,20541,BRFL.NS
2019-11-07,4.5,4.5,4.300000190734863,4.5,4.5,13942,BRFL.NS
2019-11-08,4.400000095367432,4.699999809265137,4.300000190734863,4.699999809265137,4.699999809265137,36130,BRFL.NS
2019-11-11,4.849999904632568,4.849999904632568,4.5,4.5,4.5,16915,BRFL.NS
2019-11-13,4.650000095367432,4.650000095367432,4.300000190734863,4.300000190734863,4.300000190734863,35030,BRFL.NS
2019-11-14,4.300000190734863,4.5,4.099999904632568,4.150000095367432,4.150000095367432,47636,BRFL.NS
2019-11-15,4.099999904632568,4.349999904632568,3.950000047683716,3.950000047683716,3.950000047683716,71201,BRFL.NS
2019-11-18,4.099999904632568,4.099999904632568,3.8499999046325684,4.099999904632568,4.099999904632568,11187,BRFL.NS
2019-11-19,4.099999904632568,4.300000190734863,3.950000047683716,4.099999904632568,4.099999904632568,10450,BRFL.NS
2019-11-20,4.050000190734863,4.300000190734863,4.0,4.0,4.0,67378,BRFL.NS
2019-11-21,4.0,4.199999809265137,3.799999952316284,4.0,4.0,73965,BRFL.NS
2019-11-22,4.0,4.099999904632568,3.9000000953674316,4.050000190734863,4.050000190734863,18307,BRFL.NS
2019-11-25,4.199999809265137,4.199999809265137,3.8499999046325684,4.099999904632568,4.099999904632568,38298,BRFL.NS
2019-11-26,4.099999904632568,4.099999904632568,4.099999904632568,4.099999904632568,4.099999904632568,0,BRFL.NS
2019-11-27,3.9000000953674316,4.300000190734863,3.9000000953674316,4.25,4.25,9587,BRFL.NS
2019-11-28,4.050000190734863,4.449999809265137,4.050000190734863,4.400000095367432,4.400000095367432,24639,BRFL.NS
2019-11-29,4.25,4.550000190734863,4.199999809265137,4.449999809265137,4.449999809265137,6242,BRFL.NS
2019-12-02,4.5,4.5,4.25,4.400000095367432,4.400000095367432,4574,BRFL.NS
2019-12-03,4.599999904632568,4.599999904632568,4.199999809265137,4.349999904632568,4.349999904632568,15033,BRFL.NS
2019-12-04,4.25,4.550000190734863,4.25,4.400000095367432,4.400000095367432,8166,BRFL.NS
2019-12-05,4.199999809265137,4.599999904632568,4.199999809265137,4.300000190734863,4.300000190734863,13518,BRFL.NS
2019-12-06,4.099999904632568,4.5,4.099999904632568,4.5,4.5,10307,BRFL.NS
2019-12-09,4.300000190734863,4.5,4.300000190734863,4.5,4.5,3216,BRFL.NS
2019-12-10,4.300000190734863,4.300000190734863,4.300000190734863,4.300000190734863,4.300000190734863,8214,BRFL.NS
2019-12-11,4.5,4.5,4.099999904632568,4.300000190734863,4.300000190734863,2445,BRFL.NS
2019-12-12,4.099999904632568,4.400000095367432,4.099999904632568,4.150000095367432,4.150000095367432,8470,BRFL.NS
2019-12-13,4.349999904632568,4.349999904632568,3.950000047683716,4.150000095367432,4.150000095367432,15369,BRFL.NS
2019-12-16,3.950000047683716,4.349999904632568,3.950000047683716,4.199999809265137,4.199999809265137,5457,BRFL.NS
2019-12-17,4.050000190734863,4.400000095367432,4.050000190734863,4.150000095367432,4.150000095367432,35627,BRFL.NS
2019-12-18,3.950000047683716,4.099999904632568,3.950000047683716,4.050000190734863,4.050000190734863,61389,BRFL.NS
2019-12-19,3.950000047683716,4.099999904632568,3.950000047683716,4.050000190734863,4.050000190734863,13443,BRFL.NS
2019-12-20,4.050000190734863,4.050000190734863,4.0,4.0,4.0,2267,BRFL.NS
2019-12-23,4.0,4.050000190734863,3.950000047683716,4.0,4.0,13128,BRFL.NS
2019-12-24,4.0,4.050000190734863,4.0,4.0,4.0,53725,BRFL.NS
2019-12-26,3.799999952316284,4.0,3.799999952316284,4.0,4.0,16304,BRFL.NS
2019-12-27,4.0,4.199999809265137,3.950000047683716,4.150000095367432,4.150000095367432,37479,BRFL.NS
2019-12-30,4.150000095367432,4.349999904632568,3.950000047683716,4.300000190734863,4.300000190734863,63679,BRFL.NS
2019-12-31,4.099999904632568,4.5,4.099999904632568,4.300000190734863,4.300000190734863,42928,BRFL.NS
2020-01-01,4.099999904632568,4.5,4.099999904632568,4.349999904632568,4.349999904632568,13067,BRFL.NS
2020-01-02,4.5,4.5,4.150000095367432,4.300000190734863,4.300000190734863,12719,BRFL.NS
2020-01-03,4.199999809265137,4.25,4.150000095367432,4.25,4.25,7770,BRFL.NS
2020-01-06,4.150000095367432,4.199999809265137,4.050000190734863,4.050000190734863,4.050000190734863,11980,BRFL.NS
2020-01-07,3.8499999046325684,4.099999904632568,3.8499999046325684,4.0,4.0,36773,BRFL.NS
2020-01-08,3.799999952316284,4.050000190734863,3.799999952316284,4.0,4.0,12109,BRFL.NS
2020-01-09,4.0,4.150000095367432,4.0,4.099999904632568,4.099999904632568,28538,BRFL.NS
2020-01-10,4.0,4.050000190734863,4.0,4.0,4.0,25398,BRFL.NS
2020-01-13,4.0,4.199999809265137,4.0,4.050000190734863,4.050000190734863,6016,BRFL.NS
2020-01-14,4.0,4.050000190734863,4.0,4.050000190734863,4.050000190734863,4056,BRFL.NS
2020-01-15,4.050000190734863,4.050000190734863,4.0,4.050000190734863,4.050000190734863,16185,BRFL.NS
2020-01-16,4.050000190734863,4.050000190734863,4.0,4.0,4.0,12499,BRFL.NS
2020-01-17,4.050000190734863,4.099999904632568,4.0,4.099999904632568,4.099999904632568,19064,BRFL.NS
2020-01-20,4.0,4.199999809265137,4.0,4.099999904632568,4.099999904632568,13226,BRFL.NS
2020-01-21,4.099999904632568,4.199999809265137,4.099999904632568,4.099999904632568,4.099999904632568,23869,BRFL.NS
2020-01-22,3.9000000953674316,4.099999904632568,3.9000000953674316,4.0,4.0,64960,BRFL.NS
2020-01-23,4.099999904632568,4.199999809265137,3.950000047683716,4.050000190734863,4.050000190734863,21682,BRFL.NS
2020-01-24,4.0,4.150000095367432,4.0,4.050000190734863,4.050000190734863,31015,BRFL.NS
2020-01-27,4.150000095367432,4.150000095367432,4.0,4.099999904632568,4.099999904632568,66985,BRFL.NS
2020-01-28,4.099999904632568,4.25,4.050000190734863,4.199999809265137,4.199999809265137,68198,BRFL.NS
2020-01-29,4.099999904632568,4.25,4.0,4.0,4.0,68189,BRFL.NS
2020-01-30,4.0,4.0,3.799999952316284,3.9000000953674316,3.9000000953674316,23258,BRFL.NS
2020-01-31,3.799999952316284,3.950000047683716,3.799999952316284,3.799999952316284,3.799999952316284,14699,BRFL.NS
2020-02-03,4.099999904632568,4.099999904632568,3.9000000953674316,4.050000190734863,4.050000190734863,15949,BRFL.NS
2020-02-04,4.199999809265137,4.199999809265137,3.8499999046325684,4.050000190734863,4.050000190734863,25199,BRFL.NS
2020-02-05,3.9000000953674316,4.25,3.8499999046325684,4.150000095367432,4.150000095367432,16683,BRFL.NS
2020-02-06,4.25,4.25,3.9000000953674316,4.099999904632568,4.099999904632568,18489,BRFL.NS
2020-02-07,4.050000190734863,4.25,4.0,4.099999904632568,4.099999904632568,8342,BRFL.NS
2020-02-10,4.050000190734863,4.199999809265137,4.0,4.150000095367432,4.150000095367432,41978,BRFL.NS
2020-02-11,4.099999904632568,4.25,4.0,4.199999809265137,4.199999809265137,25150,BRFL.NS
2020-02-12,4.150000095367432,4.25,4.099999904632568,4.099999904632568,4.099999904632568,10904,BRFL.NS
2020-02-13,4.050000190734863,4.150000095367432,4.0,4.050000190734863,4.050000190734863,7720,BRFL.NS
2020-02-14,4.150000095367432,4.150000095367432,4.0,4.0,4.0,25851,BRFL.NS
2020-02-17,4.0,4.199999809265137,4.0,4.099999904632568,4.099999904632568,26127,BRFL.NS
2020-02-18,4.050000190734863,4.099999904632568,4.0,4.0,4.0,123574,BRFL.NS
2020-02-19,4.0,4.25,3.75,4.050000190734863,4.050000190734863,65925,BRFL.NS
2020-02-20,4.25,4.25,4.0,4.050000190734863,4.050000190734863,10431,BRFL.NS
2020-02-24,4.050000190734863,4.150000095367432,4.0,4.0,4.0,4410,BRFL.NS
2020-02-25,4.349999904632568,4.349999904632568,4.0,4.050000190734863,4.050000190734863,8570,BRFL.NS
2020-02-26,4.050000190734863,4.25,4.0,4.0,4.0,19322,BRFL.NS
2020-02-27,4.150000095367432,4.199999809265137,4.0,4.099999904632568,4.099999904632568,12994,BRFL.NS
2020-02-28,4.150000095367432,4.449999809265137,4.050000190734863,4.050000190734863,4.050000190734863,62512,BRFL.NS
2020-03-02,4.050000190734863,4.449999809265137,4.050000190734863,4.349999904632568,4.349999904632568,28384,BRFL.NS
2020-03-03,4.400000095367432,4.650000095367432,4.199999809265137,4.599999904632568,4.599999904632568,46417,BRFL.NS
2020-03-04,4.599999904632568,4.75,4.25,4.650000095367432,4.650000095367432,30440,BRFL.NS
2020-03-05,4.650000095367432,4.650000095367432,4.199999809265137,4.199999809265137,4.199999809265137,41114,BRFL.NS
2020-03-06,4.0,4.599999904632568,3.8499999046325684,4.300000190734863,4.300000190734863,169170,BRFL.NS
2020-03-09,4.099999904632568,4.300000190734863,4.0,4.0,4.0,30925,BRFL.NS
2020-03-11,4.0,4.25,4.0,4.099999904632568,4.099999904632568,45636,BRFL.NS
2020-03-12,4.0,4.099999904632568,3.700000047683716,4.0,4.0,72992,BRFL.NS
2020-03-13,3.950000047683716,4.150000095367432,3.5999999046325684,3.8499999046325684,3.8499999046325684,32897,BRFL.NS
2020-03-16,3.75,3.799999952316284,3.5,3.75,3.75,44870,BRFL.NS
2020-03-17,4.050000190734863,4.050000190734863,3.549999952316284,3.75,3.75,45559,BRFL.NS
2020-03-18,3.9000000953674316,3.9000000953674316,3.4000000953674316,3.4000000953674316,3.4000000953674316,159608,BRFL.NS
2020-03-19,3.0999999046325684,3.4000000953674316,3.0999999046325684,3.1500000953674316,3.1500000953674316,45112,BRFL.NS
2020-03-20,3.0,3.3499999046325684,3.0,3.200000047683716,3.200000047683716,21347,BRFL.NS
2020-03-23,2.9000000953674316,3.3499999046325684,2.9000000953674316,3.0,3.0,28169,BRFL.NS
2020-03-24,2.9000000953674316,3.299999952316284,2.9000000953674316,3.0999999046325684,3.0999999046325684,31553,BRFL.NS
2020-03-25,2.9000000953674316,3.4000000953674316,2.799999952316284,3.0,3.0,41647,BRFL.NS
2020-03-26,3.25,3.299999952316284,2.950000047683716,3.299999952316284,3.299999952316284,13351,BRFL.NS
2020-03-27,3.1500000953674316,3.450000047683716,3.0999999046325684,3.1500000953674316,3.1500000953674316,23627,BRFL.NS
2020-03-30,3.450000047683716,3.450000047683716,2.950000047683716,3.0,3.0,66385,BRFL.NS
2020-03-31,3.1500000953674316,3.1500000953674316,2.9000000953674316,3.0,3.0,58087,BRFL.NS
2020-04-01,3.0,3.0,2.75,3.0,3.0,32176,BRFL.NS
2020-04-03,3.299999952316284,3.299999952316284,2.799999952316284,2.950000047683716,2.950000047683716,22437,BRFL.NS
2020-04-07,2.9000000953674316,3.049999952316284,2.8499999046325684,3.0,3.0,59735,BRFL.NS
2020-04-08,2.950000047683716,3.049999952316284,2.9000000953674316,2.950000047683716,2.950000047683716,36741,BRFL.NS
2020-04-09,3.0,3.049999952316284,2.9000000953674316,3.049999952316284,3.049999952316284,21534,BRFL.NS
2020-04-13,3.0,3.200000047683716,2.9000000953674316,3.0,3.0,22602,BRFL.NS
2020-04-15,3.1500000953674316,3.5999999046325684,3.0999999046325684,3.5999999046325684,3.5999999046325684,55701,BRFL.NS
2020-04-16,4.300000190734863,4.300000190734863,4.099999904632568,4.300000190734863,4.300000190734863,195194,BRFL.NS
2020-04-17,4.699999809265137,4.699999809265137,4.699999809265137,4.699999809265137,4.699999809265137,46978,BRFL.NS
2020-04-20,5.150000095367432,5.150000095367432,4.699999809265137,5.150000095367432,5.150000095367432,418292,BRFL.NS
2020-04-21,5.650000095367432,5.650000095367432,4.800000190734863,5.599999904632568,5.599999904632568,674955,BRFL.NS
2020-04-22,5.650000095367432,5.849999904632568,5.349999904632568,5.349999904632568,5.349999904632568,200421,BRFL.NS
2020-04-23,5.099999904632568,5.099999904632568,5.099999904632568,5.099999904632568,5.099999904632568,36538,BRFL.NS
2020-04-24,4.849999904632568,4.849999904632568,4.849999904632568,4.849999904632568,4.849999904632568,26601,BRFL.NS
2020-04-27,4.650000095367432,4.650000095367432,4.650000095367432,4.650000095367432,4.650000095367432,20957,BRFL.NS
2020-04-28,4.449999809265137,4.449999809265137,4.449999809265137,4.449999809265137,4.449999809265137,4322,BRFL.NS
2020-04-29,4.25,4.25,4.25,4.25,4.25,13471,BRFL.NS
2020-04-30,4.050000190734863,4.050000190734863,4.050000190734863,4.050000190734863,4.050000190734863,75184,BRFL.NS
2020-05-04,3.9000000953674316,4.050000190734863,3.8499999046325684,3.8499999046325684,3.8499999046325684,30394,BRFL.NS
2020-05-05,3.700000047683716,4.0,3.700000047683716,3.950000047683716,3.950000047683716,58705,BRFL.NS
2020-05-06,4.099999904632568,4.099999904632568,3.799999952316284,4.099999904632568,4.099999904632568,59356,BRFL.NS
2020-05-07,4.099999904632568,4.300000190734863,4.099999904632568,4.300000190734863,4.300000190734863,47527,BRFL.NS
2020-05-08,4.5,4.5,4.099999904632568,4.349999904632568,4.349999904632568,34525,BRFL.NS
2020-05-11,4.550000190734863,4.550000190734863,4.199999809265137,4.199999809265137,4.199999809265137,28296,BRFL.NS
2020-05-12,4.199999809265137,4.349999904632568,4.0,4.0,4.0,33778,BRFL.NS
2020-05-13,4.0,4.150000095367432,3.799999952316284,3.950000047683716,3.950000047683716,68729,BRFL.NS
2020-05-14,3.950000047683716,4.050000190734863,3.799999952316284,3.9000000953674316,3.9000000953674316,25476,BRFL.NS
2020-05-15,3.799999952316284,4.050000190734863,3.75,3.950000047683716,3.950000047683716,29069,BRFL.NS
2020-05-18,3.8499999046325684,4.050000190734863,3.799999952316284,3.8499999046325684,3.8499999046325684,23592,BRFL.NS
2020-05-19,4.0,4.0,3.700000047683716,3.700000047683716,3.700000047683716,45495,BRFL.NS
2020-05-20,3.549999952316284,3.799999952316284,3.549999952316284,3.6500000953674316,3.6500000953674316,27301,BRFL.NS
2020-05-21,3.799999952316284,3.799999952316284,3.5999999046325684,3.75,3.75,21249,BRFL.NS
2020-05-22,3.9000000953674316,3.9000000953674316,3.6500000953674316,3.700000047683716,3.700000047683716,31800,BRFL.NS
2020-05-26,3.799999952316284,3.8499999046325684,3.6500000953674316,3.799999952316284,3.799999952316284,24213,BRFL.NS
2020-05-27,3.950000047683716,3.950000047683716,3.8499999046325684,3.9000000953674316,3.9000000953674316,32412,BRFL.NS
2020-05-28,4.050000190734863,4.050000190734863,3.8499999046325684,4.050000190734863,4.050000190734863,54728,BRFL.NS
2020-05-29,4.050000190734863,4.25,3.9000000953674316,3.950000047683716,3.950000047683716,37251,BRFL.NS
2020-06-01,3.950000047683716,4.050000190734863,3.9000000953674316,3.950000047683716,3.950000047683716,80201,BRFL.NS
2020-06-02,4.0,4.050000190734863,3.9000000953674316,4.0,4.0,55853,BRFL.NS
2020-06-03,4.199999809265137,4.199999809265137,4.0,4.199999809265137,4.199999809265137,120091,BRFL.NS
2020-06-04,4.400000095367432,4.400000095367432,4.099999904632568,4.349999904632568,4.349999904632568,177138,BRFL.NS
2020-06-05,4.550000190734863,4.75,4.550000190734863,4.75,4.75,465896,BRFL.NS
2020-06-08,5.199999809265137,5.199999809265137,4.800000190734863,5.199999809265137,5.199999809265137,326923,BRFL.NS
2020-06-09,5.699999809265137,5.699999809265137,4.75,5.199999809265137,5.199999809265137,461917,BRFL.NS
2020-06-10,5.25,5.25,4.800000190734863,5.050000190734863,5.050000190734863,118549,BRFL.NS
2020-06-11,5.099999904632568,5.25,4.900000095367432,5.099999904632568,5.099999904632568,122210,BRFL.NS
2020-06-12,5.050000190734863,5.050000190734863,4.800000190734863,5.0,5.0,101413,BRFL.NS
2020-06-15,5.0,5.199999809265137,4.75,5.0,5.0,125061,BRFL.NS
2020-06-16,5.5,5.5,4.800000190734863,5.0,5.0,95284,BRFL.NS
2020-06-17,5.0,5.5,4.949999809265137,5.5,5.5,828380,BRFL.NS
2020-06-18,6.050000190734863,6.050000190734863,6.050000190734863,6.050000190734863,6.050000190734863,208348,BRFL.NS
2020-06-19,6.650000095367432,6.650000095367432,6.650000095367432,6.650000095367432,6.650000095367432,153865,BRFL.NS
2020-06-22,6.949999809265137,6.949999809265137,6.949999809265137,6.949999809265137,6.949999809265137,109037,BRFL.NS
2020-06-23,7.25,7.25,7.25,7.25,7.25,16453,BRFL.NS
2020-06-24,7.599999904632568,7.599999904632568,7.599999904632568,7.599999904632568,7.599999904632568,276582,BRFL.NS
2020-06-25,7.949999809265137,7.949999809265137,7.949999809265137,7.949999809265137,7.949999809265137,189512,BRFL.NS
2020-06-26,8.300000190734863,8.300000190734863,8.300000190734863,8.300000190734863,8.300000190734863,23006,BRFL.NS
2020-06-29,8.699999809265137,8.699999809265137,8.699999809265137,8.699999809265137,8.699999809265137,55181,BRFL.NS
2020-06-30,9.100000381469727,9.100000381469727,9.100000381469727,9.100000381469727,9.100000381469727,22594,BRFL.NS
2020-07-01,9.550000190734863,9.550000190734863,9.550000190734863,9.550000190734863,9.550000190734863,33102,BRFL.NS
2020-07-02,9.850000381469727,9.850000381469727,9.100000381469727,9.100000381469727,9.100000381469727,210620,BRFL.NS
2020-07-03,8.649999618530273,8.649999618530273,8.649999618530273,8.649999618530273,8.649999618530273,98845,BRFL.NS
2020-07-06,8.25,8.25,8.25,8.25,8.25,126602,BRFL.NS
2020-07-07,7.849999904632568,7.849999904632568,7.849999904632568,7.849999904632568,7.849999904632568,126482,BRFL.NS
2020-07-08,7.5,7.5,7.5,7.5,7.5,25123,BRFL.NS
2020-07-09,7.150000095367432,7.150000095367432,7.150000095367432,7.150000095367432,7.150000095367432,27778,BRFL.NS
2020-07-10,6.800000190734863,6.800000190734863,6.800000190734863,6.800000190734863,6.800000190734863,70290,BRFL.NS
2020-07-13,6.5,6.5,6.5,6.5,6.5,19123,BRFL.NS
2020-07-14,6.199999809265137,6.199999809265137,6.199999809265137,6.199999809265137,6.199999809265137,67792,BRFL.NS
2020-07-15,5.900000095367432,5.900000095367432,5.900000095367432,5.900000095367432,5.900000095367432,23224,BRFL.NS
2020-07-16,5.650000095367432,6.150000095367432,5.650000095367432,5.650000095367432,5.650000095367432,89865,BRFL.NS
2020-07-17,5.5,5.900000095367432,5.5,5.900000095367432,5.900000095367432,136546,BRFL.NS
2020-07-20,6.150000095367432,6.150000095367432,6.150000095367432,6.150000095367432,6.150000095367432,32083,BRFL.NS
2020-07-21,6.449999809265137,6.449999809265137,6.449999809265137,6.449999809265137,6.449999809265137,37259,BRFL.NS
2020-07-22,6.75,6.75,6.75,6.75,6.75,110797,BRFL.NS
2020-07-23,7.050000190734863,7.050000190734863,7.050000190734863,7.050000190734863,7.050000190734863,19422,BRFL.NS
2020-07-24,7.400000095367432,7.400000095367432,7.400000095367432,7.400000095367432,7.400000095367432,19536,BRFL.NS
2020-07-27,7.75,7.75,7.75,7.75,7.75,159545,BRFL.NS
2020-07-28,8.100000381469727,8.100000381469727,8.100000381469727,8.100000381469727,8.100000381469727,66836,BRFL.NS
2020-07-29,8.5,8.5,8.5,8.5,8.5,34405,BRFL.NS
2020-07-30,8.899999618530273,8.899999618530273,8.899999618530273,8.899999618530273,8.899999618530273,37922,BRFL.NS
2020-07-31,9.300000190734863,9.300000190734863,8.5,8.949999809265137,8.949999809265137,344488,BRFL.NS
2020-08-03,8.550000190734863,9.350000381469727,8.550000190734863,9.25,9.25,250087,BRFL.NS
2020-08-04,9.5,9.5,8.800000190734863,8.899999618530273,8.899999618530273,82546,BRFL.NS
2020-08-05,8.5,9.199999809265137,8.5,8.699999809265137,8.699999809265137,103836,BRFL.NS
2020-08-06,8.350000381469727,9.100000381469727,8.300000190734863,9.0,9.0,142910,BRFL.NS
2020-08-07,8.899999618530273,8.949999809265137,8.550000190734863,8.75,8.75,54629,BRFL.NS
2020-08-10,8.75,9.149999618530273,8.350000381469727,8.949999809265137,8.949999809265137,145861,BRFL.NS
2020-08-11,9.350000381469727,9.350000381469727,8.550000190734863,9.149999618530273,9.149999618530273,138979,BRFL.NS
2020-08-12,9.350000381469727,9.350000381469727,8.75,9.0,9.0,62540,BRFL.NS
2020-08-13,8.850000381469727,9.0,8.75,8.899999618530273,8.899999618530273,46713,BRFL.NS
2020-08-14,9.100000381469727,9.25,8.699999809265137,8.75,8.75,49541,BRFL.NS
2020-08-17,8.850000381469727,9.149999618530273,8.5,9.149999618530273,9.149999618530273,212333,BRFL.NS
2020-08-18,9.399999618530273,9.600000381469727,9.149999618530273,9.600000381469727,9.600000381469727,136849,BRFL.NS
2020-08-19,10.050000190734863,10.050000190734863,10.050000190734863,10.050000190734863,10.050000190734863,34437,BRFL.NS
2020-08-20,10.550000190734863,10.550000190734863,10.550000190734863,10.550000190734863,10.550000190734863,16854,BRFL.NS
2020-08-21,11.050000190734863,11.050000190734863,11.050000190734863,11.050000190734863,11.050000190734863,41977,BRFL.NS
2020-08-24,11.600000381469727,11.600000381469727,10.5,11.600000381469727,11.600000381469727,316649,BRFL.NS
2020-08-25,12.149999618530273,12.149999618530273,11.899999618530273,12.149999618530273,12.149999618530273,126971,BRFL.NS
2020-08-26,12.75,12.75,12.75,12.75,12.75,126650,BRFL.NS
2020-08-27,13.350000381469727,13.350000381469727,13.350000381469727,13.350000381469727,13.350000381469727,34105,BRFL.NS
2020-08-28,14.0,14.0,12.699999809265137,14.0,14.0,928830,BRFL.NS
2020-08-31,14.699999809265137,14.699999809265137,13.300000190734863,14.699999809265137,14.699999809265137,624302,BRFL.NS
2020-09-01,15.25,15.399999618530273,14.649999618530273,15.25,15.25,732073,BRFL.NS
2020-09-02,15.100000381469727,15.100000381469727,14.5,14.5,14.5,530490,BRFL.NS
2020-09-03,14.399999618530273,15.199999809265137,13.850000381469727,15.149999618530273,15.149999618530273,597508,BRFL.NS
2020-09-04,15.149999618530273,15.199999809265137,14.399999618530273,14.399999618530273,14.399999618530273,335019,BRFL.NS
2020-09-07,14.050000190734863,14.800000190734863,13.699999809265137,13.699999809265137,13.699999809265137,213604,BRFL.NS
2020-09-08,13.699999809265137,13.75,13.050000190734863,13.050000190734863,13.050000190734863,217528,BRFL.NS
2020-09-09,12.449999809265137,12.449999809265137,12.399999618530273,12.399999618530273,12.399999618530273,41795,BRFL.NS
2020-09-10,12.0,12.649999618530273,11.800000190734863,11.800000190734863,11.800000190734863,46428,BRFL.NS
2020-09-11,11.550000190734863,12.350000381469727,11.25,11.25,11.25,174722,BRFL.NS
2020-09-14,11.75,11.800000190734863,11.25,11.800000190734863,11.800000190734863,110397,BRFL.NS
2020-09-15,12.350000381469727,12.350000381469727,11.850000381469727,12.350000381469727,12.350000381469727,135463,BRFL.NS
2020-09-16,12.949999809265137,12.949999809265137,11.75,11.800000190734863,11.800000190734863,106393,BRFL.NS
2020-09-17,11.800000190734863,12.25,11.449999809265137,11.850000381469727,11.850000381469727,104535,BRFL.NS
2020-09-18,11.850000381469727,12.399999618530273,11.300000190734863,11.350000381469727,11.350000381469727,80177,BRFL.NS
2020-09-21,11.899999618530273,11.899999618530273,10.800000190734863,10.800000190734863,10.800000190734863,50767,BRFL.NS
2020-09-22,10.300000190734863,10.300000190734863,10.300000190734863,10.300000190734863,10.300000190734863,18925,BRFL.NS
2020-09-23,9.800000190734863,9.800000190734863,9.800000190734863,9.800000190734863,9.800000190734863,60570,BRFL.NS
2020-09-24,9.350000381469727,9.350000381469727,9.350000381469727,9.350000381469727,9.350000381469727,22153,BRFL.NS
2020-09-25,8.899999618530273,9.800000190734863,8.899999618530273,9.649999618530273,9.649999618530273,123416,BRFL.NS
2020-09-28,9.75,10.100000381469727,9.75,10.100000381469727,10.100000381469727,83686,BRFL.NS
2020-09-29,10.100000381469727,10.399999618530273,9.800000190734863,9.850000381469727,9.850000381469727,14926,BRFL.NS
2020-09-30,9.850000381469727,10.300000190734863,9.550000190734863,10.199999809265137,10.199999809265137,50090,BRFL.NS
2020-10-01,10.399999618530273,10.600000381469727,9.699999809265137,9.850000381469727,9.850000381469727,21642,BRFL.NS
2020-10-05,10.25,10.300000190734863,9.5,9.75,9.75,46613,BRFL.NS
2020-10-06,9.75,10.0,9.399999618530273,9.800000190734863,9.800000190734863,29380,BRFL.NS
2020-10-07,9.75,9.75,9.350000381469727,9.350000381469727,9.350000381469727,48802,BRFL.NS
2020-10-08,9.25,9.350000381469727,8.899999618530273,9.199999809265137,9.199999809265137,65833,BRFL.NS
2020-10-09,9.449999809265137,9.550000190734863,8.949999809265137,9.350000381469727,9.350000381469727,32940,BRFL.NS
2020-10-12,9.399999618530273,9.550000190734863,9.0,9.0,9.0,20773,BRFL.NS
2020-10-13,9.0,9.449999809265137,8.800000190734863,8.949999809265137,8.949999809265137,19912,BRFL.NS
2020-10-14,8.899999618530273,9.350000381469727,8.699999809265137,8.75,8.75,13843,BRFL.NS
2020-10-15,9.0,9.0,8.399999618530273,8.5,8.5,40192,BRFL.NS
2020-10-16,8.350000381469727,8.850000381469727,8.100000381469727,8.399999618530273,8.399999618530273,92185,BRFL.NS
2020-10-19,8.800000190734863,8.800000190734863,8.0,8.300000190734863,8.300000190734863,89986,BRFL.NS
2020-10-20,8.300000190734863,8.449999809265137,8.0,8.25,8.25,23435,BRFL.NS
2020-10-21,8.300000190734863,8.649999618530273,8.300000190734863,8.649999618530273,8.649999618530273,44578,BRFL.NS
2020-10-22,9.050000190734863,9.050000190734863,8.350000381469727,9.050000190734863,9.050000190734863,55897,BRFL.NS
2020-10-23,9.449999809265137,9.5,9.100000381469727,9.5,9.5,27467,BRFL.NS
2020-10-26,9.949999809265137,9.949999809265137,9.300000190734863,9.550000190734863,9.550000190734863,34513,BRFL.NS
2020-10-27,9.550000190734863,10.0,9.199999809265137,9.899999618530273,9.899999618530273,88366,BRFL.NS
2020-10-28,9.899999618530273,10.0,9.550000190734863,9.899999618530273,9.899999618530273,15904,BRFL.NS
2020-10-29,10.050000190734863,10.050000190734863,9.449999809265137,9.649999618530273,9.649999618530273,50353,BRFL.NS
2020-10-30,9.5,9.5,9.199999809265137,9.449999809265137,9.449999809265137,14177,BRFL.NS
2020-11-02,9.600000381469727,9.600000381469727,9.0,9.050000190734863,9.050000190734863,14312,BRFL.NS
2020-11-03,8.899999618530273,9.5,8.75,9.149999618530273,9.149999618530273,14127,BRFL.NS
2020-11-04,9.399999618530273,9.399999618530273,8.699999809265137,8.899999618530273,8.899999618530273,24534,BRFL.NS
2020-11-05,8.699999809265137,9.0,8.550000190734863,8.75,8.75,13840,BRFL.NS
2020-11-06,8.75,8.949999809265137,8.600000381469727,8.850000381469727,8.850000381469727,17634,BRFL.NS
2020-11-09,8.949999809265137,8.949999809265137,8.449999809265137,8.850000381469727,8.850000381469727,35471,BRFL.NS
2020-11-10,8.5,9.25,8.5,9.0,9.0,58321,BRFL.NS
2020-11-11,8.850000381469727,9.350000381469727,8.649999618530273,9.149999618530273,9.149999618530273,45172,BRFL.NS
2020-11-12,9.149999618530273,9.5,8.899999618530273,9.100000381469727,9.100000381469727,14827,BRFL.NS
2020-11-13,9.149999618530273,9.300000190734863,8.850000381469727,9.25,9.25,17115,BRFL.NS
2020-11-14,9.25,9.550000190734863,9.25,9.399999618530273,9.399999618530273,28258,BRFL.NS
2020-11-17,9.600000381469727,9.600000381469727,8.949999809265137,9.0,9.0,81973,BRFL.NS
2020-11-18,9.0,9.350000381469727,8.600000381469727,9.149999618530273,9.149999618530273,135579,BRFL.NS
2020-11-19,9.350000381469727,9.550000190734863,9.0,9.399999618530273,9.399999618530273,40991,BRFL.NS
2020-11-20,9.600000381469727,9.850000381469727,9.199999809265137,9.850000381469727,9.850000381469727,81469,BRFL.NS
2020-11-23,10.300000190734863,10.300000190734863,10.300000190734863,10.300000190734863,10.300000190734863,22942,BRFL.NS
2020-11-24,10.699999809265137,10.800000190734863,10.699999809265137,10.800000190734863,10.800000190734863,161970,BRFL.NS
2020-11-25,11.25,11.300000190734863,11.100000381469727,11.300000190734863,11.300000190734863,164086,BRFL.NS
2020-11-26,11.850000381469727,11.850000381469727,11.0,11.25,11.25,190820,BRFL.NS
2020-11-27,11.399999618530273,11.399999618530273,10.699999809265137,10.800000190734863,10.800000190734863,111165,BRFL.NS
2020-12-01,10.300000190734863,10.300000190734863,10.300000190734863,10.300000190734863,10.300000190734863,58859,BRFL.NS
2020-12-02,9.800000190734863,9.800000190734863,9.800000190734863,9.800000190734863,9.800000190734863,68828,BRFL.NS
2020-12-03,9.350000381469727,10.25,9.350000381469727,10.050000190734863,10.050000190734863,245958,BRFL.NS
2020-12-04,10.300000190734863,10.350000381469727,9.600000381469727,9.800000190734863,9.800000190734863,131756,BRFL.NS
2020-12-07,10.25,10.75,9.800000190734863,10.649999618530273,10.649999618530273,210823,BRFL.NS
2020-12-08,11.399999618530273,11.600000381469727,10.199999809265137,10.449999809265137,10.449999809265137,113388,BRFL.NS
2020-12-09,10.800000190734863,11.449999809265137,10.25,11.25,11.25,175508,BRFL.NS
2020-12-10,12.0,12.25,11.100000381469727,11.949999809265137,11.949999809265137,175988,BRFL.NS
2020-12-11,12.199999809265137,12.699999809265137,12.0,12.300000190734863,12.300000190734863,158835,BRFL.NS
2020-12-14,12.300000190734863,13.5,11.75,13.300000190734863,13.300000190734863,212024,BRFL.NS
2020-12-15,13.600000381469727,14.600000381469727,13.300000190734863,14.399999618530273,14.399999618530273,717173,BRFL.NS
2020-12-16,14.850000381469727,14.850000381469727,13.699999809265137,13.699999809265137,13.699999809265137,239027,BRFL.NS
2020-12-17,14.100000381469727,14.350000381469727,13.050000190734863,13.199999809265137,13.199999809265137,303800,BRFL.NS
2020-12-18,13.300000190734863,13.850000381469727,12.550000190734863,13.5,13.5,251709,BRFL.NS
2020-12-21,13.350000381469727,14.149999618530273,12.850000381469727,13.149999618530273,13.149999618530273,321960,BRFL.NS
2020-12-22,12.800000190734863,13.800000190734863,12.5,13.600000381469727,13.600000381469727,336615,BRFL.NS
2020-12-23,13.800000190734863,14.25,13.199999809265137,13.850000381469727,13.850000381469727,286694,BRFL.NS
2020-12-24,14.199999809265137,14.199999809265137,13.300000190734863,13.449999809265137,13.449999809265137,177335,BRFL.NS
2020-12-28,13.300000190734863,13.800000190734863,13.100000381469727,13.300000190734863,13.300000190734863,162051,BRFL.NS
2020-12-29,13.300000190734863,13.300000190734863,12.649999618530273,12.699999809265137,12.699999809265137,186544,BRFL.NS
2020-12-30,12.899999618530273,12.899999618530273,12.100000381469727,12.100000381469727,12.100000381469727,310432,BRFL.NS
2020-12-31,12.0,12.199999809265137,11.5,11.5,11.5,259416,BRFL.NS
2021-01-01,11.649999618530273,12.050000190734863,11.100000381469727,12.050000190734863,12.050000190734863,164559,BRFL.NS
2021-01-04,12.5,12.649999618530273,11.699999809265137,12.399999618530273,12.399999618530273,253968,BRFL.NS
2021-01-05,12.399999618530273,12.949999809265137,12.350000381469727,12.649999618530273,12.649999618530273,162714,BRFL.NS
2021-01-06,12.75,12.800000190734863,12.050000190734863,12.149999618530273,12.149999618530273,253943,BRFL.NS
2021-01-07,12.100000381469727,12.550000190734863,12.050000190734863,12.449999809265137,12.449999809265137,252976,BRFL.NS
2021-01-08,12.699999809265137,12.75,11.850000381469727,12.0,12.0,230905,BRFL.NS
2021-01-11,11.600000381469727,12.300000190734863,11.550000190734863,11.850000381469727,11.850000381469727,80658,BRFL.NS
2021-01-12,11.850000381469727,12.399999618530273,11.550000190734863,11.899999618530273,11.899999618530273,282810,BRFL.NS
2021-01-13,12.149999618530273,12.149999618530273,11.399999618530273,11.550000190734863,11.550000190734863,172433,BRFL.NS
2021-01-14,11.899999618530273,12.100000381469727,11.449999809265137,11.75,11.75,137366,BRFL.NS
2021-01-15,12.0,12.0,11.449999809265137,11.600000381469727,11.600000381469727,97792,BRFL.NS
2021-01-18,11.899999618530273,11.899999618530273,11.449999809265137,11.649999618530273,11.649999618530273,36011,BRFL.NS
2021-01-19,11.800000190734863,11.800000190734863,11.399999618530273,11.5,11.5,40684,BRFL.NS
2021-01-20,11.75,11.75,10.949999809265137,11.100000381469727,11.100000381469727,166681,BRFL.NS
2021-01-21,11.100000381469727,11.25,10.550000190734863,11.0,11.0,121596,BRFL.NS
2021-01-22,10.699999809265137,11.5,10.699999809265137,11.0,11.0,63916,BRFL.NS
2021-01-25,11.25,11.550000190734863,10.850000381469727,11.0,11.0,88586,BRFL.NS
2021-01-27,10.800000190734863,11.5,10.600000381469727,11.300000190734863,11.300000190734863,141383,BRFL.NS
2021-01-28,11.449999809265137,11.5,11.050000190734863,11.25,11.25,42574,BRFL.NS
2021-01-29,11.399999618530273,11.800000190734863,10.949999809265137,11.699999809265137,11.699999809265137,424197,BRFL.NS
2021-02-01,11.350000381469727,12.149999618530273,11.350000381469727,12.0,12.0,218373,BRFL.NS
2021-02-02,12.199999809265137,12.25,11.399999618530273,11.850000381469727,11.850000381469727,262553,BRFL.NS
2021-02-03,11.850000381469727,12.199999809265137,11.300000190734863,11.350000381469727,11.350000381469727,256051,BRFL.NS
2021-02-04,11.0,11.199999809265137,10.899999618530273,11.0,11.0,82830,BRFL.NS
2021-02-05,11.0,11.5,10.949999809265137,11.399999618530273,11.399999618530273,123437,BRFL.NS
2021-02-08,11.550000190734863,11.550000190734863,10.899999618530273,11.0,11.0,77245,BRFL.NS
2021-02-09,11.300000190734863,11.300000190734863,10.75,10.899999618530273,10.899999618530273,94939,BRFL.NS
2021-02-10,11.100000381469727,11.100000381469727,10.699999809265137,10.949999809265137,10.949999809265137,71400,BRFL.NS
2021-02-11,10.949999809265137,10.949999809265137,10.600000381469727,10.75,10.75,69164,BRFL.NS
2021-02-12,10.899999618530273,11.149999618530273,10.550000190734863,10.800000190734863,10.800000190734863,48455,BRFL.NS
2021-02-15,11.050000190734863,11.050000190734863,10.399999618530273,10.5,10.5,55704,BRFL.NS
2021-02-16,10.600000381469727,10.600000381469727,10.0,10.050000190734863,10.050000190734863,135901,BRFL.NS
2021-02-17,10.050000190734863,10.199999809265137,9.699999809265137,10.050000190734863,10.050000190734863,117551,BRFL.NS
2021-02-18,9.949999809265137,10.199999809265137,9.550000190734863,9.550000190734863,9.550000190734863,348181,BRFL.NS
2021-02-19,9.199999809265137,9.699999809265137,9.100000381469727,9.100000381469727,9.100000381469727,353469,BRFL.NS
2021-02-22,8.699999809265137,9.25,8.649999618530273,8.649999618530273,8.649999618530273,174274,BRFL.NS
2021-02-23,8.649999618530273,9.050000190734863,8.25,9.050000190734863,9.050000190734863,142154,BRFL.NS
2021-02-24,9.449999809265137,9.449999809265137,8.600000381469727,8.600000381469727,8.600000381469727,637367,BRFL.NS
2021-02-25,8.600000381469727,8.649999618530273,8.199999809265137,8.199999809265137,8.199999809265137,288130,BRFL.NS
2021-02-26,7.800000190734863,8.600000381469727,7.800000190734863,8.600000381469727,8.600000381469727,279275,BRFL.NS
2021-03-01,8.699999809265137,9.0,8.5,9.0,9.0,284673,BRFL.NS
2021-03-02,9.0,9.449999809265137,9.0,9.449999809265137,9.449999809265137,147516,BRFL.NS
2021-03-03,9.899999618530273,9.899999618530273,9.0,9.0,9.0,444623,BRFL.NS
2021-03-04,8.550000190734863,8.800000190734863,8.550000190734863,8.550000190734863,8.550000190734863,610145,BRFL.NS
2021-03-05,8.850000381469727,8.899999618530273,8.149999618530273,8.149999618530273,8.149999618530273,593007,BRFL.NS
2021-03-08,8.199999809265137,8.300000190734863,7.75,7.800000190734863,7.800000190734863,1046965,BRFL.NS
2021-03-09,7.949999809265137,8.149999618530273,7.699999809265137,8.149999618530273,8.149999618530273,718047,BRFL.NS
2021-03-10,8.199999809265137,8.350000381469727,7.800000190734863,8.050000190734863,8.050000190734863,273038,BRFL.NS
2021-03-12,8.100000381469727,8.25,7.650000095367432,7.699999809265137,7.699999809265137,1681572,BRFL.NS
2021-03-15,7.849999904632568,7.849999904632568,7.349999904632568,7.5,7.5,274039,BRFL.NS
2021-03-16,7.25,7.699999809265137,7.25,7.550000190734863,7.550000190734863,381160,BRFL.NS
2021-03-17,7.699999809265137,7.900000095367432,7.400000095367432,7.699999809265137,7.699999809265137,459325,BRFL.NS
2021-03-18,7.849999904632568,7.900000095367432,7.5,7.699999809265137,7.699999809265137,172814,BRFL.NS
2021-03-19,7.849999904632568,7.849999904632568,7.349999904632568,7.449999809265137,7.449999809265137,609887,BRFL.NS
2021-03-22,7.599999904632568,7.800000190734863,7.199999809265137,7.75,7.75,211847,BRFL.NS
2021-03-23,7.75,7.949999809265137,7.5,7.5,7.5,218816,BRFL.NS
2021-03-24,7.75,7.75,7.5,7.550000190734863,7.550000190734863,54816,BRFL.NS
2021-03-25,7.699999809265137,7.699999809265137,7.199999809265137,7.349999904632568,7.349999904632568,353149,BRFL.NS
2021-03-26,7.349999904632568,7.550000190734863,7.25,7.449999809265137,7.449999809265137,181400,BRFL.NS
2021-03-30,7.25,7.599999904632568,7.099999904632568,7.099999904632568,7.099999904632568,253759,BRFL.NS
2021-03-31,7.099999904632568,7.099999904632568,6.75,6.75,6.75,359999,BRFL.NS
2021-04-01,6.650000095367432,7.050000190734863,6.650000095367432,7.050000190734863,7.050000190734863,241319,BRFL.NS
2021-04-05,7.300000190734863,7.300000190734863,6.800000190734863,7.050000190734863,7.050000190734863,126195,BRFL.NS
2021-04-06,7.0,7.400000095367432,6.849999904632568,7.050000190734863,7.050000190734863,263457,BRFL.NS
2021-04-07,7.050000190734863,7.300000190734863,6.900000095367432,7.099999904632568,7.099999904632568,42104,BRFL.NS
2021-04-08,7.099999904632568,7.599999904632568,7.0,7.349999904632568,7.349999904632568,173221,BRFL.NS
2021-04-09,7.5,7.5,7.050000190734863,7.300000190734863,7.300000190734863,88123,BRFL.NS
2021-04-12,7.449999809265137,7.449999809265137,6.599999904632568,6.849999904632568,6.849999904632568,185100,BRFL.NS
2021-04-13,7.150000095367432,7.150000095367432,6.800000190734863,7.0,7.0,32741,BRFL.NS
2021-04-15,7.050000190734863,7.099999904632568,6.699999809265137,6.849999904632568,6.849999904632568,66874,BRFL.NS
2021-04-16,7.0,7.300000190734863,6.699999809265137,6.849999904632568,6.849999904632568,145759,BRFL.NS
2021-04-19,7.099999904632568,7.099999904632568,6.449999809265137,6.849999904632568,6.849999904632568,129600,BRFL.NS
2021-04-20,7.099999904632568,7.099999904632568,6.25,6.599999904632568,6.599999904632568,118449,BRFL.NS
2021-04-22,6.599999904632568,7.0,6.599999904632568,6.75,6.75,88601,BRFL.NS
2021-04-23,6.75,6.949999809265137,6.75,6.800000190734863,6.800000190734863,42079,BRFL.NS
2021-04-26,6.699999809265137,7.050000190734863,6.699999809265137,6.800000190734863,6.800000190734863,92988,BRFL.NS
2021-04-27,6.900000095367432,6.949999809265137,6.75,6.900000095367432,6.900000095367432,37651,BRFL.NS
2021-04-28,6.900000095367432,7.050000190734863,6.800000190734863,7.0,7.0,115687,BRFL.NS
2021-04-29,7.25,7.25,6.900000095367432,6.949999809265137,6.949999809265137,76757,BRFL.NS
2021-04-30,6.900000095367432,7.300000190734863,6.699999809265137,7.099999904632568,7.099999904632568,97760,BRFL.NS
2021-05-03,7.199999809265137,7.300000190734863,6.849999904632568,7.25,7.25,75699,BRFL.NS
2021-05-04,7.25,7.349999904632568,7.050000190734863,7.199999809265137,7.199999809265137,106527,BRFL.NS
2021-05-05,7.349999904632568,7.5,7.199999809265137,7.25,7.25,85687,BRFL.NS
2021-05-06,7.199999809265137,7.349999904632568,6.75,7.25,7.25,98252,BRFL.NS
2021-05-07,7.400000095367432,7.400000095367432,6.949999809265137,7.099999904632568,7.099999904632568,210828,BRFL.NS
2021-05-10,7.25,7.25,6.800000190734863,7.050000190734863,7.050000190734863,164487,BRFL.NS
2021-05-11,7.050000190734863,7.150000095367432,6.849999904632568,6.900000095367432,6.900000095367432,384407,BRFL.NS
2021-05-12,7.050000190734863,7.300000190734863,6.900000095367432,6.900000095367432,6.900000095367432,413351,BRFL.NS
2021-05-14,7.0,7.099999904632568,6.900000095367432,6.949999809265137,6.949999809265137,221445,BRFL.NS
2021-05-17,7.050000190734863,7.400000095367432,6.900000095367432,6.949999809265137,6.949999809265137,700177,BRFL.NS
2021-05-18,7.150000095367432,7.150000095367432,6.800000190734863,6.849999904632568,6.849999904632568,440257,BRFL.NS
2021-05-19,6.900000095367432,6.949999809265137,6.800000190734863,6.849999904632568,6.849999904632568,245982,BRFL.NS
2021-05-20,6.900000095367432,6.949999809265137,6.699999809265137,6.75,6.75,280652,BRFL.NS
2021-05-21,6.900000095367432,6.900000095367432,6.650000095367432,6.75,6.75,188347,BRFL.NS
2021-05-24,6.900000095367432,6.900000095367432,6.699999809265137,6.800000190734863,6.800000190734863,180674,BRFL.NS
2021-05-25,6.699999809265137,6.900000095367432,6.699999809265137,6.699999809265137,6.699999809265137,279050,BRFL.NS
2021-05-26,6.849999904632568,7.0,6.650000095367432,6.75,6.75,430843,BRFL.NS
2021-05-27,6.800000190734863,7.0,6.650000095367432,6.75,6.75,798838,BRFL.NS
2021-05-28,6.900000095367432,6.900000095367432,6.650000095367432,6.650000095367432,6.650000095367432,354446,BRFL.NS
2021-05-31,6.75,6.800000190734863,6.599999904632568,6.699999809265137,6.699999809265137,342882,BRFL.NS
2021-06-01,6.699999809265137,6.800000190734863,6.400000095367432,6.5,6.5,478265,BRFL.NS
2021-06-02,6.5,7.150000095367432,6.300000190734863,6.650000095367432,6.650000095367432,1288606,BRFL.NS
2021-06-03,6.800000190734863,6.800000190734863,6.400000095367432,6.449999809265137,6.449999809265137,1242320,BRFL.NS
2021-06-04,6.550000190734863,7.0,6.449999809265137,6.900000095367432,6.900000095367432,745361,BRFL.NS
2021-06-07,7.25,7.849999904632568,7.199999809265137,7.650000095367432,7.650000095367432,3009604,BRFL.NS
2021-06-08,8.100000381469727,8.100000381469727,7.25,7.400000095367432,7.400000095367432,2253425,BRFL.NS
2021-06-09,7.5,7.5,6.800000190734863,6.900000095367432,6.900000095367432,2410779,BRFL.NS
2021-06-10,7.050000190734863,8.25,7.0,8.25,8.25,4297835,BRFL.NS
2021-06-11,8.899999618530273,9.25,8.300000190734863,8.399999618530273,8.399999618530273,8239043,BRFL.NS
2021-06-14,8.449999809265137,8.550000190734863,7.699999809265137,7.949999809265137,7.949999809265137,2774039,BRFL.NS
2021-06-15,8.0,9.5,7.800000190734863,9.149999618530273,9.149999618530273,6159367,BRFL.NS
2021-06-16,9.550000190734863,9.699999809265137,8.699999809265137,9.100000381469727,9.100000381469727,2560881,BRFL.NS
2021-06-17,8.949999809265137,9.449999809265137,8.600000381469727,8.949999809265137,8.949999809265137,1758433,BRFL.NS
2021-06-18,9.149999618530273,9.800000190734863,8.5,9.399999618530273,9.399999618530273,3063807,BRFL.NS
2021-06-21,9.199999809265137,10.899999618530273,8.949999809265137,10.649999618530273,10.649999618530273,5110456,BRFL.NS
2021-06-22,11.149999618530273,12.75,10.850000381469727,12.75,12.75,9152047,BRFL.NS
2021-06-23,13.0,13.399999618530273,11.5,11.5,11.5,7481810,BRFL.NS
2021-06-24,11.449999809265137,12.300000190734863,10.600000381469727,12.199999809265137,12.199999809265137,4780491,BRFL.NS
2021-06-25,12.399999618530273,12.399999618530273,11.600000381469727,11.649999618530273,11.649999618530273,1627460,BRFL.NS
2021-06-28,11.600000381469727,11.899999618530273,11.100000381469727,11.100000381469727,11.100000381469727,1779107,BRFL.NS
2021-06-29,11.300000190734863,11.300000190734863,10.550000190734863,10.649999618530273,10.649999618530273,2705427,BRFL.NS
2021-06-30,10.699999809265137,11.149999618530273,10.25,10.449999809265137,10.449999809265137,1914608,BRFL.NS
2021-07-01,10.649999618530273,10.949999809265137,10.0,10.449999809265137,10.449999809265137,424629,BRFL.NS
2021-07-02,10.449999809265137,10.850000381469727,10.100000381469727,10.399999618530273,10.399999618530273,449746,BRFL.NS
2021-07-05,10.550000190734863,10.899999618530273,10.399999618530273,10.899999618530273,10.899999618530273,680834,BRFL.NS
2021-07-06,10.949999809265137,11.399999618530273,10.649999618530273,10.899999618530273,10.899999618530273,971716,BRFL.NS
2021-07-07,10.449999809265137,11.050000190734863,10.399999618530273,10.5,10.5,761744,BRFL.NS
2021-07-08,10.550000190734863,10.800000190734863,10.050000190734863,10.300000190734863,10.300000190734863,500895,BRFL.NS
2021-07-09,10.25,10.800000190734863,10.0,10.649999618530273,10.649999618530273,394222,BRFL.NS
2021-07-12,11.0,11.149999618530273,10.300000190734863,10.800000190734863,10.800000190734863,1196848,BRFL.NS
2021-07-13,11.0,11.149999618530273,10.600000381469727,10.699999809265137,10.699999809265137,298270,BRFL.NS
2021-07-14,10.899999618530273,11.0,10.5,10.600000381469727,10.600000381469727,327223,BRFL.NS
2021-07-15,11.0,11.0,10.5,10.550000190734863,10.550000190734863,215590,BRFL.NS
2021-07-16,10.699999809265137,10.800000190734863,10.300000190734863,10.449999809265137,10.449999809265137,199019,BRFL.NS
2021-07-19,10.300000190734863,10.600000381469727,10.050000190734863,10.199999809265137,10.199999809265137,266605,BRFL.NS
2021-07-20,10.300000190734863,10.300000190734863,9.75,9.899999618530273,9.899999618530273,353299,BRFL.NS
2021-07-22,10.0,10.350000381469727,9.800000190734863,10.25,10.25,361348,BRFL.NS
2021-07-23,10.5,10.5,9.75,9.800000190734863,9.800000190734863,346098,BRFL.NS
2021-07-26,9.899999618530273,9.899999618530273,9.5,9.649999618530273,9.649999618530273,162262,BRFL.NS
2021-07-27,9.800000190734863,9.899999618530273,9.199999809265137,9.350000381469727,9.350000381469727,337060,BRFL.NS
2021-07-28,9.449999809265137,9.449999809265137,9.0,9.199999809265137,9.199999809265137,212263,BRFL.NS
2021-07-29,9.350000381469727,9.350000381469727,8.75,8.899999618530273,8.899999618530273,305854,BRFL.NS
2021-07-30,8.899999618530273,8.949999809265137,8.550000190734863,8.550000190734863,8.550000190734863,420171,BRFL.NS
2021-08-02,8.199999809265137,8.75,8.199999809265137,8.399999618530273,8.399999618530273,332792,BRFL.NS
2021-08-03,8.600000381469727,8.75,8.100000381469727,8.550000190734863,8.550000190734863,256561,BRFL.NS
2021-08-04,8.5,8.5,8.149999618530273,8.149999618530273,8.149999618530273,501098,BRFL.NS
2021-08-05,7.75,7.75,7.75,7.75,7.75,188726,BRFL.NS
2021-08-06,7.400000095367432,7.900000095367432,7.400000095367432,7.449999809265137,7.449999809265137,685080,BRFL.NS
2021-08-09,7.5,7.800000190734863,7.5,7.800000190734863,7.800000190734863,211935,BRFL.NS
2021-08-10,8.100000381469727,8.149999618530273,7.900000095367432,8.149999618530273,8.149999618530273,121189,BRFL.NS
2021-08-11,8.449999809265137,8.550000190734863,7.75,8.100000381469727,8.100000381469727,273122,BRFL.NS
2021-08-12,8.100000381469727,8.100000381469727,7.800000190734863,7.949999809265137,7.949999809265137,167740,BRFL.NS
2021-08-13,7.849999904632568,8.25,7.75,7.849999904632568,7.849999904632568,134380,BRFL.NS
2021-08-16,8.050000190734863,8.100000381469727,7.5,7.550000190734863,7.550000190734863,220809,BRFL.NS
2021-08-17,7.550000190734863,7.699999809265137,7.199999809265137,7.300000190734863,7.300000190734863,203218,BRFL.NS
2021-08-18,7.300000190734863,7.650000095367432,7.099999904632568,7.5,7.5,146318,BRFL.NS
2021-08-20,7.5,7.699999809265137,7.199999809265137,7.25,7.25,133970,BRFL.NS
2021-08-23,7.449999809265137,7.5,6.949999809265137,7.0,7.0,280746,BRFL.NS
2021-08-24,7.199999809265137,7.199999809265137,6.699999809265137,7.050000190734863,7.050000190734863,282329,BRFL.NS
2021-08-25,7.349999904632568,7.349999904632568,7.0,7.300000190734863,7.300000190734863,68810,BRFL.NS
2021-08-26,7.199999809265137,7.400000095367432,7.150000095367432,7.349999904632568,7.349999904632568,157789,BRFL.NS
2021-08-27,7.300000190734863,7.5,7.0,7.300000190734863,7.300000190734863,194220,BRFL.NS
2021-08-30,7.449999809265137,7.5,7.099999904632568,7.199999809265137,7.199999809265137,70590,BRFL.NS
2021-08-31,7.25,7.400000095367432,7.150000095367432,7.199999809265137,7.199999809265137,44984,BRFL.NS
2021-09-01,7.050000190734863,7.400000095367432,7.050000190734863,7.199999809265137,7.199999809265137,54382,BRFL.NS
2021-09-02,7.199999809265137,7.349999904632568,7.050000190734863,7.199999809265137,7.199999809265137,84078,BRFL.NS
2021-09-03,7.300000190734863,7.300000190734863,6.900000095367432,7.0,7.0,528469,BRFL.NS
2021-09-06,7.0,7.199999809265137,6.849999904632568,6.949999809265137,6.949999809265137,225056,BRFL.NS
2021-09-07,6.949999809265137,7.050000190734863,6.800000190734863,6.849999904632568,6.849999904632568,256825,BRFL.NS
2021-09-08,7.0,7.150000095367432,6.800000190734863,7.0,7.0,292424,BRFL.NS
2021-09-09,7.050000190734863,7.050000190734863,6.900000095367432,6.949999809265137,6.949999809265137,211626,BRFL.NS
2021-09-13,7.099999904632568,7.199999809265137,6.949999809265137,7.0,7.0,356964,BRFL.NS
2021-09-14,6.949999809265137,7.199999809265137,6.949999809265137,6.949999809265137,6.949999809265137,486807,BRFL.NS
2021-09-15,7.150000095367432,7.199999809265137,7.0,7.099999904632568,7.099999904632568,157970,BRFL.NS
2021-09-16,7.0,7.449999809265137,7.0,7.449999809265137,7.449999809265137,334805,BRFL.NS
2021-09-17,7.75,7.75,7.400000095367432,7.449999809265137,7.449999809265137,342440,BRFL.NS
2021-09-20,7.5,7.5,7.199999809265137,7.349999904632568,7.349999904632568,194145,BRFL.NS
2021-09-21,7.349999904632568,7.449999809265137,7.050000190734863,7.25,7.25,121688,BRFL.NS
2021-09-22,7.349999904632568,7.349999904632568,7.099999904632568,7.199999809265137,7.199999809265137,107307,BRFL.NS
2021-09-23,7.349999904632568,7.349999904632568,7.099999904632568,7.150000095367432,7.150000095367432,126923,BRFL.NS
2021-09-24,7.25,7.25,6.800000190734863,7.099999904632568,7.099999904632568,174827,BRFL.NS
2021-09-27,7.099999904632568,7.25,6.949999809265137,7.099999904632568,7.099999904632568,230849,BRFL.NS
2021-09-28,7.050000190734863,7.150000095367432,6.900000095367432,7.050000190734863,7.050000190734863,106308,BRFL.NS
2021-09-29,7.0,7.25,6.900000095367432,7.199999809265137,7.199999809265137,145414,BRFL.NS
2021-09-30,7.300000190734863,7.300000190734863,7.050000190734863,7.099999904632568,7.099999904632568,177117,BRFL.NS
2021-10-01,7.099999904632568,7.199999809265137,7.0,7.099999904632568,7.099999904632568,215135,BRFL.NS
2021-10-04,7.25,7.300000190734863,7.050000190734863,7.150000095367432,7.150000095367432,272195,BRFL.NS
2021-10-05,7.25,7.349999904632568,7.099999904632568,7.25,7.25,298328,BRFL.NS
2021-10-06,7.300000190734863,7.599999904632568,7.300000190734863,7.5,7.5,628413,BRFL.NS
2021-10-07,7.550000190734863,7.650000095367432,7.150000095367432,7.199999809265137,7.199999809265137,612433,BRFL.NS
2021-10-08,7.199999809265137,7.5,7.199999809265137,7.449999809265137,7.449999809265137,369975,BRFL.NS
2021-10-11,7.800000190734863,7.800000190734863,7.300000190734863,7.349999904632568,7.349999904632568,355683,BRFL.NS
2021-10-12,7.349999904632568,7.599999904632568,7.199999809265137,7.25,7.25,803874,BRFL.NS
2021-10-13,7.300000190734863,7.550000190734863,7.150000095367432,7.349999904632568,7.349999904632568,609860,BRFL.NS
2021-10-14,7.400000095367432,7.5,7.150000095367432,7.199999809265137,7.199999809265137,566249,BRFL.NS
2021-10-18,7.349999904632568,7.349999904632568,7.150000095367432,7.199999809265137,7.199999809265137,449285,BRFL.NS
2021-10-19,7.300000190734863,7.400000095367432,7.050000190734863,7.150000095367432,7.150000095367432,565931,BRFL.NS
2021-10-20,7.25,7.25,6.949999809265137,7.050000190734863,7.050000190734863,329401,BRFL.NS
2021-10-21,6.949999809265137,7.150000095367432,6.949999809265137,7.0,7.0,224994,BRFL.NS
2021-10-22,7.150000095367432,7.150000095367432,6.949999809265137,7.0,7.0,248764,BRFL.NS
2021-10-25,7.0,7.0,6.650000095367432,6.699999809265137,6.699999809265137,227922,BRFL.NS
2021-10-26,6.699999809265137,7.0,6.699999809265137,7.0,7.0,84719,BRFL.NS
2021-10-27,7.150000095367432,7.150000095367432,6.849999904632568,6.949999809265137,6.949999809265137,94992,BRFL.NS
2021-10-28,7.099999904632568,7.099999904632568,6.75,6.849999904632568,6.849999904632568,136933,BRFL.NS
2021-10-29,6.849999904632568,6.900000095367432,6.550000190734863,6.550000190734863,6.550000190734863,216467,BRFL.NS
2021-11-01,6.849999904632568,6.849999904632568,6.25,6.849999904632568,6.849999904632568,80436,BRFL.NS
2021-11-02,7.0,7.099999904632568,6.650000095367432,6.949999809265137,6.949999809265137,147617,BRFL.NS
2021-11-03,6.949999809265137,7.099999904632568,6.75,6.900000095367432,6.900000095367432,104035,BRFL.NS
2021-11-04,7.0,7.099999904632568,6.699999809265137,7.050000190734863,7.050000190734863,27002,BRFL.NS
2021-11-08,7.050000190734863,7.050000190734863,6.800000190734863,6.849999904632568,6.849999904632568,93815,BRFL.NS
2021-11-09,6.75,7.0,6.699999809265137,7.0,7.0,59502,BRFL.NS
2021-11-10,7.0,7.0,6.75,6.800000190734863,6.800000190734863,209366,BRFL.NS
2021-11-11,6.949999809265137,6.949999809265137,6.650000095367432,6.849999904632568,6.849999904632568,79395,BRFL.NS
2021-11-12,6.800000190734863,6.800000190734863,6.599999904632568,6.599999904632568,6.599999904632568,236171,BRFL.NS
2021-11-15,6.699999809265137,6.800000190734863,6.400000095367432,6.5,6.5,183798,BRFL.NS
2021-11-16,6.650000095367432,6.699999809265137,6.349999904632568,6.400000095367432,6.400000095367432,112894,BRFL.NS
2021-11-17,6.550000190734863,6.550000190734863,6.25,6.300000190734863,6.300000190734863,92219,BRFL.NS
2021-11-18,6.400000095367432,6.449999809265137,6.099999904632568,6.199999809265137,6.199999809265137,146831,BRFL.NS
2021-11-22,6.400000095367432,6.400000095367432,5.900000095367432,6.150000095367432,6.150000095367432,183890,BRFL.NS
2021-11-23,6.25,6.25,5.900000095367432,6.150000095367432,6.150000095367432,179501,BRFL.NS
2021-11-24,6.300000190734863,6.300000190734863,6.099999904632568,6.199999809265137,6.199999809265137,125440,BRFL.NS
2021-11-25,6.5,6.5,5.949999809265137,6.099999904632568,6.099999904632568,252094,BRFL.NS
2021-11-26,6.199999809265137,6.199999809265137,5.949999809265137,5.949999809265137,5.949999809265137,180158,BRFL.NS
2021-11-29,6.050000190734863,6.099999904632568,5.699999809265137,5.849999904632568,5.849999904632568,259006,BRFL.NS
2021-11-30,5.849999904632568,5.900000095367432,5.599999904632568,5.599999904632568,5.599999904632568,288390,BRFL.NS
2021-12-01,5.650000095367432,5.849999904632568,5.599999904632568,5.75,5.75,299373,BRFL.NS
2021-12-02,5.949999809265137,6.0,5.650000095367432,5.75,5.75,250868,BRFL.NS
2021-12-03,5.75,5.949999809265137,5.75,5.849999904632568,5.849999904632568,206025,BRFL.NS
2021-12-06,6.0,6.0,5.800000190734863,5.849999904632568,5.849999904632568,220974,BRFL.NS
2021-12-07,6.0,6.0,5.75,5.849999904632568,5.849999904632568,275227,BRFL.NS
2021-12-08,6.0,6.099999904632568,5.900000095367432,6.099999904632568,6.099999904632568,74610,BRFL.NS
2021-12-09,6.400000095367432,6.400000095367432,6.349999904632568,6.400000095367432,6.400000095367432,80806,BRFL.NS
2021-12-10,6.699999809265137,6.699999809265137,6.699999809265137,6.699999809265137,6.699999809265137,61992,BRFL.NS
2021-12-13,7.0,7.0,7.0,7.0,7.0,62970,BRFL.NS
2021-12-14,7.349999904632568,7.349999904632568,6.650000095367432,7.199999809265137,7.199999809265137,419372,BRFL.NS
2021-12-15,7.5,7.5,7.0,7.199999809265137,7.199999809265137,340021,BRFL.NS
2021-12-16,7.300000190734863,7.449999809265137,7.0,7.099999904632568,7.099999904632568,212429,BRFL.NS
2021-12-17,7.25,7.25,6.75,6.75,6.75,225066,BRFL.NS
2021-12-20,6.699999809265137,6.75,6.449999809265137,6.599999904632568,6.599999904632568,147771,BRFL.NS
2021-12-21,6.599999904632568,6.900000095367432,6.5,6.900000095367432,6.900000095367432,206955,BRFL.NS
2021-12-22,7.050000190734863,7.199999809265137,6.800000190734863,6.949999809265137,6.949999809265137,147876,BRFL.NS
2021-12-23,7.099999904632568,7.199999809265137,6.849999904632568,6.900000095367432,6.900000095367432,138299,BRFL.NS
2021-12-24,7.050000190734863,7.099999904632568,6.650000095367432,7.0,7.0,140556,BRFL.NS
2021-12-27,7.150000095367432,7.150000095367432,6.849999904632568,7.150000095367432,7.150000095367432,295263,BRFL.NS
2021-12-28,7.0,7.400000095367432,7.0,7.400000095367432,7.400000095367432,476744,BRFL.NS
2021-12-29,7.599999904632568,7.75,7.5,7.699999809265137,7.699999809265137,710657,BRFL.NS
2021-12-30,8.050000190734863,8.050000190734863,7.75,8.050000190734863,8.050000190734863,336439,BRFL.NS
2021-12-31,8.25,8.449999809265137,8.050000190734863,8.449999809265137,8.449999809265137,290538,BRFL.NS
2022-01-03,8.850000381469727,8.850000381469727,8.800000190734863,8.850000381469727,8.850000381469727,290985,BRFL.NS
2022-01-04,9.149999618530273,9.199999809265137,8.449999809265137,8.449999809265137,8.449999809265137,1108630,BRFL.NS
2022-01-05,8.350000381469727,8.350000381469727,8.050000190734863,8.050000190734863,8.050000190734863,165269,BRFL.NS
2022-01-06,7.900000095367432,8.449999809265137,7.650000095367432,8.449999809265137,8.449999809265137,610522,BRFL.NS
2022-01-07,8.800000190734863,8.850000381469727,8.100000381469727,8.5,8.5,563995,BRFL.NS
2022-01-10,8.850000381469727,8.899999618530273,8.350000381469727,8.699999809265137,8.699999809265137,547663,BRFL.NS
2022-01-11,9.0,9.0,8.449999809265137,8.649999618530273,8.649999618530273,483054,BRFL.NS
2022-01-12,8.899999618530273,8.899999618530273,8.25,8.300000190734863,8.300000190734863,520708,BRFL.NS
2022-01-13,8.149999618530273,8.300000190734863,7.900000095367432,8.050000190734863,8.050000190734863,317675,BRFL.NS
2022-01-14,8.149999618530273,8.449999809265137,8.149999618530273,8.449999809265137,8.449999809265137,1466110,BRFL.NS
2022-01-17,8.850000381469727,8.850000381469727,8.649999618530273,8.800000190734863,8.800000190734863,686192,BRFL.NS
2022-01-18,9.0,9.050000190734863,8.399999618530273,8.399999618530273,8.399999618530273,334494,BRFL.NS
2022-01-19,8.0,8.300000190734863,8.0,8.0,8.0,449701,BRFL.NS
2022-01-20,7.900000095367432,8.350000381469727,7.699999809265137,8.25,8.25,365865,BRFL.NS
2022-01-21,8.449999809265137,8.600000381469727,7.900000095367432,8.149999618530273,8.149999618530273,280963,BRFL.NS
2022-01-24,8.0,8.25,7.75,7.75,7.75,395262,BRFL.NS
2022-01-25,7.449999809265137,7.800000190734863,7.400000095367432,7.449999809265137,7.449999809265137,430217,BRFL.NS
2022-01-27,7.449999809265137,7.550000190734863,7.099999904632568,7.349999904632568,7.349999904632568,624277,BRFL.NS
2022-01-28,7.25,7.699999809265137,7.199999809265137,7.400000095367432,7.400000095367432,571022,BRFL.NS
2022-01-31,7.599999904632568,7.75,7.599999904632568,7.699999809265137,7.699999809265137,481471,BRFL.NS
2022-02-01,7.800000190734863,7.849999904632568,7.449999809265137,7.449999809265137,7.449999809265137,319859,BRFL.NS
2022-02-02,7.550000190734863,7.650000095367432,7.300000190734863,7.5,7.5,485008,BRFL.NS
2022-02-03,7.599999904632568,7.650000095367432,7.349999904632568,7.5,7.5,326525,BRFL.NS
2022-02-04,7.75,7.849999904632568,7.5,7.800000190734863,7.800000190734863,332952,BRFL.NS
2022-02-07,8.449999809265137,8.550000190734863,8.300000190734863,8.550000190734863,8.550000190734863,549194,BRFL.NS
2022-02-08,8.899999618530273,9.399999618530273,8.050000190734863,9.300000190734863,9.300000190734863,3973185,BRFL.NS
2022-02-09,9.449999809265137,9.949999809265137,9.300000190734863,9.75,9.75,2812027,BRFL.NS
2022-02-10,9.75,9.899999618530273,9.300000190734863,9.300000190734863,9.300000190734863,955023,BRFL.NS
2022-02-11,8.899999618530273,8.949999809265137,8.850000381469727,8.850000381469727,8.850000381469727,242196,BRFL.NS
2022-02-14,8.449999809265137,8.449999809265137,8.449999809265137,8.449999809265137,8.449999809265137,62436,BRFL.NS
2022-02-15,8.050000190734863,8.350000381469727,8.050000190734863,8.050000190734863,8.050000190734863,256949,BRFL.NS
2022-02-16,7.949999809265137,8.399999618530273,7.650000095367432,7.849999904632568,7.849999904632568,926075,BRFL.NS
2022-02-17,7.800000190734863,8.199999809265137,7.5,7.75,7.75,744024,BRFL.NS
2022-02-18,7.699999809265137,7.849999904632568,7.550000190734863,7.599999904632568,7.599999904632568,428366,BRFL.NS
2022-02-21,7.5,7.599999904632568,7.349999904632568,7.349999904632568,7.349999904632568,478672,BRFL.NS
2022-02-22,7.150000095367432,7.449999809265137,7.0,7.050000190734863,7.050000190734863,266160,BRFL.NS
2022-02-23,7.099999904632568,7.400000095367432,7.099999904632568,7.300000190734863,7.300000190734863,208980,BRFL.NS
2022-02-24,7.0,7.150000095367432,6.949999809265137,6.949999809265137,6.949999809265137,318674,BRFL.NS
2022-02-25,6.900000095367432,7.25,6.900000095367432,7.050000190734863,7.050000190734863,435936,BRFL.NS
2022-02-28,7.050000190734863,7.25,6.800000190734863,7.199999809265137,7.199999809265137,220355,BRFL.NS
2022-03-02,7.25,7.300000190734863,7.050000190734863,7.099999904632568,7.099999904632568,235870,BRFL.NS
2022-03-03,7.050000190734863,7.300000190734863,7.0,7.099999904632568,7.099999904632568,226249,BRFL.NS
2022-03-04,7.099999904632568,7.25,6.900000095367432,6.949999809265137,6.949999809265137,261152,BRFL.NS
2022-03-07,6.849999904632568,7.25,6.699999809265137,7.150000095367432,7.150000095367432,539194,BRFL.NS
2022-03-08,7.150000095367432,7.349999904632568,7.050000190734863,7.25,7.25,232836,BRFL.NS
2022-03-09,7.349999904632568,7.599999904632568,7.349999904632568,7.599999904632568,7.599999904632568,966524,BRFL.NS
2022-03-10,7.800000190734863,7.900000095367432,7.550000190734863,7.599999904632568,7.599999904632568,222790,BRFL.NS
2022-03-11,7.75,7.949999809265137,7.5,7.949999809265137,7.949999809265137,536289,BRFL.NS
2022-03-14,7.900000095367432,8.0,7.599999904632568,7.699999809265137,7.699999809265137,305458,BRFL.NS
2022-03-15,7.800000190734863,7.800000190734863,7.400000095367432,7.5,7.5,201902,BRFL.NS
2022-03-16,7.699999809265137,7.75,7.349999904632568,7.400000095367432,7.400000095367432,154439,BRFL.NS
2022-03-17,7.650000095367432,7.650000095367432,7.349999904632568,7.400000095367432,7.400000095367432,156741,BRFL.NS
2022-03-21,7.400000095367432,7.550000190734863,7.099999904632568,7.199999809265137,7.199999809265137,229316,BRFL.NS
2022-03-22,7.050000190734863,7.349999904632568,7.050000190734863,7.099999904632568,7.099999904632568,167637,BRFL.NS
2022-03-23,7.050000190734863,7.400000095367432,7.0,7.099999904632568,7.099999904632568,415403,BRFL.NS
2022-03-24,7.150000095367432,7.150000095367432,6.949999809265137,7.0,7.0,240040,BRFL.NS
2022-03-25,6.900000095367432,7.099999904632568,6.650000095367432,6.650000095367432,6.650000095367432,685505,BRFL.NS
2022-03-28,6.650000095367432,6.800000190734863,6.449999809265137,6.650000095367432,6.650000095367432,409435,BRFL.NS
2022-03-29,6.75,6.800000190734863,6.400000095367432,6.5,6.5,274160,BRFL.NS
2022-03-30,6.5,6.599999904632568,6.349999904632568,6.400000095367432,6.400000095367432,501979,BRFL.NS
2022-03-31,6.550000190734863,6.550000190734863,6.300000190734863,6.349999904632568,6.349999904632568,295635,BRFL.NS
2022-04-01,6.5,6.650000095367432,6.349999904632568,6.650000095367432,6.650000095367432,274946,BRFL.NS
2022-04-04,6.849999904632568,6.949999809265137,6.349999904632568,6.75,6.75,254604,BRFL.NS
2022-04-05,6.949999809265137,7.050000190734863,6.449999809265137,7.050000190734863,7.050000190734863,216673,BRFL.NS
2022-04-06,7.199999809265137,7.300000190734863,6.900000095367432,7.050000190734863,7.050000190734863,124795,BRFL.NS
2022-04-07,7.199999809265137,7.199999809265137,6.800000190734863,7.050000190734863,7.050000190734863,148011,BRFL.NS
2022-04-08,7.150000095367432,7.150000095367432,6.800000190734863,7.0,7.0,129413,BRFL.NS
2022-04-11,6.900000095367432,7.099999904632568,6.800000190734863,6.949999809265137,6.949999809265137,107000,BRFL.NS
2022-04-12,7.199999809265137,7.199999809265137,6.800000190734863,6.900000095367432,6.900000095367432,103513,BRFL.NS
2022-04-13,7.050000190734863,7.050000190734863,6.75,6.849999904632568,6.849999904632568,90451,BRFL.NS
2022-04-18,6.949999809265137,6.949999809265137,6.650000095367432,6.800000190734863,6.800000190734863,98858,BRFL.NS
2022-04-19,6.800000190734863,6.800000190734863,6.699999809265137,6.75,6.75,90024,BRFL.NS
2022-04-20,6.75,6.900000095367432,6.650000095367432,6.75,6.75,94529,BRFL.NS
2022-04-21,6.650000095367432,6.900000095367432,6.650000095367432,6.699999809265137,6.699999809265137,89074,BRFL.NS
2022-04-22,6.650000095367432,6.75,6.400000095367432,6.650000095367432,6.650000095367432,318681,BRFL.NS
2022-04-25,6.800000190734863,6.800000190734863,6.349999904632568,6.400000095367432,6.400000095367432,240560,BRFL.NS
2022-04-26,6.5,6.5,6.199999809265137,6.300000190734863,6.300000190734863,59560,BRFL.NS
2022-04-27,6.199999809265137,6.449999809265137,6.150000095367432,6.300000190734863,6.300000190734863,142937,BRFL.NS
2022-04-28,6.400000095367432,6.5,6.150000095367432,6.199999809265137,6.199999809265137,125991,BRFL.NS
2022-04-29,6.349999904632568,6.349999904632568,6.099999904632568,6.199999809265137,6.199999809265137,89103,BRFL.NS
2022-05-02,6.050000190734863,6.199999809265137,6.0,6.099999904632568,6.099999904632568,69438,BRFL.NS
2022-05-04,6.199999809265137,6.25,5.949999809265137,6.050000190734863,6.050000190734863,220223,BRFL.NS
2022-05-05,5.949999809265137,6.199999809265137,5.949999809265137,6.050000190734863,6.050000190734863,43373,BRFL.NS
2022-05-06,6.050000190734863,6.150000095367432,5.75,5.800000190734863,5.800000190734863,197768,BRFL.NS
2022-05-09,5.949999809265137,5.949999809265137,5.800000190734863,5.900000095367432,5.900000095367432,51850,BRFL.NS
2022-05-10,5.900000095367432,5.949999809265137,5.849999904632568,5.849999904632568,5.849999904632568,61246,BRFL.NS
2022-05-11,5.949999809265137,5.949999809265137,5.699999809265137,5.800000190734863,5.800000190734863,87409,BRFL.NS
2022-05-12,5.699999809265137,5.900000095367432,5.550000190734863,5.699999809265137,5.699999809265137,67675,BRFL.NS
2022-05-13,5.699999809265137,5.949999809265137,5.449999809265137,5.699999809265137,5.699999809265137,84637,BRFL.NS
2022-05-16,5.650000095367432,5.900000095367432,5.650000095367432,5.849999904632568,5.849999904632568,46109,BRFL.NS
2022-05-17,5.900000095367432,6.0,5.75,5.800000190734863,5.800000190734863,117276,BRFL.NS
2022-05-18,5.900000095367432,5.900000095367432,5.75,5.800000190734863,5.800000190734863,75248,BRFL.NS
2022-05-19,5.800000190734863,5.800000190734863,5.650000095367432,5.699999809265137,5.699999809265137,34555,BRFL.NS
2022-05-20,5.699999809265137,5.949999809265137,5.650000095367432,5.699999809265137,5.699999809265137,140699,BRFL.NS
2022-05-23,5.699999809265137,5.699999809265137,5.699999809265137,5.699999809265137,5.699999809265137,0,BRFL.NS
2022-05-24,5.699999809265137,5.699999809265137,5.699999809265137,5.699999809265137,5.699999809265137,0,BRFL.NS
2022-05-25,5.699999809265137,5.699999809265137,5.699999809265137,5.699999809265137,5.699999809265137,0,BRFL.NS
2022-05-26,5.699999809265137,5.699999809265137,5.699999809265137,5.699999809265137,5.699999809265137,0,BRFL.NS
2022-05-27,5.699999809265137,5.699999809265137,5.699999809265137,5.699999809265137,5.699999809265137,0,BRFL.NS
2022-05-30,5.699999809265137,5.699999809265137,5.699999809265137,5.699999809265137,5.699999809265137,0,BRFL.NS
2022-05-31,5.699999809265137,5.699999809265137,5.699999809265137,5.699999809265137,5.699999809265137,0,BRFL.NS
2022-06-01,5.699999809265137,5.699999809265137,5.699999809265137,5.699999809265137,5.699999809265137,0,BRFL.NS
2022-06-02,5.699999809265137,5.699999809265137,5.699999809265137,5.699999809265137,5.699999809265137,0,BRFL.NS
2022-06-03,5.699999809265137,5.699999809265137,5.699999809265137,5.699999809265137,5.699999809265137,0,BRFL.NS
2022-06-06,5.699999809265137,5.699999809265137,5.699999809265137,5.699999809265137,5.699999809265137,0,BRFL.NS
2022-06-07,5.699999809265137,5.699999809265137,5.699999809265137,5.699999809265137,5.699999809265137,0,BRFL.NS
2022-06-08,5.699999809265137,5.699999809265137,5.699999809265137,5.699999809265137,5.699999809265137,0,BRFL.NS
2022-06-09,5.699999809265137,5.699999809265137,5.699999809265137,5.699999809265137,5.699999809265137,0,BRFL.NS
2022-06-10,5.699999809265137,5.699999809265137,5.699999809265137,5.699999809265137,5.699999809265137,0,BRFL.NS
2022-06-13,5.449999809265137,5.449999809265137,5.449999809265137,5.449999809265137,5.449999809265137,27161,BRFL.NS
2022-06-14,5.449999809265137,5.449999809265137,5.449999809265137,5.449999809265137,5.449999809265137,0,BRFL.NS
2022-06-15,5.449999809265137,5.449999809265137,5.449999809265137,5.449999809265137,5.449999809265137,0,BRFL.NS
2022-06-16,5.449999809265137,5.449999809265137,5.449999809265137,5.449999809265137,5.449999809265137,0,BRFL.NS
2022-06-17,5.449999809265137,5.449999809265137,5.449999809265137,5.449999809265137,5.449999809265137,0,BRFL.NS
2022-06-20,5.199999809265137,5.199999809265137,5.199999809265137,5.199999809265137,5.199999809265137,8571,BRFL.NS
2022-06-21,5.199999809265137,5.199999809265137,5.199999809265137,5.199999809265137,5.199999809265137,0,BRFL.NS
2022-06-22,5.199999809265137,5.199999809265137,5.199999809265137,5.199999809265137,5.199999809265137,0,BRFL.NS
2022-06-23,5.199999809265137,5.199999809265137,5.199999809265137,5.199999809265137,5.199999809265137,0,BRFL.NS
2022-06-24,5.199999809265137,5.199999809265137,5.199999809265137,5.199999809265137,5.199999809265137,0,BRFL.NS
2022-06-27,4.949999809265137,4.949999809265137,4.949999809265137,4.949999809265137,4.949999809265137,65831,BRFL.NS
2022-06-28,4.949999809265137,4.949999809265137,4.949999809265137,4.949999809265137,4.949999809265137,0,BRFL.NS
2022-06-29,4.949999809265137,4.949999809265137,4.949999809265137,4.949999809265137,4.949999809265137,0,BRFL.NS
2022-06-30,4.949999809265137,4.949999809265137,4.949999809265137,4.949999809265137,4.949999809265137,0,BRFL.NS
2022-07-01,4.949999809265137,4.949999809265137,4.949999809265137,4.949999809265137,4.949999809265137,0,BRFL.NS
2022-07-04,4.75,4.75,4.75,4.75,4.75,31509,BRFL.NS
2022-07-05,4.75,4.75,4.75,4.75,4.75,0,BRFL.NS
2022-07-06,4.75,4.75,4.75,4.75,4.75,0,BRFL.NS
2022-07-07,4.75,4.75,4.75,4.75,4.75,0,BRFL.NS
2022-07-08,4.75,4.75,4.75,4.75,4.75,0,BRFL.NS
2022-07-11,4.550000190734863,4.550000190734863,4.550000190734863,4.550000190734863,4.550000190734863,20237,BRFL.NS
2022-07-12,4.550000190734863,4.550000190734863,4.550000190734863,4.550000190734863,4.550000190734863,0,BRFL.NS
2022-07-13,4.550000190734863,4.550000190734863,4.550000190734863,4.550000190734863,4.550000190734863,0,BRFL.NS
2022-07-14,4.550000190734863,4.550000190734863,4.550000190734863,4.550000190734863,4.550000190734863,0,BRFL.NS
2022-07-15,4.550000190734863,4.550000190734863,4.550000190734863,4.550000190734863,4.550000190734863,0,BRFL.NS
2022-07-18,4.349999904632568,4.349999904632568,4.349999904632568,4.349999904632568,4.349999904632568,86362,BRFL.NS
2022-07-19,4.349999904632568,4.349999904632568,4.349999904632568,4.349999904632568,4.349999904632568,0,BRFL.NS
2022-07-20,4.349999904632568,4.349999904632568,4.349999904632568,4.349999904632568,4.349999904632568,0,BRFL.NS
2022-07-21,4.349999904632568,4.349999904632568,4.349999904632568,4.349999904632568,4.349999904632568,0,BRFL.NS
2022-07-22,4.349999904632568,4.349999904632568,4.349999904632568,4.349999904632568,4.349999904632568,0,BRFL.NS
2022-07-25,4.150000095367432,4.150000095367432,4.150000095367432,4.150000095367432,4.150000095367432,24290,BRFL.NS
2022-07-26,4.150000095367432,4.150000095367432,4.150000095367432,4.150000095367432,4.150000095367432,0,BRFL.NS
2022-07-27,4.150000095367432,4.150000095367432,4.150000095367432,4.150000095367432,4.150000095367432,0,BRFL.NS
2022-07-28,4.150000095367432,4.150000095367432,4.150000095367432,4.150000095367432,4.150000095367432,0,BRFL.NS
2022-07-29,4.150000095367432,4.150000095367432,4.150000095367432,4.150000095367432,4.150000095367432,0,BRFL.NS
2022-08-01,3.950000047683716,3.950000047683716,3.950000047683716,3.950000047683716,3.950000047683716,71137,BRFL.NS
2022-08-02,3.950000047683716,3.950000047683716,3.950000047683716,3.950000047683716,3.950000047683716,0,BRFL.NS
2022-08-03,3.950000047683716,3.950000047683716,3.950000047683716,3.950000047683716,3.950000047683716,0,BRFL.NS
2022-08-04,3.950000047683716,3.950000047683716,3.950000047683716,3.950000047683716,3.950000047683716,0,BRFL.NS
2022-08-05,3.950000047683716,3.950000047683716,3.950000047683716,3.950000047683716,3.950000047683716,0,BRFL.NS
2022-08-08,3.799999952316284,3.799999952316284,3.799999952316284,3.799999952316284,3.799999952316284,45240,BRFL.NS
2022-08-10,3.799999952316284,3.799999952316284,3.799999952316284,3.799999952316284,3.799999952316284,0,BRFL.NS
2022-08-11,3.799999952316284,3.799999952316284,3.799999952316284,3.799999952316284,3.799999952316284,0,BRFL.NS
2022-08-12,3.799999952316284,3.799999952316284,3.799999952316284,3.799999952316284,3.799999952316284,0,BRFL.NS
2022-08-16,3.6500000953674316,3.6500000953674316,3.6500000953674316,3.6500000953674316,3.6500000953674316,44383,BRFL.NS
2022-08-17,3.6500000953674316,3.6500000953674316,3.6500000953674316,3.6500000953674316,3.6500000953674316,0,BRFL.NS
2022-08-18,3.6500000953674316,3.6500000953674316,3.6500000953674316,3.6500000953674316,3.6500000953674316,0,BRFL.NS
2022-08-19,3.6500000953674316,3.6500000953674316,3.6500000953674316,3.6500000953674316,3.6500000953674316,0,BRFL.NS
2022-08-22,3.5,3.5,3.5,3.5,3.5,30644,BRFL.NS
2022-08-23,3.5,3.5,3.5,3.5,3.5,0,BRFL.NS
2022-08-24,3.5,3.5,3.5,3.5,3.5,0,BRFL.NS
2022-08-25,3.5,3.5,3.5,3.5,3.5,0,BRFL.NS
2022-08-26,3.5,3.5,3.5,3.5,3.5,0,BRFL.NS
2022-08-29,3.3499999046325684,3.3499999046325684,3.3499999046325684,3.3499999046325684,3.3499999046325684,31466,BRFL.NS
2022-08-30,3.3499999046325684,3.3499999046325684,3.3499999046325684,3.3499999046325684,3.3499999046325684,0,BRFL.NS
2022-09-01,3.3499999046325684,3.3499999046325684,3.3499999046325684,3.3499999046325684,3.3499999046325684,0,BRFL.NS
2022-09-02,3.3499999046325684,3.3499999046325684,3.3499999046325684,3.3499999046325684,3.3499999046325684,0,BRFL.NS
2022-09-05,3.200000047683716,3.200000047683716,3.200000047683716,3.200000047683716,3.200000047683716,82725,BRFL.NS
2022-09-06,3.200000047683716,3.200000047683716,3.200000047683716,3.200000047683716,3.200000047683716,0,BRFL.NS
2022-09-07,3.200000047683716,3.200000047683716,3.200000047683716,3.200000047683716,3.200000047683716,0,BRFL.NS
2022-09-08,3.200000047683716,3.200000047683716,3.200000047683716,3.200000047683716,3.200000047683716,0,BRFL.NS
2022-09-09,3.200000047683716,3.200000047683716,3.200000047683716,3.200000047683716,3.200000047683716,0,BRFL.NS
2022-09-12,3.049999952316284,3.049999952316284,3.049999952316284,3.049999952316284,3.049999952316284,121420,BRFL.NS
2022-09-13,3.049999952316284,3.049999952316284,3.049999952316284,3.049999952316284,3.049999952316284,0,BRFL.NS
2022-09-14,3.049999952316284,3.049999952316284,3.049999952316284,3.049999952316284,3.049999952316284,0,BRFL.NS
2022-09-15,3.049999952316284,3.049999952316284,3.049999952316284,3.049999952316284,3.049999952316284,0,BRFL.NS
2022-09-16,3.049999952316284,3.049999952316284,3.049999952316284,3.049999952316284,3.049999952316284,0,BRFL.NS
2022-09-19,2.9000000953674316,2.9000000953674316,2.9000000953674316,2.9000000953674316,2.9000000953674316,109324,BRFL.NS
2022-09-20,2.9000000953674316,2.9000000953674316,2.9000000953674316,2.9000000953674316,2.9000000953674316,0,BRFL.NS
2022-09-21,2.9000000953674316,2.9000000953674316,2.9000000953674316,2.9000000953674316,2.9000000953674316,0,BRFL.NS
2022-09-22,2.9000000953674316,2.9000000953674316,2.9000000953674316,2.9000000953674316,2.9000000953674316,0,BRFL.NS
2022-09-23,2.9000000953674316,2.9000000953674316,2.9000000953674316,2.9000000953674316,2.9000000953674316,0,BRFL.NS
2022-09-26,2.799999952316284,2.799999952316284,2.799999952316284,2.799999952316284,2.799999952316284,49591,BRFL.NS
2022-09-27,2.799999952316284,2.799999952316284,2.799999952316284,2.799999952316284,2.799999952316284,0,BRFL.NS
2022-09-28,2.799999952316284,2.799999952316284,2.799999952316284,2.799999952316284,2.799999952316284,0,BRFL.NS
2022-09-29,2.799999952316284,2.799999952316284,2.799999952316284,2.799999952316284,2.799999952316284,0,BRFL.NS
2022-09-30,2.799999952316284,2.799999952316284,2.799999952316284,2.799999952316284,2.799999952316284,0,BRFL.NS
2022-10-03,2.700000047683716,2.700000047683716,2.700000047683716,2.700000047683716,2.700000047683716,54450,BRFL.NS
2022-10-04,2.700000047683716,2.700000047683716,2.700000047683716,2.700000047683716,2.700000047683716,0,BRFL.NS
2022-10-06,2.700000047683716,2.700000047683716,2.700000047683716,2.700000047683716,2.700000047683716,0,BRFL.NS
2022-10-07,2.700000047683716,2.700000047683716,2.700000047683716,2.700000047683716,2.700000047683716,0,BRFL.NS
2022-10-10,2.5999999046325684,2.5999999046325684,2.5999999046325684,2.5999999046325684,2.5999999046325684,60554,BRFL.NS
2022-10-11,2.5999999046325684,2.5999999046325684,2.5999999046325684,2.5999999046325684,2.5999999046325684,0,BRFL.NS
2022-10-12,2.5999999046325684,2.5999999046325684,2.5999999046325684,2.5999999046325684,2.5999999046325684,0,BRFL.NS
2022-10-13,2.5999999046325684,2.5999999046325684,2.5999999046325684,2.5999999046325684,2.5999999046325684,0,BRFL.NS
2022-10-14,2.5999999046325684,2.5999999046325684,2.5999999046325684,2.5999999046325684,2.5999999046325684,0,BRFL.NS
2022-10-17,2.5,2.5,2.5,2.5,2.5,85336,BRFL.NS
2022-10-18,2.5,2.5,2.5,2.5,2.5,0,BRFL.NS
2022-10-19,2.5,2.5,2.5,2.5,2.5,0,BRFL.NS
2022-10-20,2.5,2.5,2.5,2.5,2.5,0,BRFL.NS
2022-10-21,2.5,2.5,2.5,2.5,2.5,0,BRFL.NS
2022-10-24,2.4000000953674316,2.4000000953674316,2.4000000953674316,2.4000000953674316,2.4000000953674316,17473,BRFL.NS
2022-10-25,2.4000000953674316,2.4000000953674316,2.4000000953674316,2.4000000953674316,2.4000000953674316,0,BRFL.NS
2022-10-27,2.4000000953674316,2.4000000953674316,2.4000000953674316,2.4000000953674316,2.4000000953674316,0,BRFL.NS
2022-10-28,2.4000000953674316,2.4000000953674316,2.4000000953674316,2.4000000953674316,2.4000000953674316,0,BRFL.NS
2022-10-31,2.299999952316284,2.299999952316284,2.299999952316284,2.299999952316284,2.299999952316284,40255,BRFL.NS
2022-11-01,2.299999952316284,2.299999952316284,2.299999952316284,2.299999952316284,2.299999952316284,0,BRFL.NS
2022-11-02,2.299999952316284,2.299999952316284,2.299999952316284,2.299999952316284,2.299999952316284,0,BRFL.NS
2022-11-03,2.299999952316284,2.299999952316284,2.299999952316284,2.299999952316284,2.299999952316284,0,BRFL.NS
2022-11-04,2.299999952316284,2.299999952316284,2.299999952316284,2.299999952316284,2.299999952316284,0,BRFL.NS
2022-11-07,2.200000047683716,2.200000047683716,2.200000047683716,2.200000047683716,2.200000047683716,58696,BRFL.NS
2022-11-09,2.200000047683716,2.200000047683716,2.200000047683716,2.200000047683716,2.200000047683716,0,BRFL.NS
2022-11-10,2.200000047683716,2.200000047683716,2.200000047683716,2.200000047683716,2.200000047683716,0,BRFL.NS
2022-11-11,2.200000047683716,2.200000047683716,2.200000047683716,2.200000047683716,2.200000047683716,0,BRFL.NS
2022-11-14,2.0999999046325684,2.0999999046325684,2.0999999046325684,2.0999999046325684,2.0999999046325684,71379,BRFL.NS
2022-11-15,2.0999999046325684,2.0999999046325684,2.0999999046325684,2.0999999046325684,2.0999999046325684,0,BRFL.NS
2022-11-16,2.0999999046325684,2.0999999046325684,2.0999999046325684,2.0999999046325684,2.0999999046325684,0,BRFL.NS
2022-11-17,2.0999999046325684,2.0999999046325684,2.0999999046325684,2.0999999046325684,2.0999999046325684,0,BRFL.NS
2022-11-18,2.0999999046325684,2.0999999046325684,2.0999999046325684,2.0999999046325684,2.0999999046325684,0,BRFL.NS
2022-11-21,2.0,2.0,2.0,2.0,2.0,81387,BRFL.NS
2022-11-22,2.0,2.0,2.0,2.0,2.0,0,BRFL.NS
2022-11-23,2.0,2.0,2.0,2.0,2.0,0,BRFL.NS
2022-11-24,2.0,2.0,2.0,2.0,2.0,0,BRFL.NS
2022-11-25,2.0,2.0,2.0,2.0,2.0,0,BRFL.NS
2022-11-28,1.899999976158142,1.899999976158142,1.899999976158142,1.899999976158142,1.899999976158142,68935,BRFL.NS
2022-11-29,1.899999976158142,1.899999976158142,1.899999976158142,1.899999976158142,1.899999976158142,0,BRFL.NS
2022-11-30,1.899999976158142,1.899999976158142,1.899999976158142,1.899999976158142,1.899999976158142,0,BRFL.NS
2022-12-01,1.899999976158142,1.899999976158142,1.899999976158142,1.899999976158142,1.899999976158142,0,BRFL.NS
2022-12-02,1.899999976158142,1.899999976158142,1.899999976158142,1.899999976158142,1.899999976158142,0,BRFL.NS
2022-12-05,1.850000023841858,1.9500000476837158,1.850000023841858,1.9500000476837158,1.9500000476837158,668586,BRFL.NS
2022-12-06,1.9500000476837158,1.9500000476837158,1.9500000476837158,1.9500000476837158,1.9500000476837158,0,BRFL.NS
2022-12-07,1.9500000476837158,1.9500000476837158,1.9500000476837158,1.9500000476837158,1.9500000476837158,0,BRFL.NS
2022-12-08,1.9500000476837158,1.9500000476837158,1.9500000476837158,1.9500000476837158,1.9500000476837158,0,BRFL.NS
2022-12-09,1.9500000476837158,1.9500000476837158,1.9500000476837158,1.9500000476837158,1.9500000476837158,0,BRFL.NS
2022-12-12,1.899999976158142,2.0,1.899999976158142,2.0,2.0,649291,BRFL.NS
2022-12-13,2.0,2.0,2.0,2.0,2.0,0,BRFL.NS
2022-12-14,2.0,2.0,2.0,2.0,2.0,0,BRFL.NS
2022-12-15,2.0,2.0,2.0,2.0,2.0,0,BRFL.NS
2022-12-16,2.0,2.0,2.0,2.0,2.0,0,BRFL.NS
2022-12-19,2.0,2.0,2.0,2.0,2.0,0,BRFL.NS
2022-12-20,2.0,2.0,2.0,2.0,2.0,0,BRFL.NS
2022-12-21,2.0,2.0,2.0,2.0,2.0,0,BRFL.NS
2022-12-22,2.0,2.0,2.0,2.0,2.0,0,BRFL.NS
2022-12-23,2.0,2.0,2.0,2.0,2.0,0,BRFL.NS
2022-12-26,2.0,2.0,2.0,2.0,2.0,0,BRFL.NS
2022-12-27,2.0,2.0,2.0,2.0,2.0,0,BRFL.NS
2022-12-28,2.0,2.0,2.0,2.0,2.0,0,BRFL.NS
2022-12-29,2.0,2.0,2.0,2.0,2.0,0,BRFL.NS
2022-12-30,2.0,2.0,2.0,2.0,2.0,0,BRFL.NS
2023-01-02,2.0,2.0,2.0,2.0,2.0,0,BRFL.NS
2023-01-03,2.0,2.0,2.0,2.0,2.0,0,BRFL.NS
2023-01-04,2.0,2.0,2.0,2.0,2.0,0,BRFL.NS
2023-01-05,2.0,2.0,2.0,2.0,2.0,0,BRFL.NS
2023-01-06,2.0,2.0,2.0,2.0,2.0,0,BRFL.NS
2023-01-09,2.0,2.0,2.0,2.0,2.0,0,BRFL.NS
2023-01-10,2.0,2.0,2.0,2.0,2.0,0,BRFL.NS
2023-01-11,2.0,2.0,2.0,2.0,2.0,0,BRFL.NS
2023-01-12,2.0,2.0,2.0,2.0,2.0,0,BRFL.NS
2023-01-13,2.0,2.0,2.0,2.0,2.0,0,BRFL.NS
2023-01-16,2.0,2.0,2.0,2.0,2.0,0,BRFL.NS
2023-01-17,2.0,2.0,2.0,2.0,2.0,0,BRFL.NS
2023-01-18,2.0,2.0,2.0,2.0,2.0,0,BRFL.NS
2023-01-19,2.0,2.0,2.0,2.0,2.0,0,BRFL.NS
2023-01-20,2.0,2.0,2.0,2.0,2.0,0,BRFL.NS
2023-01-23,2.0,2.0,2.0,2.0,2.0,0,BRFL.NS
2023-01-24,2.0,2.0,2.0,2.0,2.0,0,BRFL.NS
2023-01-25,2.0,2.0,2.0,2.0,2.0,0,BRFL.NS
2023-01-27,2.0,2.0,2.0,2.0,2.0,0,BRFL.NS
2023-01-30,2.0,2.0,2.0,2.0,2.0,0,BRFL.NS
2023-01-31,2.0,2.0,2.0,2.0,2.0,0,BRFL.NS
2023-02-01,2.0,2.0,2.0,2.0,2.0,0,BRFL.NS
2023-02-02,2.0,2.0,2.0,2.0,2.0,0,BRFL.NS
2023-02-03,2.0,2.0,2.0,2.0,2.0,0,BRFL.NS
2023-02-06,2.0,2.0,2.0,2.0,2.0,0,BRFL.NS
2023-02-07,2.0,2.0,2.0,2.0,2.0,0,BRFL.NS
2023-02-08,2.0,2.0,2.0,2.0,2.0,0,BRFL.NS
2023-02-09,2.0,2.0,2.0,2.0,2.0,0,BRFL.NS
2023-02-10,2.0,2.0,2.0,2.0,2.0,0,BRFL.NS
2023-02-13,2.0,2.0,2.0,2.0,2.0,0,BRFL.NS
2023-02-14,2.0,2.0,2.0,2.0,2.0,0,BRFL.NS
2023-02-15,2.0,2.0,2.0,2.0,2.0,0,BRFL.NS
2023-02-16,2.0,2.0,2.0,2.0,2.0,0,BRFL.NS
2023-02-17,2.0,2.0,2.0,2.0,2.0,0,BRFL.NS
2023-02-20,2.0,2.0,2.0,2.0,2.0,0,BRFL.NS
2023-02-21,2.0,2.0,2.0,2.0,2.0,0,BRFL.NS
2023-02-22,2.0,2.0,2.0,2.0,2.0,0,BRFL.NS
2023-02-23,2.0,2.0,2.0,2.0,2.0,0,BRFL.NS
2023-02-24,2.0,2.0,2.0,2.0,2.0,0,BRFL.NS
2023-02-27,2.0,2.0,2.0,2.0,2.0,0,BRFL.NS
2023-02-28,2.0,2.0,2.0,2.0,2.0,0,BRFL.NS
2023-03-01,2.0,2.0,2.0,2.0,2.0,0,BRFL.NS
2023-03-02,2.0,2.0,2.0,2.0,2.0,0,BRFL.NS
2023-03-03,2.0,2.0,2.0,2.0,2.0,0,BRFL.NS
2023-03-06,2.0,2.0,2.0,2.0,2.0,0,BRFL.NS
2023-03-08,2.0,2.0,2.0,2.0,2.0,0,BRFL.NS
2023-03-09,2.0,2.0,2.0,2.0,2.0,0,BRFL.NS
2023-03-10,2.0,2.0,2.0,2.0,2.0,0,BRFL.NS
2023-03-13,2.0,2.0,2.0,2.0,2.0,0,BRFL.NS
2023-03-14,2.0,2.0,2.0,2.0,2.0,0,BRFL.NS
2023-03-15,2.0,2.0,2.0,2.0,2.0,0,BRFL.NS
2023-03-16,2.0,2.0,2.0,2.0,2.0,0,BRFL.NS
2023-03-17,2.0,2.0,2.0,2.0,2.0,0,BRFL.NS
2023-03-20,2.0,2.0,2.0,2.0,2.0,0,BRFL.NS
2023-03-21,2.0,2.0,2.0,2.0,2.0,0,BRFL.NS
2023-03-22,2.0,2.0,2.0,2.0,2.0,0,BRFL.NS
2023-03-23,2.0,2.0,2.0,2.0,2.0,0,BRFL.NS
2023-03-24,2.0,2.0,2.0,2.0,2.0,0,BRFL.NS
2023-03-27,2.0,2.0,2.0,2.0,2.0,0,BRFL.NS
2023-03-28,2.0,2.0,2.0,2.0,2.0,0,BRFL.NS
2023-03-29,2.0,2.0,2.0,2.0,2.0,0,BRFL.NS
2023-03-31,2.0,2.0,2.0,2.0,2.0,0,BRFL.NS
2023-04-03,2.0,2.0,2.0,2.0,2.0,0,BRFL.NS
2023-04-05,2.0,2.0,2.0,2.0,2.0,0,BRFL.NS
2023-04-06,2.0,2.0,2.0,2.0,2.0,0,BRFL.NS
2023-04-10,2.0,2.0,2.0,2.0,2.0,0,BRFL.NS
2023-04-11,2.0,2.0,2.0,2.0,2.0,0,BRFL.NS
2023-04-12,2.0,2.0,2.0,2.0,2.0,0,BRFL.NS
2023-04-13,2.0,2.0,2.0,2.0,2.0,0,BRFL.NS
2023-04-17,2.0,2.0,2.0,2.0,2.0,0,BRFL.NS
2023-04-18,2.0,2.0,2.0,2.0,2.0,0,BRFL.NS
2023-04-19,2.0,2.0,2.0,2.0,2.0,0,BRFL.NS
2023-04-20,2.0,2.0,2.0,2.0,2.0,0,BRFL.NS
2023-04-21,2.0,2.0,2.0,2.0,2.0,0,BRFL.NS
2023-04-24,2.0,2.0,2.0,2.0,2.0,0,BRFL.NS
2023-04-25,2.0,2.0,2.0,2.0,2.0,0,BRFL.NS
2023-04-26,2.0,2.0,2.0,2.0,2.0,0,BRFL.NS
2023-04-27,2.0,2.0,2.0,2.0,2.0,0,BRFL.NS
2023-04-28,2.0,2.0,2.0,2.0,2.0,0,BRFL.NS
2023-05-02,2.0,2.0,2.0,2.0,2.0,0,BRFL.NS
2023-05-03,2.0,2.0,2.0,2.0,2.0,0,BRFL.NS
2023-05-04,2.0,2.0,2.0,2.0,2.0,0,BRFL.NS
2023-05-05,2.0,2.0,2.0,2.0,2.0,0,BRFL.NS
2023-05-08,2.0,2.0,2.0,2.0,2.0,0,BRFL.NS
2023-05-09,2.0,2.0,2.0,2.0,2.0,0,BRFL.NS
2023-05-10,2.0,2.0,2.0,2.0,2.0,0,BRFL.NS
2023-05-11,2.0,2.0,2.0,2.0,2.0,0,BRFL.NS
2023-05-12,2.0,2.0,2.0,2.0,2.0,0,BRFL.NS
2023-05-15,2.0,2.0,2.0,2.0,2.0,0,BRFL.NS
2023-05-16,2.0,2.0,2.0,2.0,2.0,0,BRFL.NS
2023-05-17,2.0,2.0,2.0,2.0,2.0,0,BRFL.NS
2023-05-18,2.0,2.0,2.0,2.0,2.0,0,BRFL.NS
2023-05-19,2.0,2.0,2.0,2.0,2.0,0,BRFL.NS
2023-05-22,2.0,2.0,2.0,2.0,2.0,0,BRFL.NS
2023-05-23,2.0,2.0,2.0,2.0,2.0,0,BRFL.NS
2023-05-24,2.0,2.0,2.0,2.0,2.0,0,BRFL.NS
2023-05-25,2.0,2.0,2.0,2.0,2.0,0,BRFL.NS
2023-05-26,2.0,2.0,2.0,2.0,2.0,0,BRFL.NS
2023-05-29,2.0,2.0,2.0,2.0,2.0,0,BRFL.NS
2023-05-30,2.0,2.0,2.0,2.0,2.0,0,BRFL.NS
2023-05-31,2.0,2.0,2.0,2.0,2.0,0,BRFL.NS
2023-06-01,2.0,2.0,2.0,2.0,2.0,0,BRFL.NS
2023-06-02,2.0,2.0,2.0,2.0,2.0,0,BRFL.NS
2023-06-05,2.0,2.0,2.0,2.0,2.0,0,BRFL.NS
2023-06-06,2.0,2.0,2.0,2.0,2.0,0,BRFL.NS
2023-06-07,2.0,2.0,2.0,2.0,2.0,0,BRFL.NS
2023-06-08,2.0,2.0,2.0,2.0,2.0,0,BRFL.NS
2023-06-09,2.0,2.0,2.0,2.0,2.0,0,BRFL.NS
2023-06-12,2.0,2.0,2.0,2.0,2.0,0,BRFL.NS
2023-06-13,2.0,2.0,2.0,2.0,2.0,0,BRFL.NS
2023-06-14,2.0,2.0,2.0,2.0,2.0,0,BRFL.NS
2023-06-15,2.0,2.0,2.0,2.0,2.0,0,BRFL.NS
2023-06-16,2.0,2.0,2.0,2.0,2.0,0,BRFL.NS
2023-06-19,2.0,2.0,2.0,2.0,2.0,0,BRFL.NS
2023-06-20,2.0,2.0,2.0,2.0,2.0,0,BRFL.NS
2023-06-21,2.0,2.0,2.0,2.0,2.0,0,BRFL.NS
2023-06-22,2.0,2.0,2.0,2.0,2.0,0,BRFL.NS
2023-06-23,2.0,2.0,2.0,2.0,2.0,0,BRFL.NS
2023-06-26,2.0,2.0,2.0,2.0,2.0,0,BRFL.NS
2023-06-27,2.0,2.0,2.0,2.0,2.0,0,BRFL.NS
2023-06-28,2.0,2.0,2.0,2.0,2.0,0,BRFL.NS
2023-06-30,2.0,2.0,2.0,2.0,2.0,0,BRFL.NS
2023-07-03,2.0,2.0,2.0,2.0,2.0,0,BRFL.NS
2023-07-04,2.0,2.0,2.0,2.0,2.0,0,BRFL.NS
2023-07-05,2.0,2.0,2.0,2.0,2.0,0,BRFL.NS
2023-07-06,2.0,2.0,2.0,2.0,2.0,0,BRFL.NS
2023-07-07,2.0,2.0,2.0,2.0,2.0,0,BRFL.NS
2023-07-10,2.0,2.0,2.0,2.0,2.0,0,BRFL.NS
2023-07-11,2.0,2.0,2.0,2.0,2.0,0,BRFL.NS
2023-07-12,2.0,2.0,2.0,2.0,2.0,0,BRFL.NS
2023-07-13,2.0,2.0,2.0,2.0,2.0,0,BRFL.NS
2023-07-14,2.0,2.0,2.0,2.0,2.0,0,BRFL.NS
2023-07-17,2.0,2.0,2.0,2.0,2.0,0,BRFL.NS
2023-07-18,2.0,2.0,2.0,2.0,2.0,0,BRFL.NS
2023-07-19,2.0,2.0,2.0,2.0,2.0,0,BRFL.NS
2023-07-20,2.0,2.0,2.0,2.0,2.0,0,BRFL.NS
2023-07-21,2.0,2.0,2.0,2.0,2.0,0,BRFL.NS
2023-07-24,2.0,2.0,2.0,2.0,2.0,0,BRFL.NS
2023-07-25,2.0,2.0,2.0,2.0,2.0,0,BRFL.NS
2023-07-26,2.0,2.0,2.0,2.0,2.0,0,BRFL.NS
2023-07-27,2.0,2.0,2.0,2.0,2.0,0,BRFL.NS
2023-07-28,2.0,2.0,2.0,2.0,2.0,0,BRFL.NS
